ORDER_ID,CUST_ID,order_dt,region,status
1,3917,2024-09-18,West,completed
2,4076,2025-10-13,Southeast,completed
3,2129,2026-03-09,Southeast,completed
4,1103,2024-06-08,Midwest,completed
5,3201,2024-11-25,Southwest,completed
6,3841,2025-05-26,Midwest,completed
7,3873,2025-04-10,Midwest,completed
8,2235,2025-05-22,Midwest,completed
9,2524,2026-08-14,Southeast,completed
10,2945,2025-01-26,Southwest,completed
11,3618,2024-02-09,Northeast,cancelled
12,4142,2025-09-15,West,completed
13,2671,2026-05-08,Southeast,completed
14,4321,2026-03-13,Southwest,completed
15,911,2025-12-14,Southeast,completed
16,727,2025-02-25,Southwest,completed
17,4299,2024-01-10,Southwest,completed
18,1907,2026-04-26,Southwest,completed
19,1021,2025-06-20,Northeast,completed
20,4389,2025-03-04,West,completed
21,3801,2025-05-28,Northeast,completed
22,3538,2025-11-03,Midwest,completed
23,3625,2025-01-01,Northeast,completed
24,691,2025-11-20,West,completed
25,1901,2024-08-13,Midwest,completed
26,4229,2025-03-08,Northeast,completed
27,4906,2024-01-27,Midwest,completed
28,4870,2024-10-25,Midwest,completed
29,1793,2026-08-09,Midwest,completed
30,1274,2025-07-19,West,completed
31,686,2026-04-22,West,completed
32,4549,2024-03-06,Southwest,completed
33,2980,2026-05-12,Southeast,completed
34,1248,2026-07-18,Midwest,completed
35,3434,2024-11-15,Southwest,completed
36,4486,2024-05-20,Southwest,completed
37,790,2024-12-27,Southwest,completed
38,3558,2025-06-27,Southwest,completed
39,313,2024-06-29,West,completed
40,1952,2026-05-02,Southwest,completed
41,2717,2026-02-04,West,completed
42,931,2026-03-30,Southwest,completed
43,4537,2025-08-23,Southwest,completed
44,3548,2025-02-08,Southeast,completed
45,3581,2026-06-18,Southeast,completed
46,4886,2026-05-05,Southwest,completed
47,4336,2025-08-05,Southeast,completed
48,1560,2026-02-06,Southeast,completed
49,2130,2025-03-04,Southwest,completed
50,4218,2024-02-07,West,completed
51,4408,2025-05-22,Northeast,completed
52,1050,2025-01-21,Midwest,completed
53,438,2025-09-13,Midwest,completed
54,135,2025-01-10,Southwest,returned
55,914,2025-05-06,West,cancelled
56,734,2024-06-23,Southwest,completed
57,3554,2026-07-08,Southeast,completed
58,1262,2024-05-14,Southeast,completed
59,3309,2024-02-01,West,completed
60,4756,2026-08-15,Southeast,completed
61,3831,2024-08-07,Southwest,cancelled
62,4489,2026-05-23,Midwest,completed
63,3801,2024-05-14,Northeast,completed
64,4047,2025-08-06,Southwest,completed
65,3489,2025-06-24,Midwest,completed
66,2013,2024-11-11,Midwest,completed
67,3847,2025-12-03,Northeast,completed
68,2940,2025-02-06,West,completed
69,4167,2025-06-11,Southeast,completed
70,2046,2024-08-26,Southeast,completed
71,3049,2025-08-18,Midwest,completed
72,836,2025-03-10,Midwest,returned
73,1216,2026-06-08,Southwest,returned
74,3805,2025-09-29,Midwest,completed
75,3103,2025-05-07,Midwest,completed
76,723,2024-01-22,Southwest,completed
77,746,2026-01-04,Southwest,completed
78,2227,2025-04-03,Southeast,returned
79,2773,2024-04-18,West,completed
80,3390,2026-01-08,West,completed
81,4272,2026-02-15,Northeast,completed
82,1696,2024-05-17,Southeast,completed
83,2022,2026-01-11,Midwest,completed
84,1583,2024-10-17,Southwest,completed
85,3692,2024-08-19,Midwest,completed
86,38,2025-07-11,Northeast,completed
87,1786,2025-02-11,Southeast,completed
88,3675,2026-08-20,Midwest,completed
89,4216,2026-01-25,West,completed
90,1999,2024-12-22,West,completed
91,1163,2025-08-11,Northeast,completed
92,862,2024-05-29,Midwest,completed
93,1515,2025-06-08,Midwest,completed
94,2885,2025-03-14,Southwest,returned
95,3411,2024-04-22,Southeast,completed
96,357,2024-07-04,Southeast,completed
97,808,2026-01-22,Southwest,completed
98,4345,2024-07-12,Northeast,completed
99,199,2025-10-31,West,completed
100,899,2024-07-19,Midwest,completed
101,4767,2024-05-28,Midwest,completed
102,4509,2024-10-13,Southwest,completed
103,4785,2026-06-03,Southwest,completed
104,2316,2024-10-17,Northeast,completed
105,4639,2025-11-29,West,completed
106,2764,2024-03-02,Midwest,completed
107,2899,2025-10-21,West,completed
108,431,2025-05-22,Midwest,completed
109,1421,2024-11-04,Southwest,completed
110,4041,2024-08-14,Southwest,completed
111,775,2024-05-03,Southwest,completed
112,3016,2025-09-18,Southwest,completed
113,2200,2025-08-24,Midwest,completed
114,4002,2025-10-05,West,cancelled
115,2778,2025-03-06,Southwest,completed
116,3681,2024-11-20,West,completed
117,4231,2024-09-03,Southeast,completed
118,3559,2024-06-10,Southwest,completed
119,1908,2025-06-21,West,completed
120,4466,2024-01-01,Southwest,completed
121,788,2026-08-02,West,completed
122,3377,2024-10-19,Midwest,completed
123,83,2024-04-26,Southwest,completed
124,4253,2025-02-01,Southeast,completed
125,2439,2024-08-29,Northeast,completed
126,325,2024-03-28,Midwest,completed
127,3507,2024-05-03,Midwest,completed
128,308,2024-01-13,Southeast,completed
129,23,2025-11-10,Southwest,completed
130,4930,2025-04-27,West,completed
131,2620,2025-08-02,Southeast,completed
132,2937,2024-09-22,West,cancelled
133,2183,2024-10-18,Northeast,cancelled
134,2986,2024-04-24,Midwest,completed
135,3110,2025-10-21,Southwest,completed
136,3228,2025-07-24,Northeast,completed
137,4533,2024-06-15,Southeast,completed
138,1434,2024-12-25,West,completed
139,2481,2024-03-27,Midwest,cancelled
140,4562,2025-12-25,Southeast,returned
141,685,2024-12-30,Midwest,completed
142,238,2025-07-25,Northeast,completed
143,3971,2024-01-25,West,completed
144,4423,2025-01-29,Southeast,completed
145,1863,2026-05-26,Midwest,completed
146,3709,2025-08-03,Southwest,completed
147,302,2024-08-05,Southeast,completed
148,3687,2025-01-01,Southeast,completed
149,2669,2025-05-07,Southeast,completed
150,4755,2026-07-17,Southwest,completed
151,1071,2025-09-17,Southwest,completed
152,4361,2024-11-29,Northeast,completed
153,4939,2025-12-03,West,completed
154,4757,2024-09-02,Northeast,completed
155,1548,2024-05-01,Southeast,completed
156,2993,2024-06-01,Southwest,completed
157,640,2024-02-26,West,completed
158,1150,2026-03-14,Southeast,cancelled
159,204,2026-07-14,Northeast,completed
160,2148,2025-03-29,West,completed
161,2792,2026-01-07,Southeast,completed
162,2783,2026-05-19,Southeast,completed
163,964,2026-06-26,Southeast,completed
164,2466,2026-04-18,Southeast,completed
165,744,2025-04-28,Midwest,completed
166,638,2025-02-15,Northeast,completed
167,914,2025-07-31,West,completed
168,2433,2026-08-01,Southeast,completed
169,1496,2025-02-01,Southeast,completed
170,2306,2025-11-25,Southwest,completed
171,3101,2024-11-23,Southeast,completed
172,2591,2024-01-02,Southwest,cancelled
173,2363,2024-10-29,Southwest,cancelled
174,2808,2025-03-16,Southwest,completed
175,2592,2024-01-28,Northeast,completed
176,941,2024-10-12,Southeast,completed
177,3170,2024-08-29,Midwest,completed
178,2761,2024-01-13,Midwest,completed
179,1920,2025-12-09,Southwest,completed
180,4117,2024-09-30,Southeast,completed
181,2065,2025-06-01,Northeast,completed
182,4246,2025-08-11,Southeast,completed
183,2902,2024-09-05,Midwest,completed
184,4200,2024-09-18,Southwest,completed
185,316,2026-06-28,Southeast,returned
186,3749,2024-11-04,Midwest,completed
187,2878,2024-11-13,Southeast,completed
188,2013,2024-04-30,Midwest,completed
189,3700,2025-08-02,Midwest,returned
190,840,2026-01-17,Southwest,completed
191,2323,2026-08-02,Southeast,completed
192,3211,2025-06-07,Northeast,completed
193,4003,2025-09-12,Northeast,completed
194,4923,2026-04-08,Southwest,completed
195,4988,2024-06-07,Northeast,completed
196,1201,2024-10-04,Southeast,completed
197,788,2025-05-23,West,completed
198,3851,2026-05-12,Midwest,completed
199,3538,2024-08-09,Midwest,completed
200,3367,2026-04-11,Southwest,completed
201,1280,2026-07-10,Southwest,completed
202,3215,2025-03-01,Northeast,completed
203,347,2024-07-28,Northeast,completed
204,1063,2024-08-30,Southwest,completed
205,2282,2025-07-19,Northeast,completed
206,1157,2025-03-22,Southeast,cancelled
207,1223,2026-06-29,Northeast,completed
208,2263,2024-06-03,Midwest,completed
209,1625,2025-04-07,Midwest,completed
210,974,2024-03-21,Southeast,completed
211,3450,2024-12-02,Midwest,completed
212,2197,2025-01-02,Midwest,completed
213,1881,2026-03-06,Midwest,completed
214,2340,2026-07-26,Northeast,completed
215,2800,2024-04-24,Southwest,completed
216,2634,2025-12-11,Midwest,completed
217,4171,2024-06-06,Midwest,completed
218,2354,2025-07-19,Northeast,returned
219,1095,2025-04-04,Midwest,cancelled
220,2448,2024-11-21,Midwest,completed
221,3396,2024-06-09,Southeast,completed
222,1176,2026-03-08,Northeast,completed
223,273,2024-11-18,West,completed
224,988,2024-11-28,Midwest,completed
225,290,2024-04-09,Midwest,cancelled
226,1234,2025-02-14,Southwest,completed
227,4200,2024-05-16,Southwest,completed
228,2231,2024-06-01,Midwest,completed
229,2918,2025-01-12,Southwest,completed
230,2532,2025-09-27,West,completed
231,1,2026-02-27,Midwest,completed
232,1178,2026-01-25,Southwest,completed
233,2144,2025-10-03,Midwest,completed
234,4309,2024-02-15,West,completed
235,1135,2026-03-26,Northeast,completed
236,206,2026-03-09,West,completed
237,1295,2024-06-30,Midwest,completed
238,2117,2024-08-12,Southeast,completed
239,3487,2025-02-11,Southeast,returned
240,4733,2024-09-22,Southeast,completed
241,1299,2025-07-05,Northeast,cancelled
242,4406,2024-02-03,West,completed
243,2788,2025-08-14,Southwest,completed
244,3999,2026-01-08,Midwest,completed
245,3556,2025-01-27,West,completed
246,2620,2025-06-26,Southeast,completed
247,1741,2026-02-28,West,completed
248,1662,2025-02-15,Midwest,completed
249,1230,2026-01-10,Southeast,completed
250,1540,2026-05-07,Northeast,completed
251,3580,2026-06-18,West,completed
252,4031,2025-11-10,West,completed
253,4798,2026-07-29,Southwest,completed
254,1841,2024-10-02,West,cancelled
255,1216,2024-02-03,Southwest,completed
256,1449,2024-06-21,Northeast,completed
257,264,2025-12-09,West,completed
258,1538,2026-08-02,Southwest,completed
259,708,2025-08-08,West,completed
260,998,2024-12-15,Northeast,completed
261,1397,2024-01-11,West,completed
262,1105,2024-02-28,Southwest,completed
263,1192,2025-08-05,Southeast,completed
264,1732,2024-02-04,Southeast,completed
265,1722,2026-03-14,West,completed
266,1592,2026-07-02,Midwest,completed
267,2302,2024-08-06,Midwest,completed
268,1179,2025-06-27,West,completed
269,4473,2024-08-11,West,cancelled
270,4477,2026-03-02,Southeast,completed
271,1863,2024-12-19,Midwest,completed
272,4824,2025-06-14,Midwest,completed
273,765,2025-02-13,Midwest,completed
274,3446,2025-01-07,Midwest,completed
275,3201,2025-01-18,Southwest,cancelled
276,4301,2026-01-25,West,completed
277,3920,2025-11-24,Southeast,completed
278,2351,2026-05-15,Northeast,completed
279,4385,2025-10-11,Southwest,completed
280,99,2024-04-08,Midwest,completed
281,3196,2024-01-20,Southeast,completed
282,4433,2024-06-28,Midwest,completed
283,333,2025-06-08,West,completed
284,648,2026-02-26,Southwest,completed
285,3296,2025-08-12,Southeast,completed
286,2228,2026-03-20,Northeast,completed
287,1048,2025-04-11,Midwest,completed
288,2941,2024-03-12,Southwest,completed
289,4982,2024-08-09,Southeast,completed
290,388,2026-01-03,Northeast,cancelled
291,3987,2025-03-04,Northeast,completed
292,3595,2025-03-15,Midwest,completed
293,3594,2025-03-04,Northeast,completed
294,3875,2025-02-03,Northeast,completed
295,4949,2024-12-29,Midwest,completed
296,2161,2024-08-14,Southeast,completed
297,2215,2024-02-26,Northeast,completed
298,2514,2025-03-09,Southeast,completed
299,753,2026-08-02,Southeast,completed
300,2944,2026-07-13,Northeast,completed
301,956,2024-04-28,Southwest,completed
302,3946,2024-05-22,Southwest,completed
303,1287,2025-04-24,Northeast,completed
304,2974,2025-01-10,Southwest,returned
305,609,2025-09-03,Northeast,completed
306,4976,2025-12-08,Northeast,completed
307,166,2025-02-10,Northeast,completed
308,1541,2024-07-28,Northeast,cancelled
309,1257,2025-01-22,Northeast,returned
310,1664,2024-02-09,Southwest,completed
311,4886,2025-03-14,Southwest,completed
312,1589,2026-01-16,Midwest,completed
313,3325,2025-02-13,Southwest,completed
314,4599,2025-05-01,Southwest,completed
315,2483,2025-12-01,Southeast,completed
316,4793,2024-04-18,West,completed
317,3304,2024-09-13,West,completed
318,2591,2024-03-17,Southwest,completed
319,4736,2024-01-02,Southeast,cancelled
320,3486,2025-12-06,Midwest,completed
321,874,2024-06-27,Midwest,completed
322,26,2024-03-23,Southwest,completed
323,803,2025-09-29,Midwest,completed
324,2671,2025-07-03,Southeast,completed
325,4834,2026-07-23,West,completed
326,2265,2025-05-19,Southwest,cancelled
327,3947,2025-11-13,Northeast,completed
328,714,2026-04-25,Northeast,returned
329,3371,2025-09-08,Southwest,completed
330,1107,2026-07-01,Midwest,completed
331,652,2025-05-26,Southeast,completed
332,4854,2026-04-06,Midwest,cancelled
333,3136,2025-10-06,Southwest,completed
334,3013,2025-11-29,Midwest,completed
335,911,2025-04-30,Southeast,completed
336,944,2025-12-28,Midwest,completed
337,2150,2025-07-28,West,completed
338,4490,2024-04-17,West,completed
339,1190,2025-03-11,West,returned
340,1307,2026-05-29,Northeast,returned
341,3714,2026-02-24,Southwest,completed
342,3647,2025-03-14,West,completed
343,1373,2026-03-21,Northeast,completed
344,1399,2026-02-06,West,completed
345,2051,2024-09-01,Midwest,completed
346,4785,2024-08-03,Southwest,completed
347,359,2024-12-01,West,completed
348,2304,2026-04-29,Southeast,completed
349,2221,2024-09-02,Midwest,completed
350,3553,2025-10-07,Northeast,completed
351,2700,2026-04-06,Southeast,completed
352,951,2024-02-14,Southeast,completed
353,4756,2025-11-02,Southeast,completed
354,706,2025-07-07,West,completed
355,2948,2024-08-24,West,completed
356,1245,2025-03-23,West,completed
357,2440,2024-09-30,Southeast,completed
358,4262,2024-02-10,Northeast,completed
359,1867,2026-06-14,Northeast,completed
360,1318,2024-05-30,Southeast,completed
361,2595,2026-07-18,West,completed
362,1063,2026-06-28,Southwest,completed
363,2859,2024-11-15,Northeast,completed
364,3996,2026-01-02,Midwest,completed
365,4163,2024-02-17,Southeast,completed
366,1677,2025-08-01,Southwest,completed
367,1014,2026-06-19,West,cancelled
368,2304,2025-03-18,Southeast,completed
369,282,2025-05-17,Northeast,completed
370,3442,2025-08-17,West,completed
371,2171,2026-07-31,Midwest,completed
372,2753,2025-01-02,Northeast,completed
373,3296,2025-06-18,Southeast,completed
374,3962,2026-08-23,Midwest,completed
375,2848,2024-12-29,Midwest,returned
376,4189,2025-10-05,Southeast,completed
377,4102,2024-07-15,Northeast,completed
378,3052,2024-06-22,Southeast,completed
379,663,2025-09-20,Southwest,completed
380,1443,2024-05-11,Midwest,completed
381,4870,2024-12-18,Midwest,completed
382,517,2024-08-16,Midwest,completed
383,1424,2024-05-17,West,cancelled
384,286,2024-01-03,Southwest,completed
385,598,2025-07-05,West,completed
386,2072,2025-08-26,Southeast,completed
387,2119,2025-07-21,Southeast,completed
388,1851,2025-12-04,Northeast,completed
389,2556,2025-03-16,West,completed
390,2692,2024-08-17,Northeast,completed
391,1056,2024-07-20,West,completed
392,3310,2026-03-15,Southwest,completed
393,1454,2025-09-23,Southwest,completed
394,4466,2026-03-08,Southwest,completed
395,2502,2026-05-12,Northeast,completed
396,4057,2025-03-21,West,completed
397,3369,2024-07-07,Southwest,completed
398,970,2024-08-20,Midwest,completed
399,1009,2024-02-25,Midwest,completed
400,1879,2026-02-12,Northeast,completed
401,1994,2025-06-15,Northeast,completed
402,4939,2026-03-29,West,returned
403,2653,2025-04-05,Northeast,completed
404,2888,2025-06-29,Midwest,completed
405,3570,2024-10-23,Southwest,completed
406,2505,2025-01-01,West,completed
407,2924,2025-05-06,Midwest,completed
408,730,2025-05-28,Midwest,completed
409,4773,2025-07-27,Southeast,completed
410,688,2024-12-05,Southwest,completed
411,4634,2025-11-14,West,completed
412,1530,2024-09-05,Southwest,completed
413,280,2024-06-04,Midwest,completed
414,3562,2026-01-02,West,completed
415,4808,2026-04-06,Northeast,completed
416,2214,2024-04-27,West,completed
417,1254,2025-11-02,West,completed
418,111,2025-02-18,Northeast,completed
419,3252,2025-08-01,Midwest,cancelled
420,4302,2024-12-25,Northeast,completed
421,4352,2024-11-16,Southwest,cancelled
422,2373,2025-07-04,Northeast,completed
423,2528,2025-05-03,Midwest,completed
424,248,2025-12-01,West,completed
425,3056,2024-01-06,Northeast,completed
426,861,2024-07-08,Southwest,completed
427,1866,2026-07-12,Southwest,completed
428,2729,2026-03-22,Midwest,completed
429,4965,2025-08-15,Southeast,completed
430,4866,2025-12-11,Southwest,completed
431,1448,2024-07-24,Midwest,completed
432,1623,2025-06-24,Southwest,completed
433,4825,2025-07-05,Southeast,completed
434,3947,2026-02-12,Northeast,completed
435,3374,2026-04-09,Midwest,completed
436,3206,2025-07-06,West,completed
437,2168,2025-11-21,Midwest,completed
438,332,2026-04-13,Southwest,completed
439,562,2026-07-06,Southeast,cancelled
440,2577,2024-12-23,Northeast,completed
441,1556,2026-02-26,Southwest,completed
442,1911,2024-11-11,Midwest,completed
443,4667,2025-05-16,Northeast,completed
444,2611,2026-03-05,Southwest,completed
445,3903,2024-11-01,Northeast,completed
446,1952,2024-12-11,Southwest,completed
447,2905,2025-10-09,Northeast,completed
448,3984,2024-10-04,Midwest,completed
449,2697,2026-08-05,Southwest,completed
450,4336,2024-05-09,Southeast,completed
451,4161,2026-01-15,Midwest,completed
452,1223,2024-12-15,Northeast,completed
453,3038,2024-05-28,West,completed
454,3539,2024-10-13,West,completed
455,3199,2025-05-24,Southwest,completed
456,3570,2024-12-03,Southwest,completed
457,1741,2024-06-25,West,completed
458,3336,2026-07-09,Midwest,completed
459,3785,2024-11-14,Northeast,completed
460,3102,2025-12-14,West,completed
461,807,2025-01-10,Southeast,completed
462,2029,2024-07-17,Southwest,returned
463,951,2026-06-08,Southeast,returned
464,4255,2024-01-03,Northeast,completed
465,1849,2026-04-03,West,completed
466,435,2025-08-07,West,completed
467,4040,2024-09-17,Southeast,completed
468,1093,2025-07-15,Southeast,completed
469,3399,2025-03-03,Northeast,completed
470,28,2024-11-06,Northeast,completed
471,2172,2024-11-07,Midwest,completed
472,2958,2024-02-21,Northeast,completed
473,1643,2024-07-23,Southwest,completed
474,4608,2025-03-14,Northeast,completed
475,1554,2024-02-12,Southeast,completed
476,2141,2026-04-17,Northeast,completed
477,4927,2026-02-19,Southeast,completed
478,680,2026-06-27,Northeast,completed
479,4876,2024-09-09,Midwest,completed
480,3284,2026-04-17,West,cancelled
481,3547,2024-06-07,Southwest,returned
482,1967,2025-12-11,Northeast,completed
483,4723,2024-05-08,Midwest,completed
484,4281,2024-04-22,Northeast,completed
485,3913,2026-05-07,Southwest,completed
486,1254,2026-03-20,West,returned
487,1041,2024-09-02,Northeast,completed
488,1998,2024-12-10,Northeast,completed
489,1472,2025-09-04,West,completed
490,2481,2026-01-17,Midwest,completed
491,116,2026-05-31,West,completed
492,1679,2024-10-27,West,returned
493,1912,2024-07-20,West,completed
494,3831,2026-07-27,Southwest,completed
495,40,2026-05-19,Northeast,completed
496,2266,2026-07-09,Northeast,completed
497,3872,2026-01-18,Southwest,completed
498,2093,2024-09-13,Southwest,completed
499,2061,2025-05-21,West,completed
500,2005,2024-07-18,Southwest,completed
501,2037,2024-05-31,Southeast,completed
502,3975,2024-03-16,Southwest,completed
503,4332,2024-01-31,West,completed
504,3427,2025-11-13,Southeast,completed
505,4400,2025-11-18,Midwest,returned
506,1214,2026-08-15,Midwest,cancelled
507,2767,2026-07-28,Northeast,completed
508,3633,2024-09-04,Southeast,completed
509,583,2025-09-29,West,completed
510,2507,2026-05-17,Northeast,completed
511,4359,2024-10-08,Southeast,completed
512,4097,2024-06-27,Southeast,completed
513,2330,2025-07-15,Southeast,completed
514,876,2026-07-09,Northeast,completed
515,4205,2025-05-22,Midwest,completed
516,2666,2026-05-27,Midwest,completed
517,75,2026-03-18,Midwest,completed
518,1131,2025-11-18,West,completed
519,2568,2024-05-14,Midwest,completed
520,607,2024-07-28,Southeast,completed
521,775,2024-02-02,Southwest,completed
522,3466,2025-11-29,Northeast,completed
523,4518,2024-12-13,Midwest,completed
524,689,2024-02-05,Southwest,completed
525,2011,2024-10-22,Southeast,completed
526,1528,2026-02-17,Midwest,completed
527,2738,2024-04-02,Southeast,returned
528,3328,2024-11-16,Northeast,completed
529,426,2024-12-05,Midwest,completed
530,3591,2024-12-10,Northeast,completed
531,3037,2026-06-15,Midwest,completed
532,615,2026-02-15,Southwest,completed
533,2483,2025-12-26,Southeast,returned
534,365,2024-05-13,Midwest,completed
535,2157,2026-02-11,Southwest,completed
536,973,2025-04-04,Southeast,completed
537,1358,2024-12-06,Midwest,completed
538,1936,2025-11-04,Southwest,completed
539,1441,2025-05-30,West,completed
540,3798,2025-08-25,Northeast,completed
541,4079,2025-12-09,West,completed
542,2986,2024-04-13,Midwest,completed
543,925,2025-04-23,Southeast,completed
544,4137,2025-02-22,West,completed
545,4749,2024-06-20,West,completed
546,3098,2024-04-23,Southwest,completed
547,271,2026-03-14,Midwest,completed
548,2408,2025-01-19,Northeast,returned
549,2648,2025-02-27,Midwest,completed
550,3638,2024-07-07,West,returned
551,3590,2026-03-17,West,completed
552,1756,2025-07-26,Southeast,cancelled
553,2613,2025-05-10,Northeast,completed
554,2570,2024-05-19,Midwest,completed
555,4393,2025-11-15,Midwest,completed
556,4748,2024-02-27,West,completed
557,1769,2026-07-21,Southwest,returned
558,4407,2025-08-10,West,completed
559,4168,2025-11-06,Southeast,completed
560,1022,2024-03-20,West,cancelled
561,4287,2024-08-14,Southeast,completed
562,2910,2025-01-29,West,completed
563,3470,2025-07-15,Midwest,completed
564,3118,2025-12-30,Southwest,completed
565,3202,2024-03-25,West,completed
566,4211,2024-02-26,Midwest,completed
567,1770,2025-08-22,Southwest,completed
568,2504,2026-05-17,Southwest,completed
569,2923,2024-05-14,Southeast,completed
570,4273,2024-11-15,Southwest,completed
571,610,2024-04-17,Southeast,completed
572,1494,2026-06-16,Northeast,completed
573,779,2025-09-12,West,completed
574,2076,2026-05-21,West,completed
575,253,2024-08-04,Northeast,completed
576,2998,2026-01-14,West,completed
577,1456,2026-05-22,West,completed
578,1526,2024-07-02,Southwest,completed
579,1095,2025-04-28,Midwest,completed
580,2461,2024-10-06,Midwest,completed
581,3948,2024-01-30,Southwest,completed
582,4024,2025-05-04,West,returned
583,4240,2025-01-14,Northeast,completed
584,1230,2024-02-01,Southeast,completed
585,144,2025-10-01,Southwest,completed
586,3310,2025-05-09,Southwest,cancelled
587,3376,2024-11-24,Southeast,returned
588,2949,2024-09-02,Midwest,completed
589,4136,2025-05-03,Southeast,completed
590,3204,2026-07-16,Northeast,completed
591,3337,2026-07-07,Southeast,completed
592,1536,2026-05-25,Southeast,completed
593,3685,2024-03-02,West,completed
594,4496,2024-01-18,Southeast,completed
595,1434,2025-10-30,West,completed
596,1534,2025-04-26,Southwest,completed
597,1740,2025-11-29,Midwest,completed
598,1403,2024-06-10,Midwest,completed
599,4873,2024-12-24,Midwest,completed
600,1779,2026-05-23,Southwest,completed
601,3449,2026-01-14,Midwest,completed
602,2834,2026-02-14,West,completed
603,362,2025-04-11,Southeast,completed
604,3441,2024-11-10,Midwest,completed
605,4381,2024-05-19,Southwest,completed
606,4789,2026-07-19,Southeast,completed
607,804,2024-11-16,Southwest,completed
608,2641,2025-09-22,Northeast,completed
609,2271,2025-04-30,West,completed
610,4260,2025-02-20,Northeast,completed
611,3380,2025-12-01,West,completed
612,964,2025-09-30,Southeast,completed
613,2425,2026-03-12,Northeast,completed
614,4528,2025-01-05,Midwest,completed
615,4412,2024-09-08,West,completed
616,1655,2026-07-17,Southwest,completed
617,2412,2025-01-10,West,completed
618,1093,2024-02-02,Southeast,completed
619,3043,2025-09-06,Southeast,completed
620,762,2026-01-09,Southwest,completed
621,1106,2026-04-01,Midwest,returned
622,2435,2026-02-21,West,completed
623,2371,2024-03-18,Southeast,completed
624,1019,2024-07-09,West,completed
625,3768,2025-12-03,Northeast,completed
626,3172,2025-05-26,Southwest,returned
627,2836,2025-08-05,Midwest,completed
628,367,2024-10-09,West,completed
629,4548,2026-04-24,West,completed
630,3704,2024-06-28,West,completed
631,2070,2024-05-31,Southeast,completed
632,4452,2025-01-03,West,completed
633,288,2024-08-26,Northeast,completed
634,3102,2025-07-24,West,completed
635,2428,2024-05-14,Midwest,completed
636,3084,2024-09-07,Southwest,completed
637,4922,2025-02-13,West,completed
638,4911,2024-01-25,Southeast,completed
639,707,2024-02-01,Southeast,completed
640,897,2025-02-03,Southwest,completed
641,1191,2024-03-01,Southeast,completed
642,2307,2024-02-09,West,completed
643,3292,2026-07-03,Southeast,completed
644,4268,2025-12-05,Midwest,completed
645,4894,2024-08-09,West,completed
646,2355,2025-12-28,Northeast,completed
647,40,2026-06-19,Northeast,completed
648,822,2024-09-13,West,completed
649,3495,2024-11-14,Northeast,completed
650,3306,2024-08-25,West,completed
651,2148,2025-05-18,West,completed
652,263,2026-04-22,Southwest,completed
653,2217,2025-06-29,Southeast,completed
654,4856,2026-01-15,West,completed
655,710,2024-12-06,Northeast,completed
656,1617,2024-06-14,Northeast,completed
657,333,2025-10-10,West,completed
658,4073,2025-07-09,Northeast,completed
659,4653,2024-07-18,Southwest,completed
660,3173,2024-05-17,West,cancelled
661,2911,2024-04-01,Northeast,completed
662,4437,2024-09-15,Midwest,completed
663,2796,2024-04-23,Southwest,completed
664,932,2025-09-06,Midwest,completed
665,2804,2025-08-26,Northeast,completed
666,375,2024-01-18,Southeast,cancelled
667,2968,2024-02-21,West,completed
668,1052,2024-03-08,Northeast,completed
669,2590,2025-04-23,Southeast,completed
670,2189,2025-08-20,Southeast,completed
671,1269,2024-09-30,Southeast,completed
672,3856,2025-08-10,West,completed
673,219,2026-06-02,Northeast,completed
674,2196,2025-10-06,Southeast,completed
675,3021,2024-12-27,Southwest,completed
676,1561,2024-07-24,Midwest,completed
677,317,2025-01-07,Northeast,cancelled
678,3975,2024-01-26,Southwest,completed
679,2938,2025-02-03,Northeast,completed
680,2656,2024-11-27,West,completed
681,4220,2026-05-29,Midwest,completed
682,129,2025-11-08,West,completed
683,750,2026-05-30,Northeast,completed
684,2458,2024-01-26,West,completed
685,3116,2024-07-10,Northeast,completed
686,662,2026-07-25,Midwest,cancelled
687,1431,2026-02-14,Southeast,completed
688,268,2024-03-25,Northeast,completed
689,539,2024-08-09,Northeast,completed
690,4728,2025-10-11,West,completed
691,3380,2024-03-01,West,completed
692,2580,2025-04-27,Midwest,completed
693,1524,2025-08-05,West,completed
694,907,2025-06-16,Midwest,completed
695,2705,2025-02-16,West,completed
696,1443,2025-07-10,Midwest,completed
697,1295,2024-02-13,Midwest,returned
698,4796,2025-06-03,Midwest,completed
699,2831,2026-03-30,Southeast,completed
700,3233,2024-12-17,Midwest,completed
701,625,2025-06-17,Midwest,completed
702,2365,2026-01-30,West,completed
703,101,2026-01-17,Southeast,completed
704,4016,2024-09-18,Southeast,completed
705,4946,2026-04-15,Northeast,completed
706,1714,2024-08-27,Southwest,completed
707,1180,2025-05-27,Southeast,completed
708,3454,2025-08-17,West,completed
709,115,2024-01-02,West,completed
710,3063,2026-06-26,Southeast,returned
711,4057,2024-10-30,West,returned
712,1782,2025-12-29,Northeast,completed
713,656,2024-03-29,West,completed
714,1442,2024-06-26,West,completed
715,2065,2024-07-16,Northeast,cancelled
716,4892,2024-09-15,Midwest,completed
717,1536,2026-07-25,Southeast,completed
718,2836,2026-02-23,Midwest,completed
719,4799,2024-03-01,Southwest,completed
720,3631,2026-03-31,Northeast,completed
721,1236,2024-03-25,Southeast,completed
722,1502,2025-06-06,Southeast,completed
723,3031,2024-05-29,Southeast,completed
724,4646,2026-07-15,Northeast,completed
725,901,2024-10-29,Southeast,completed
726,2639,2025-07-19,Northeast,cancelled
727,4023,2024-04-13,Southwest,completed
728,3845,2025-12-09,Midwest,completed
729,4159,2025-11-05,Southeast,completed
730,2351,2025-04-10,Northeast,completed
731,645,2025-10-19,Midwest,completed
732,168,2024-12-07,Southwest,completed
733,2770,2025-05-11,Northeast,completed
734,4677,2026-06-05,Southwest,cancelled
735,3373,2025-01-14,Southeast,completed
736,2789,2025-05-10,West,returned
737,344,2024-08-18,West,completed
738,1921,2025-08-14,Southwest,completed
739,1507,2025-03-28,Midwest,completed
740,4167,2025-03-21,Southeast,completed
741,1171,2025-11-13,Southeast,completed
742,4486,2025-10-14,Southwest,completed
743,2831,2024-02-09,Southeast,completed
744,2205,2024-12-06,Northeast,completed
745,978,2024-02-06,Southwest,completed
746,470,2024-05-05,Southeast,completed
747,3730,2025-01-30,Northeast,completed
748,472,2025-08-14,Southwest,completed
749,3896,2026-06-30,Northeast,completed
750,845,2024-05-04,Southeast,completed
751,4359,2024-02-25,Southeast,completed
752,2566,2024-07-17,Midwest,returned
753,4102,2026-05-13,Northeast,completed
754,1229,2025-04-29,Southeast,cancelled
755,3942,2024-10-04,Northeast,returned
756,2308,2025-09-05,Southeast,completed
757,439,2025-02-22,Midwest,completed
758,4766,2025-08-27,Southeast,completed
759,3573,2025-11-10,West,completed
760,3497,2024-11-12,Southwest,completed
761,4032,2025-09-08,Southeast,completed
762,946,2025-01-13,Northeast,completed
763,3277,2026-01-05,Northeast,completed
764,4000,2024-09-25,Southwest,completed
765,814,2026-08-14,West,completed
766,1314,2025-11-16,Midwest,completed
767,4567,2025-11-13,West,completed
768,1428,2024-07-07,Midwest,completed
769,539,2024-02-16,Northeast,completed
770,4751,2024-03-25,Southeast,completed
771,246,2025-10-27,Southeast,completed
772,2816,2024-12-28,Northeast,cancelled
773,18,2024-11-28,Northeast,cancelled
774,59,2024-11-29,Southwest,completed
775,164,2026-07-15,Midwest,returned
776,4406,2025-12-28,West,returned
777,719,2026-05-21,Southeast,completed
778,2760,2025-08-08,West,completed
779,4712,2024-09-11,Southeast,cancelled
780,2258,2025-11-10,Northeast,completed
781,2055,2026-06-13,West,completed
782,1892,2026-07-08,Northeast,completed
783,2007,2024-12-17,Midwest,completed
784,703,2025-09-28,Midwest,completed
785,2270,2026-06-06,Midwest,returned
786,2117,2025-03-27,Southeast,completed
787,162,2026-07-06,Southeast,completed
788,2069,2026-04-20,West,completed
789,2197,2024-09-16,Midwest,completed
790,1340,2024-08-17,Southwest,completed
791,2053,2026-08-08,West,completed
792,2167,2024-02-05,Southwest,completed
793,662,2025-05-12,Midwest,completed
794,4070,2024-03-20,Southwest,completed
795,3405,2025-12-29,Southeast,completed
796,2675,2024-06-19,Northeast,completed
797,2830,2024-08-02,Northeast,completed
798,4953,2024-05-27,West,completed
799,229,2025-06-27,West,completed
800,242,2025-10-17,Southeast,completed
801,4045,2026-07-05,Southwest,completed
802,344,2024-05-26,West,completed
803,1993,2024-11-01,West,completed
804,613,2024-08-06,West,completed
805,3226,2026-05-26,Northeast,completed
806,1477,2024-05-19,Midwest,completed
807,3012,2026-05-21,Southeast,completed
808,3511,2024-01-09,Southeast,completed
809,2301,2025-01-09,Southeast,completed
810,738,2024-10-27,Northeast,completed
811,1527,2024-02-03,Southwest,cancelled
812,1983,2024-12-06,Northeast,completed
813,1312,2024-04-06,Northeast,cancelled
814,3834,2026-01-31,Midwest,completed
815,964,2026-05-07,Southeast,completed
816,2313,2024-12-10,Midwest,cancelled
817,378,2025-02-07,West,completed
818,2839,2024-06-16,Midwest,returned
819,4499,2025-05-30,Midwest,returned
820,829,2025-02-12,Midwest,completed
821,1123,2025-03-11,West,completed
822,2285,2024-05-05,Southwest,completed
823,2172,2025-08-13,Midwest,completed
824,1388,2024-02-03,West,completed
825,1159,2026-04-13,Southeast,completed
826,697,2025-09-16,Southeast,completed
827,4017,2024-09-30,Southeast,completed
828,1728,2024-03-27,Midwest,completed
829,347,2026-06-29,Northeast,completed
830,2491,2024-05-18,West,returned
831,2390,2026-05-04,Midwest,completed
832,4703,2024-09-22,Midwest,completed
833,2957,2024-10-27,Northeast,completed
834,1663,2024-09-28,Midwest,completed
835,1702,2025-11-28,Southwest,completed
836,1457,2025-06-11,Midwest,completed
837,4759,2025-09-02,West,completed
838,590,2024-08-24,Southwest,completed
839,2383,2024-10-15,Southeast,completed
840,4200,2025-06-21,Southwest,completed
841,688,2025-11-09,Southwest,completed
842,3372,2025-02-18,West,completed
843,4000,2026-04-01,Southwest,completed
844,2945,2024-08-29,Southwest,completed
845,1425,2024-04-02,Northeast,completed
846,4795,2025-04-29,West,completed
847,1767,2025-04-23,Midwest,completed
848,174,2026-03-09,Midwest,completed
849,2321,2024-04-23,Southeast,completed
850,65,2026-05-12,Southwest,completed
851,4174,2025-08-25,Midwest,completed
852,1420,2024-01-22,Midwest,completed
853,1501,2024-04-23,Southeast,completed
854,3427,2024-07-22,Southeast,completed
855,4597,2025-08-26,West,completed
856,497,2024-10-01,Southwest,completed
857,2206,2024-10-09,Midwest,completed
858,1503,2024-09-30,Northeast,completed
859,1482,2025-11-03,Southwest,completed
860,1297,2026-07-14,West,completed
861,681,2024-09-29,West,returned
862,3753,2024-08-22,West,completed
863,3812,2026-05-30,Southwest,completed
864,1977,2025-10-26,Southeast,completed
865,3422,2026-05-28,Northeast,completed
866,54,2025-03-02,West,completed
867,4676,2026-06-22,Northeast,completed
868,3726,2024-07-23,Southwest,completed
869,62,2024-09-07,Midwest,completed
870,2877,2026-06-10,Southeast,completed
871,3109,2026-08-25,West,completed
872,2246,2025-08-01,Northeast,completed
873,1756,2024-01-28,Southeast,completed
874,4766,2025-04-07,Southeast,completed
875,1031,2024-12-18,West,completed
876,3840,2025-12-12,Southwest,completed
877,1511,2025-11-25,Southeast,completed
878,4842,2025-02-22,Southwest,returned
879,4549,2024-09-18,Southwest,completed
880,88,2026-06-15,Southeast,completed
881,2552,2024-09-15,Northeast,completed
882,2931,2025-12-25,Midwest,completed
883,1728,2024-01-18,Midwest,completed
884,1046,2025-10-01,Northeast,completed
885,448,2026-06-13,Northeast,completed
886,4458,2025-05-15,Southwest,completed
887,2326,2026-06-02,Southeast,completed
888,2359,2025-11-12,West,completed
889,4047,2025-05-16,Southwest,completed
890,1241,2024-03-01,Midwest,completed
891,2192,2025-08-08,Southeast,returned
892,859,2024-06-23,West,completed
893,3059,2024-06-21,Southwest,returned
894,229,2025-08-29,West,returned
895,3155,2026-07-06,Midwest,completed
896,245,2024-04-18,Southwest,completed
897,4738,2024-01-05,Southeast,completed
898,4231,2025-11-30,Southeast,completed
899,1661,2024-07-04,Midwest,completed
900,3759,2025-08-04,West,completed
901,2579,2024-05-15,Northeast,completed
902,3170,2026-03-21,Midwest,completed
903,3824,2026-08-20,Northeast,completed
904,4623,2024-05-16,Southeast,completed
905,3856,2024-07-29,West,completed
906,178,2024-09-05,Southwest,completed
907,2365,2025-12-26,West,completed
908,1548,2024-04-18,Southeast,completed
909,4667,2025-05-20,Northeast,completed
910,2600,2025-04-24,Northeast,completed
911,1546,2026-03-02,West,completed
912,1561,2026-04-02,Midwest,completed
913,4925,2025-02-18,Midwest,completed
914,3257,2025-03-26,Midwest,cancelled
915,332,2024-06-06,Southwest,completed
916,3358,2025-10-05,Northeast,completed
917,3401,2025-07-14,Midwest,completed
918,1809,2026-02-05,Southwest,completed
919,3935,2025-12-16,Southwest,completed
920,94,2026-05-16,Southeast,completed
921,3188,2024-01-06,Midwest,cancelled
922,2717,2024-03-11,West,cancelled
923,894,2024-11-14,Southwest,completed
924,4716,2024-07-20,West,completed
925,726,2025-07-29,Southeast,completed
926,4013,2025-03-01,Midwest,completed
927,2781,2026-06-03,Southeast,completed
928,4860,2026-08-23,Southwest,completed
929,2951,2024-07-21,West,completed
930,4161,2026-04-03,Midwest,completed
931,2836,2025-09-09,Midwest,completed
932,1970,2026-06-04,Southeast,returned
933,2213,2024-11-26,Northeast,completed
934,1582,2025-10-21,Southeast,completed
935,3360,2026-07-23,Midwest,returned
936,3132,2024-08-01,Southwest,completed
937,728,2024-07-31,Southeast,returned
938,1616,2024-10-19,Southwest,cancelled
939,1061,2026-08-23,Northeast,completed
940,2773,2025-05-13,West,completed
941,4681,2026-06-11,Northeast,completed
942,3147,2025-07-17,Southeast,returned
943,3797,2024-01-28,Northeast,completed
944,3253,2024-08-15,Midwest,completed
945,4178,2025-03-17,West,completed
946,3151,2026-08-11,Northeast,completed
947,2322,2024-12-06,West,completed
948,4609,2026-07-09,West,completed
949,4340,2026-06-18,Southeast,completed
950,201,2025-12-12,West,completed
951,4620,2024-08-31,Southwest,completed
952,4236,2026-03-29,Northeast,completed
953,4750,2026-01-20,West,completed
954,4322,2024-05-02,Southwest,completed
955,41,2024-07-26,Southeast,completed
956,1881,2024-04-04,Midwest,completed
957,2299,2025-03-26,Northeast,returned
958,1633,2025-08-14,Northeast,completed
959,2270,2024-11-01,Midwest,completed
960,1451,2025-12-11,Southwest,completed
961,3480,2024-11-05,Southeast,completed
962,1119,2025-02-23,Southwest,completed
963,3455,2024-12-04,West,completed
964,1814,2025-05-23,Midwest,completed
965,3582,2024-06-14,Southwest,returned
966,2608,2025-09-01,Midwest,completed
967,4613,2024-12-22,Northeast,completed
968,3217,2025-03-16,West,completed
969,3299,2024-04-22,Southeast,completed
970,3250,2025-03-10,Midwest,cancelled
971,4284,2026-01-06,West,completed
972,4118,2025-10-15,Midwest,completed
973,2213,2026-03-18,Northeast,cancelled
974,4473,2026-02-14,West,completed
975,3902,2024-07-12,West,completed
976,2235,2025-05-18,Midwest,completed
977,4857,2026-07-09,Southwest,returned
978,3699,2024-08-14,Southwest,completed
979,3356,2025-04-18,Southwest,completed
980,1707,2024-10-31,West,completed
981,2682,2025-06-28,Southeast,completed
982,3323,2024-07-18,Midwest,completed
983,2131,2024-05-15,Northeast,returned
984,3369,2026-02-09,Southwest,completed
985,1593,2026-02-15,West,completed
986,1042,2025-09-12,West,completed
987,3874,2025-11-07,Midwest,completed
988,2241,2024-06-10,Southeast,completed
989,3137,2025-07-10,Southwest,completed
990,2335,2024-09-01,Southeast,completed
991,1897,2024-03-20,Southwest,completed
992,842,2026-04-04,Southeast,completed
993,1286,2024-10-30,Southwest,completed
994,3226,2026-04-01,Northeast,cancelled
995,3966,2025-01-25,Southwest,completed
996,689,2026-03-21,Southwest,completed
997,542,2024-11-22,Midwest,completed
998,46,2025-11-05,West,completed
999,1513,2025-10-25,West,completed
1000,3817,2024-01-05,Northeast,completed
1001,1868,2024-07-16,Southeast,completed
1002,1035,2025-06-26,Midwest,completed
1003,3292,2024-02-07,Southeast,completed
1004,1635,2025-11-16,Southwest,completed
1005,4020,2024-04-28,West,completed
1006,4143,2026-04-09,Midwest,completed
1007,150,2026-01-04,West,completed
1008,1355,2024-08-24,Southeast,completed
1009,4082,2025-10-13,Southeast,completed
1010,3005,2024-06-06,Northeast,completed
1011,4670,2025-04-19,Southwest,completed
1012,2687,2025-06-06,Northeast,completed
1013,790,2026-07-12,Southwest,completed
1014,4379,2024-02-27,Southeast,completed
1015,1746,2025-12-20,Midwest,completed
1016,4488,2025-07-16,Southwest,completed
1017,747,2025-04-23,Northeast,completed
1018,3970,2024-08-28,Southwest,completed
1019,3656,2024-11-09,West,completed
1020,310,2025-02-05,Midwest,completed
1021,1214,2024-05-15,Midwest,completed
1022,3808,2026-02-04,Midwest,completed
1023,680,2024-01-04,Northeast,completed
1024,1720,2026-03-02,Northeast,completed
1025,3075,2024-01-04,Southwest,completed
1026,3908,2025-10-09,Southwest,completed
1027,3908,2024-06-30,Southwest,cancelled
1028,4492,2024-11-30,Northeast,completed
1029,2964,2024-05-11,West,completed
1030,4529,2024-12-27,Northeast,completed
1031,2278,2025-01-08,West,completed
1032,1511,2024-01-23,Southeast,completed
1033,4201,2024-07-19,West,completed
1034,2237,2024-11-07,Southeast,completed
1035,1951,2026-03-10,Midwest,completed
1036,4246,2024-12-18,Southeast,completed
1037,614,2024-02-25,Northeast,completed
1038,3119,2025-09-21,Midwest,completed
1039,3553,2024-12-25,Northeast,completed
1040,863,2026-05-17,Southeast,completed
1041,859,2024-04-25,West,completed
1042,3201,2026-03-29,Southwest,returned
1043,3385,2024-02-16,West,completed
1044,2105,2026-07-04,Southwest,completed
1045,1901,2025-08-07,Midwest,completed
1046,1056,2024-03-31,West,completed
1047,3351,2025-04-27,Midwest,completed
1048,3393,2025-05-18,Northeast,completed
1049,2939,2024-01-07,Midwest,completed
1050,1609,2025-07-02,Northeast,completed
1051,2811,2025-11-25,Southwest,completed
1052,152,2025-01-23,Midwest,cancelled
1053,2035,2025-05-02,West,completed
1054,4554,2024-09-19,Southeast,cancelled
1055,332,2025-07-08,Southwest,completed
1056,995,2024-10-18,Northeast,returned
1057,2862,2024-08-26,Midwest,completed
1058,1749,2025-06-10,Northeast,completed
1059,4641,2025-02-25,Southwest,completed
1060,3538,2025-06-11,Midwest,completed
1061,3306,2025-12-07,West,completed
1062,3858,2024-08-15,Northeast,completed
1063,503,2025-03-04,Midwest,cancelled
1064,1039,2026-06-18,Southwest,completed
1065,2633,2024-05-18,Midwest,completed
1066,2276,2024-08-24,Northeast,completed
1067,3134,2025-01-21,Northeast,completed
1068,3955,2025-06-08,Southwest,completed
1069,2073,2026-08-10,Northeast,returned
1070,2373,2026-03-16,Northeast,completed
1071,4838,2024-06-11,Northeast,completed
1072,3263,2025-05-14,Southwest,completed
1073,4094,2026-03-06,West,completed
1074,283,2025-12-09,Southeast,completed
1075,3507,2026-02-20,Midwest,returned
1076,3391,2026-01-22,Southeast,completed
1077,2513,2025-07-31,Northeast,completed
1078,1940,2025-01-19,Southeast,completed
1079,3963,2026-02-05,Southwest,completed
1080,3026,2024-09-25,Southeast,completed
1081,3192,2024-05-03,West,completed
1082,2906,2025-07-09,Southwest,returned
1083,4128,2024-07-24,Southeast,completed
1084,3836,2025-06-14,Southwest,completed
1085,3663,2025-04-16,Southeast,completed
1086,1098,2024-01-10,West,completed
1087,4746,2026-02-20,Midwest,completed
1088,2089,2024-10-31,Southwest,completed
1089,3367,2025-06-21,Southwest,completed
1090,1921,2025-12-18,Southwest,completed
1091,3150,2024-07-17,Southeast,completed
1092,3592,2026-05-24,Northeast,completed
1093,4007,2025-11-04,Midwest,completed
1094,4130,2024-10-15,Midwest,returned
1095,2365,2026-03-19,West,completed
1096,3757,2025-05-21,Southeast,completed
1097,417,2025-10-19,Southwest,completed
1098,2617,2024-08-13,Southwest,completed
1099,2757,2024-11-11,West,completed
1100,157,2024-10-12,Southwest,completed
1101,1746,2025-12-13,Midwest,completed
1102,3320,2024-05-27,Midwest,completed
1103,3172,2025-05-20,Southwest,returned
1104,4800,2025-04-07,Southeast,completed
1105,1646,2024-03-08,Southwest,completed
1106,4775,2024-12-27,Southeast,completed
1107,3951,2024-01-27,Northeast,completed
1108,2978,2025-09-16,Northeast,completed
1109,840,2026-04-01,Southwest,completed
1110,876,2024-12-15,Northeast,completed
1111,2181,2024-08-07,Southwest,completed
1112,2392,2025-05-05,Midwest,completed
1113,3798,2025-04-29,Northeast,completed
1114,2422,2026-03-18,Southeast,completed
1115,4751,2026-08-14,Southeast,completed
1116,387,2025-06-22,Northeast,completed
1117,2417,2024-11-26,Midwest,completed
1118,372,2025-09-05,Southeast,cancelled
1119,2971,2024-09-25,Midwest,completed
1120,600,2024-09-24,Midwest,completed
1121,2366,2026-07-23,Southwest,cancelled
1122,4424,2024-09-07,Southwest,completed
1123,3368,2025-10-18,Southeast,completed
1124,4869,2025-02-25,Northeast,completed
1125,1585,2024-02-13,West,completed
1126,3029,2024-01-08,West,completed
1127,593,2024-02-04,West,completed
1128,2257,2026-07-26,Midwest,completed
1129,758,2025-06-04,West,completed
1130,2684,2025-10-25,West,completed
1131,2863,2025-12-17,West,completed
1132,2460,2025-12-01,Southeast,returned
1133,79,2025-12-23,West,cancelled
1134,770,2024-06-20,West,completed
1135,4533,2025-06-08,Southeast,completed
1136,1171,2026-01-05,Southeast,completed
1137,2981,2024-07-05,Midwest,completed
1138,564,2025-09-06,Southeast,completed
1139,1756,2024-08-28,Southeast,completed
1140,3798,2024-11-25,Northeast,completed
1141,2260,2025-08-27,West,completed
1142,2495,2025-03-30,Southeast,completed
1143,4256,2025-02-20,Northeast,completed
1144,734,2025-04-28,Southwest,completed
1145,4185,2026-03-27,Midwest,cancelled
1146,4314,2025-03-08,Northeast,completed
1147,4035,2024-01-22,Southwest,returned
1148,4872,2025-11-22,Southwest,completed
1149,357,2025-02-09,Southeast,completed
1150,945,2024-06-11,Southwest,completed
1151,1363,2024-11-20,West,completed
1152,437,2025-07-29,West,returned
1153,3008,2024-07-01,Northeast,completed
1154,2811,2024-10-22,Southwest,completed
1155,2686,2026-03-20,Southeast,completed
1156,3730,2025-12-19,Northeast,completed
1157,949,2024-07-03,Midwest,completed
1158,3361,2025-10-12,Midwest,completed
1159,558,2024-12-18,Northeast,completed
1160,142,2024-03-11,Northeast,returned
1161,4490,2024-12-27,West,completed
1162,3963,2025-02-02,Southwest,completed
1163,4036,2025-10-23,Southeast,completed
1164,2197,2025-01-15,Midwest,returned
1165,4907,2025-06-13,Midwest,completed
1166,2054,2025-01-19,West,completed
1167,1088,2024-10-11,Northeast,completed
1168,2699,2024-01-04,Midwest,cancelled
1169,4815,2025-04-26,Northeast,cancelled
1170,2602,2025-12-06,Northeast,returned
1171,4374,2025-12-20,Midwest,completed
1172,155,2024-04-28,Northeast,completed
1173,1417,2026-02-14,Midwest,completed
1174,2753,2024-08-11,Northeast,completed
1175,1205,2024-07-21,Northeast,completed
1176,3753,2024-10-09,West,completed
1177,2406,2025-04-27,Southeast,completed
1178,1302,2025-09-23,Southwest,completed
1179,4946,2025-05-26,Northeast,completed
1180,653,2024-01-09,Southwest,completed
1181,2002,2026-07-16,Southwest,completed
1182,827,2025-08-25,West,completed
1183,3846,2025-05-27,Southeast,completed
1184,3850,2026-01-28,Southeast,completed
1185,2617,2024-10-10,Southwest,completed
1186,3363,2025-03-06,Southeast,completed
1187,882,2026-07-21,Northeast,completed
1188,1234,2025-08-28,Southwest,completed
1189,497,2024-07-05,Southwest,completed
1190,4495,2026-06-13,Northeast,completed
1191,2980,2026-03-06,Southeast,cancelled
1192,277,2024-04-13,West,completed
1193,1400,2025-01-18,Southwest,completed
1194,2161,2025-02-04,Southeast,completed
1195,4139,2025-08-24,Southwest,completed
1196,2573,2025-11-17,Southwest,completed
1197,2134,2024-07-06,Southwest,completed
1198,4263,2025-12-24,Midwest,completed
1199,1816,2024-05-26,West,completed
1200,991,2024-08-03,Midwest,completed
1201,2948,2025-01-03,West,completed
1202,4245,2025-11-10,Midwest,completed
1203,4708,2024-04-17,Midwest,completed
1204,4306,2026-05-25,Southeast,completed
1205,2278,2025-12-05,West,completed
1206,4881,2026-01-07,Northeast,completed
1207,2663,2025-06-04,Midwest,completed
1208,2930,2024-03-05,Southwest,completed
1209,4001,2025-08-24,Northeast,completed
1210,910,2026-02-06,Midwest,completed
1211,1111,2025-08-02,Midwest,completed
1212,2473,2026-04-01,Northeast,completed
1213,4086,2026-03-03,Southeast,completed
1214,3595,2025-06-25,Midwest,cancelled
1215,4989,2026-05-04,Northeast,completed
1216,4613,2024-08-29,Northeast,completed
1217,845,2026-06-25,Southeast,completed
1218,353,2024-11-23,Southeast,completed
1219,807,2024-11-13,Southeast,completed
1220,467,2024-05-29,Southwest,completed
1221,1689,2025-04-19,Southeast,completed
1222,281,2026-07-08,West,completed
1223,858,2025-02-03,Southeast,completed
1224,4600,2024-10-08,Northeast,completed
1225,2722,2024-02-03,West,completed
1226,118,2024-02-09,West,completed
1227,2850,2024-09-06,West,completed
1228,3951,2024-06-03,Northeast,completed
1229,1380,2026-01-23,Midwest,completed
1230,3090,2026-07-28,Southeast,completed
1231,2431,2025-10-12,West,returned
1232,3446,2025-11-02,Midwest,completed
1233,4189,2024-08-29,Southeast,completed
1234,4349,2025-06-22,Midwest,completed
1235,3198,2026-03-20,Midwest,completed
1236,1332,2025-06-13,Midwest,completed
1237,1890,2026-03-03,West,completed
1238,1016,2025-07-10,Northeast,completed
1239,3146,2026-01-31,Northeast,completed
1240,4256,2025-01-27,Northeast,completed
1241,1409,2024-02-01,Southeast,completed
1242,3197,2025-06-24,Northeast,completed
1243,2761,2024-10-01,Midwest,returned
1244,1273,2026-04-25,West,completed
1245,47,2024-12-22,Midwest,returned
1246,900,2025-11-27,Southwest,completed
1247,586,2026-04-19,Southeast,completed
1248,1664,2024-02-28,Southwest,completed
1249,1796,2025-10-25,Northeast,completed
1250,1706,2025-05-09,West,completed
1251,4196,2026-03-31,Southeast,completed
1252,2513,2024-04-01,Northeast,returned
1253,4403,2024-04-01,Northeast,completed
1254,86,2024-11-09,Midwest,completed
1255,4997,2024-05-05,Southwest,completed
1256,53,2025-11-18,Northeast,completed
1257,1174,2024-10-07,Midwest,completed
1258,633,2024-09-05,Northeast,completed
1259,4430,2026-03-21,Northeast,completed
1260,1629,2025-11-12,Northeast,completed
1261,1471,2024-08-10,West,completed
1262,2425,2024-04-22,Northeast,completed
1263,1080,2024-11-23,Northeast,completed
1264,4769,2024-12-28,Southwest,completed
1265,4611,2026-08-14,Northeast,completed
1266,3652,2025-04-04,Northeast,completed
1267,2546,2024-08-03,Southeast,completed
1268,902,2024-10-21,Southwest,cancelled
1269,2875,2025-01-11,Northeast,completed
1270,1446,2026-05-04,Southeast,completed
1271,3337,2026-03-05,Southeast,completed
1272,3347,2025-05-03,Southeast,completed
1273,4610,2024-10-27,Northeast,completed
1274,4151,2025-11-11,Southeast,completed
1275,4509,2024-12-26,Southwest,completed
1276,2453,2024-03-29,Northeast,returned
1277,3452,2025-12-10,West,completed
1278,1628,2025-01-22,Southeast,completed
1279,1901,2025-01-26,Midwest,completed
1280,3022,2024-01-13,West,completed
1281,4090,2025-12-25,West,completed
1282,3928,2024-08-08,Southeast,completed
1283,4437,2025-01-06,Midwest,completed
1284,3107,2024-01-24,West,completed
1285,1078,2026-06-03,West,completed
1286,4466,2024-09-21,Southwest,completed
1287,1851,2024-08-28,Northeast,completed
1288,4259,2025-04-22,Midwest,completed
1289,4652,2026-04-15,Midwest,cancelled
1290,1567,2025-06-07,Southwest,cancelled
1291,3690,2026-05-28,Midwest,completed
1292,3573,2026-06-17,West,completed
1293,3542,2025-04-22,Northeast,completed
1294,224,2025-04-14,West,completed
1295,2641,2024-05-04,Northeast,completed
1296,2475,2024-07-15,Southwest,completed
1297,3447,2026-02-19,Northeast,completed
1298,667,2025-12-23,Southeast,completed
1299,2278,2024-04-28,West,completed
1300,4611,2024-10-08,Northeast,completed
1301,4365,2024-02-06,Southwest,completed
1302,4994,2026-05-02,Midwest,completed
1303,2577,2026-02-10,Northeast,completed
1304,708,2024-05-20,West,completed
1305,4888,2025-11-10,West,completed
1306,2837,2026-05-11,West,completed
1307,149,2026-05-08,Southwest,completed
1308,1449,2025-06-04,Northeast,completed
1309,2717,2025-05-11,West,completed
1310,2804,2024-11-15,Northeast,completed
1311,3399,2024-03-07,Northeast,completed
1312,4381,2025-05-29,Southwest,completed
1313,2273,2024-06-26,Southwest,completed
1314,3674,2024-05-10,West,completed
1315,620,2025-05-27,Southeast,completed
1316,196,2024-08-06,Southeast,completed
1317,792,2025-09-04,Southeast,completed
1318,2424,2024-04-18,Southeast,completed
1319,4382,2025-03-30,Southeast,completed
1320,3064,2024-05-28,Midwest,completed
1321,1570,2024-06-12,Northeast,cancelled
1322,3177,2024-01-30,Northeast,completed
1323,3344,2024-01-14,Midwest,completed
1324,471,2025-09-13,Northeast,cancelled
1325,1699,2025-07-29,West,completed
1326,2441,2024-11-19,Midwest,completed
1327,4824,2025-12-03,Midwest,completed
1328,1302,2026-02-19,Southwest,cancelled
1329,1255,2024-09-29,Midwest,completed
1330,627,2024-10-11,West,cancelled
1331,2411,2024-07-20,Northeast,completed
1332,3082,2025-07-07,Northeast,completed
1333,4859,2024-02-25,Southwest,completed
1334,2658,2025-11-20,Northeast,completed
1335,2185,2026-04-18,Southeast,completed
1336,4268,2025-12-26,Midwest,completed
1337,1641,2024-09-03,West,completed
1338,3474,2026-02-24,Southwest,completed
1339,73,2025-02-10,West,completed
1340,274,2025-03-02,Southeast,completed
1341,3651,2025-12-21,Southeast,completed
1342,2605,2026-02-18,Southwest,completed
1343,2159,2026-01-17,Midwest,completed
1344,1528,2025-07-08,Midwest,completed
1345,3170,2024-08-24,Midwest,completed
1346,125,2024-11-23,Northeast,completed
1347,3502,2025-02-23,Southeast,completed
1348,700,2025-02-15,Southeast,completed
1349,3111,2026-04-09,Southeast,completed
1350,3414,2024-07-07,West,completed
1351,1,2026-06-08,Midwest,completed
1352,3888,2026-05-28,Southeast,completed
1353,126,2024-04-27,Midwest,completed
1354,2630,2024-01-06,West,completed
1355,2070,2026-02-26,Southeast,completed
1356,1362,2025-06-23,West,completed
1357,2229,2026-05-07,Midwest,completed
1358,1314,2024-03-06,Midwest,completed
1359,917,2026-07-19,West,completed
1360,1031,2026-08-18,West,completed
1361,2132,2024-04-28,West,returned
1362,4911,2024-01-24,Southeast,completed
1363,1719,2024-09-27,Southwest,completed
1364,4416,2025-10-16,Southeast,returned
1365,4644,2025-02-20,Southeast,completed
1366,4210,2025-02-26,Midwest,returned
1367,4923,2025-03-17,Southwest,returned
1368,4125,2025-06-04,Southeast,completed
1369,461,2024-05-14,Southeast,completed
1370,860,2024-09-28,Northeast,completed
1371,2662,2024-01-18,Midwest,completed
1372,4676,2024-10-07,Northeast,completed
1373,2038,2026-02-16,Southeast,completed
1374,3940,2024-07-25,Midwest,completed
1375,1388,2026-01-12,West,completed
1376,1980,2024-05-27,Northeast,completed
1377,248,2025-03-02,West,completed
1378,3320,2024-01-11,Midwest,completed
1379,4170,2025-07-03,Midwest,completed
1380,2719,2025-05-05,Northeast,cancelled
1381,970,2024-07-17,Midwest,completed
1382,766,2024-06-29,West,completed
1383,2393,2026-07-12,Southwest,returned
1384,626,2025-05-12,Midwest,completed
1385,2500,2024-10-31,Southwest,completed
1386,347,2025-11-29,Northeast,completed
1387,1072,2025-04-05,Southwest,returned
1388,3448,2024-05-24,Southeast,completed
1389,1473,2026-02-14,Southwest,completed
1390,3764,2024-04-02,Southwest,completed
1391,4278,2026-03-21,Southeast,completed
1392,2713,2024-02-08,Northeast,completed
1393,750,2024-02-29,Northeast,completed
1394,3367,2026-02-19,Southwest,cancelled
1395,1195,2025-01-18,West,returned
1396,736,2025-12-07,Southwest,returned
1397,3092,2024-03-01,Southeast,completed
1398,1553,2024-01-31,Southwest,completed
1399,1006,2026-03-04,Northeast,completed
1400,1807,2025-10-01,West,completed
1401,1847,2025-10-13,Southeast,completed
1402,2498,2026-01-26,West,completed
1403,584,2025-09-10,Midwest,completed
1404,4198,2024-04-10,Midwest,completed
1405,3347,2025-01-24,Southeast,completed
1406,2614,2026-02-23,Southeast,completed
1407,3901,2025-11-18,Southwest,completed
1408,4877,2024-04-24,Midwest,completed
1409,3245,2025-05-20,Northeast,returned
1410,3370,2026-06-15,Southwest,completed
1411,3192,2025-05-07,West,completed
1412,1785,2024-02-10,Northeast,completed
1413,1280,2024-05-18,Southwest,completed
1414,3430,2024-03-03,Southeast,completed
1415,4396,2025-10-31,Northeast,completed
1416,1624,2025-11-09,Northeast,completed
1417,1917,2025-12-08,Southwest,completed
1418,3363,2025-12-22,Southeast,completed
1419,1777,2024-03-02,Northeast,completed
1420,2491,2025-04-23,West,completed
1421,4940,2025-01-29,Southeast,completed
1422,302,2025-12-02,Southeast,completed
1423,3616,2024-11-05,Midwest,completed
1424,3753,2026-03-17,West,completed
1425,572,2026-05-11,Southeast,completed
1426,2307,2025-09-06,West,completed
1427,565,2024-04-29,Midwest,completed
1428,4681,2026-01-19,Northeast,completed
1429,402,2024-01-30,Northeast,completed
1430,4348,2025-03-21,Southwest,completed
1431,4863,2026-06-05,Southeast,completed
1432,3702,2024-02-08,Northeast,completed
1433,881,2026-01-12,West,completed
1434,759,2025-09-10,Southeast,completed
1435,2054,2025-08-21,West,completed
1436,877,2026-08-14,Northeast,completed
1437,1364,2024-03-14,West,completed
1438,4408,2026-07-21,Northeast,completed
1439,915,2024-05-31,Midwest,completed
1440,4898,2024-10-29,West,completed
1441,1418,2024-11-24,Southeast,completed
1442,1034,2026-02-16,Southwest,completed
1443,4947,2024-07-16,Midwest,completed
1444,395,2025-12-29,West,completed
1445,3157,2025-06-10,Southwest,completed
1446,1284,2025-12-02,Southwest,completed
1447,3889,2024-03-25,Southwest,completed
1448,2574,2025-07-04,West,completed
1449,4739,2025-06-27,Southwest,returned
1450,2468,2026-06-26,Southeast,completed
1451,2643,2025-10-30,Southwest,cancelled
1452,570,2026-04-09,Northeast,completed
1453,2306,2025-01-03,Southwest,completed
1454,233,2024-09-08,West,completed
1455,1851,2026-06-07,Northeast,completed
1456,816,2024-09-11,West,completed
1457,3566,2026-04-24,Northeast,completed
1458,3245,2024-08-25,Northeast,completed
1459,1218,2026-08-04,West,completed
1460,1860,2024-10-25,Midwest,completed
1461,1735,2025-10-07,West,completed
1462,485,2024-10-20,West,cancelled
1463,1278,2025-06-22,West,completed
1464,1014,2025-05-23,West,completed
1465,3088,2025-02-28,Southwest,completed
1466,59,2024-02-11,Southwest,completed
1467,3430,2025-07-03,Southeast,cancelled
1468,2702,2025-10-14,West,completed
1469,4094,2024-06-27,West,completed
1470,3620,2026-05-28,Southwest,completed
1471,4173,2024-12-08,Midwest,completed
1472,3632,2024-11-24,Southwest,completed
1473,998,2026-08-13,Northeast,completed
1474,740,2026-04-12,Southwest,completed
1475,87,2026-05-07,Midwest,completed
1476,554,2024-07-05,Northeast,completed
1477,4382,2024-10-30,Southeast,completed
1478,4568,2024-01-02,Northeast,completed
1479,4765,2025-03-14,Midwest,completed
1480,2799,2025-07-05,Southeast,completed
1481,1230,2026-07-03,Southeast,completed
1482,4458,2026-05-24,Southwest,completed
1483,1542,2025-02-23,Southeast,completed
1484,1898,2024-06-12,Northeast,completed
1485,4362,2025-09-21,Northeast,cancelled
1486,648,2026-07-28,Southwest,completed
1487,1358,2025-06-09,Midwest,completed
1488,1821,2025-03-14,Southeast,completed
1489,527,2024-11-27,Southeast,completed
1490,1174,2025-12-08,Midwest,completed
1491,3021,2026-07-07,Southwest,completed
1492,43,2025-08-10,Northeast,completed
1493,1429,2026-07-16,West,completed
1494,2029,2024-07-21,Southwest,completed
1495,2503,2025-04-08,West,completed
1496,4457,2026-03-16,Midwest,completed
1497,1200,2026-08-17,Southwest,completed
1498,969,2026-07-13,Midwest,completed
1499,4459,2024-10-30,Midwest,completed
1500,4539,2024-02-21,Midwest,completed
1501,2738,2025-02-06,Southeast,completed
1502,4665,2025-03-03,Southeast,completed
1503,4768,2025-11-30,Northeast,completed
1504,2903,2025-01-18,Southeast,completed
1505,1701,2024-11-08,Southwest,completed
1506,945,2026-03-15,Southwest,completed
1507,323,2026-05-12,West,completed
1508,542,2025-12-27,Midwest,completed
1509,4226,2024-12-27,Northeast,completed
1510,2261,2026-03-04,Southeast,completed
1511,4860,2026-01-28,Southwest,completed
1512,4000,2024-07-05,Southwest,completed
1513,1751,2026-07-28,Southwest,completed
1514,595,2026-01-01,Southwest,completed
1515,3127,2025-07-14,West,completed
1516,4901,2025-12-04,Southwest,completed
1517,1660,2026-01-08,Northeast,completed
1518,4168,2024-08-29,Southeast,completed
1519,61,2025-04-27,Midwest,completed
1520,1790,2024-07-15,Northeast,completed
1521,4887,2024-10-31,Northeast,returned
1522,1086,2026-01-02,Northeast,completed
1523,2760,2024-10-19,West,completed
1524,680,2024-05-05,Northeast,completed
1525,660,2026-02-03,Midwest,completed
1526,4771,2025-05-05,Midwest,completed
1527,923,2026-01-11,Northeast,cancelled
1528,639,2024-12-06,Southwest,completed
1529,401,2025-04-08,Midwest,completed
1530,4594,2025-03-01,Southwest,completed
1531,4285,2025-10-14,Northeast,completed
1532,801,2024-01-10,Southeast,completed
1533,1301,2026-02-13,Southwest,completed
1534,4748,2025-04-26,West,completed
1535,1464,2025-10-20,Southeast,completed
1536,3038,2026-05-27,West,completed
1537,119,2025-04-28,Northeast,completed
1538,1681,2024-01-06,West,completed
1539,2300,2025-10-27,Southeast,completed
1540,2088,2026-02-11,West,completed
1541,517,2024-07-09,Midwest,completed
1542,3695,2026-01-28,Southeast,completed
1543,819,2025-08-09,Southeast,completed
1544,2296,2024-07-27,Southwest,completed
1545,4144,2024-04-02,Midwest,completed
1546,2050,2026-05-25,Midwest,completed
1547,2223,2024-07-16,Southwest,completed
1548,1813,2024-08-31,Southwest,completed
1549,4821,2026-03-09,Northeast,completed
1550,591,2025-01-06,Southwest,completed
1551,1980,2024-03-06,Northeast,returned
1552,4986,2025-09-25,Southwest,completed
1553,451,2025-02-06,Midwest,completed
1554,2787,2025-04-02,Northeast,completed
1555,3674,2024-11-24,West,completed
1556,4238,2025-12-22,Southwest,completed
1557,1620,2025-10-04,Southeast,completed
1558,2330,2024-09-25,Southeast,completed
1559,792,2024-10-19,Southeast,completed
1560,1663,2025-07-03,Midwest,completed
1561,3329,2025-01-17,Midwest,completed
1562,1494,2024-07-23,Northeast,returned
1563,3806,2025-11-13,Southeast,completed
1564,4065,2025-08-09,Southwest,completed
1565,3341,2024-02-11,Northeast,returned
1566,2219,2025-04-22,Southwest,completed
1567,3724,2024-07-30,Northeast,completed
1568,1099,2026-05-24,Southeast,completed
1569,4755,2026-02-05,Southwest,completed
1570,2555,2024-04-08,Northeast,completed
1571,1929,2024-12-06,West,completed
1572,3733,2026-01-01,Northeast,completed
1573,2043,2025-09-08,Midwest,returned
1574,4515,2025-11-26,West,completed
1575,346,2024-05-07,Southeast,completed
1576,4747,2024-07-09,Midwest,completed
1577,3856,2025-07-22,West,completed
1578,4243,2026-07-01,West,completed
1579,4709,2026-04-16,Southwest,completed
1580,1830,2024-01-16,Southwest,completed
1581,912,2026-01-18,Southwest,completed
1582,3679,2024-03-24,Midwest,cancelled
1583,4830,2025-09-01,Southeast,completed
1584,4335,2026-01-01,West,completed
1585,4211,2025-08-17,Midwest,completed
1586,3993,2024-05-06,Midwest,completed
1587,1122,2026-06-28,Southwest,completed
1588,4899,2026-02-22,Midwest,completed
1589,4395,2026-04-02,Southeast,completed
1590,2002,2025-11-19,Southwest,completed
1591,4043,2026-02-04,West,completed
1592,295,2024-04-02,Southwest,completed
1593,4653,2026-07-16,Southwest,completed
1594,4934,2025-09-04,Northeast,cancelled
1595,3518,2026-07-06,West,completed
1596,4989,2024-12-04,Northeast,completed
1597,1146,2026-05-17,Midwest,completed
1598,3873,2025-02-26,Midwest,completed
1599,1999,2024-01-15,West,completed
1600,1557,2024-01-02,West,completed
1601,1944,2025-12-11,Southwest,completed
1602,3670,2024-08-03,West,completed
1603,2976,2026-04-23,Northeast,completed
1604,1427,2024-09-02,Midwest,completed
1605,4900,2024-09-05,Northeast,completed
1606,2588,2024-11-13,Northeast,completed
1607,2148,2026-08-23,West,completed
1608,327,2024-11-17,Southwest,completed
1609,74,2025-05-23,Southeast,completed
1610,1825,2025-03-07,Southeast,completed
1611,2597,2024-12-26,Northeast,completed
1612,2655,2024-04-14,West,completed
1613,410,2026-06-11,Northeast,completed
1614,3449,2026-04-17,Midwest,completed
1615,439,2024-12-01,Midwest,completed
1616,1602,2024-06-08,Northeast,completed
1617,4607,2026-06-13,Southwest,cancelled
1618,2198,2024-07-23,Southwest,completed
1619,224,2025-04-02,West,completed
1620,833,2024-07-19,Southeast,completed
1621,1940,2025-06-27,Southeast,completed
1622,1691,2025-06-13,Southwest,completed
1623,4943,2026-08-16,West,cancelled
1624,3346,2024-07-25,Midwest,completed
1625,1540,2024-03-08,Northeast,completed
1626,4336,2024-12-23,Southeast,completed
1627,4213,2025-08-14,West,completed
1628,573,2025-11-20,Southeast,cancelled
1629,3049,2024-12-26,Midwest,completed
1630,1400,2024-01-11,Southwest,returned
1631,508,2024-04-28,West,completed
1632,2391,2026-05-21,Southeast,completed
1633,3888,2026-01-23,Southeast,returned
1634,3742,2024-05-29,West,completed
1635,2695,2026-06-10,Midwest,completed
1636,1417,2025-01-14,Midwest,completed
1637,748,2024-10-05,Northeast,completed
1638,1828,2024-07-29,Midwest,returned
1639,219,2025-11-10,Northeast,completed
1640,1919,2025-08-02,Northeast,cancelled
1641,1724,2024-08-12,Southeast,completed
1642,3088,2024-08-23,Southwest,completed
1643,1429,2026-08-20,West,completed
1644,914,2026-01-18,West,completed
1645,2253,2026-04-15,Northeast,returned
1646,2445,2025-04-29,West,completed
1647,4520,2025-12-05,Southwest,completed
1648,3137,2026-08-21,Southwest,returned
1649,227,2024-05-03,Southwest,completed
1650,3675,2024-04-29,Midwest,completed
1651,3519,2024-10-17,Southwest,completed
1652,2621,2025-09-16,Northeast,completed
1653,170,2025-10-14,Southeast,completed
1654,4160,2025-09-15,West,completed
1655,2261,2024-06-10,Southeast,completed
1656,3913,2026-08-17,Southwest,completed
1657,4552,2026-06-08,West,returned
1658,2437,2026-06-19,Northeast,completed
1659,1442,2024-11-23,West,completed
1660,3799,2024-05-01,Southwest,completed
1661,1102,2024-10-10,Southwest,completed
1662,2262,2026-01-31,Northeast,completed
1663,1751,2025-08-20,Southwest,completed
1664,1580,2024-10-11,Midwest,completed
1665,1756,2024-03-04,Southeast,completed
1666,3290,2025-12-11,Northeast,completed
1667,2326,2026-01-04,Southeast,completed
1668,458,2026-01-04,Midwest,completed
1669,3349,2026-03-15,Northeast,cancelled
1670,4023,2026-05-09,Southwest,completed
1671,3498,2025-09-24,Midwest,completed
1672,1111,2026-06-17,Midwest,completed
1673,3651,2024-03-27,Southeast,completed
1674,1468,2024-12-02,West,cancelled
1675,233,2026-03-14,West,completed
1676,2188,2024-05-16,Midwest,completed
1677,3447,2024-01-26,Northeast,completed
1678,4175,2024-02-11,Northeast,completed
1679,4162,2026-06-14,Southwest,completed
1680,218,2025-02-12,Midwest,completed
1681,2065,2024-11-11,Northeast,completed
1682,2504,2026-05-04,Southwest,completed
1683,4664,2025-05-08,Southwest,completed
1684,1408,2025-10-02,Southwest,completed
1685,417,2026-05-27,Southwest,completed
1686,3081,2024-05-28,Midwest,completed
1687,3063,2024-01-28,Southeast,completed
1688,2140,2026-08-05,Southwest,completed
1689,482,2024-04-13,Northeast,completed
1690,3766,2024-05-04,West,returned
1691,1084,2024-10-11,Southeast,completed
1692,1267,2026-02-23,Southwest,completed
1693,49,2026-03-07,Midwest,completed
1694,3534,2025-03-13,Southeast,completed
1695,1704,2024-05-30,Northeast,completed
1696,1902,2025-10-28,Northeast,completed
1697,1548,2024-10-21,Southeast,completed
1698,377,2024-07-16,Southwest,completed
1699,894,2025-01-14,Southwest,completed
1700,4290,2025-06-14,Midwest,returned
1701,953,2025-12-25,Northeast,completed
1702,1241,2024-12-05,Midwest,cancelled
1703,12,2025-03-25,Southeast,completed
1704,3860,2026-01-19,Northeast,completed
1705,900,2026-01-15,Southwest,completed
1706,3972,2024-05-20,Midwest,completed
1707,1423,2025-04-24,Southwest,completed
1708,1572,2025-06-24,Southwest,completed
1709,220,2024-06-01,Northeast,returned
1710,753,2026-08-09,Southeast,completed
1711,3019,2025-06-17,Northeast,completed
1712,2134,2025-07-11,Southwest,completed
1713,4851,2026-04-27,Midwest,completed
1714,3121,2024-02-21,Southeast,cancelled
1715,114,2024-04-10,Southwest,completed
1716,104,2024-12-20,Southwest,completed
1717,489,2025-10-02,Southeast,completed
1718,3036,2024-08-27,Midwest,completed
1719,37,2025-10-18,Northeast,completed
1720,3396,2025-04-15,Southeast,completed
1721,2320,2026-08-25,West,completed
1722,2211,2024-02-24,West,completed
1723,882,2026-03-10,Northeast,completed
1724,4915,2024-01-09,Southeast,completed
1725,264,2024-10-17,West,completed
1726,3565,2025-11-25,Northeast,cancelled
1727,4343,2024-09-09,West,completed
1728,1330,2024-11-22,Midwest,completed
1729,99,2026-01-01,Midwest,completed
1730,4740,2025-12-06,Northeast,completed
1731,3635,2025-04-21,Midwest,completed
1732,2985,2024-03-14,Northeast,completed
1733,3257,2025-09-27,Midwest,completed
1734,3924,2024-07-21,Midwest,completed
1735,993,2025-07-10,Northeast,completed
1736,1072,2024-03-19,Southwest,completed
1737,2108,2025-08-06,Midwest,completed
1738,2014,2025-03-16,West,completed
1739,2567,2025-10-21,Southwest,completed
1740,2765,2025-05-06,Southeast,completed
1741,4128,2025-02-26,Southeast,completed
1742,4566,2026-03-12,Southeast,completed
1743,1150,2024-07-02,Southeast,cancelled
1744,1471,2025-02-08,West,completed
1745,3184,2024-11-18,Midwest,completed
1746,4583,2024-04-20,Southwest,completed
1747,3284,2024-11-13,West,completed
1748,605,2025-05-23,Midwest,completed
1749,3841,2024-02-29,Midwest,cancelled
1750,1002,2024-12-18,Northeast,completed
1751,1359,2025-09-28,Northeast,completed
1752,3398,2024-10-06,Southeast,completed
1753,573,2026-05-11,Southeast,completed
1754,2576,2025-06-16,Midwest,completed
1755,356,2025-08-15,Southwest,completed
1756,4146,2024-03-14,Southwest,completed
1757,1524,2026-05-09,West,completed
1758,2597,2025-08-28,Northeast,completed
1759,2546,2025-04-11,Southeast,completed
1760,3569,2024-07-29,Northeast,completed
1761,2450,2025-05-27,Northeast,completed
1762,3080,2024-01-17,Northeast,completed
1763,3978,2026-05-04,Northeast,cancelled
1764,1471,2024-07-04,West,completed
1765,4175,2024-12-12,Northeast,completed
1766,55,2024-07-18,Southwest,completed
1767,809,2025-12-06,Northeast,returned
1768,582,2025-12-05,Midwest,completed
1769,4582,2024-05-04,Southwest,returned
1770,385,2025-07-20,West,completed
1771,4544,2025-03-13,Midwest,completed
1772,4291,2026-04-27,Northeast,completed
1773,1456,2026-08-04,West,completed
1774,2722,2026-05-17,West,completed
1775,3865,2024-07-29,Southeast,completed
1776,4078,2026-04-12,Southeast,completed
1777,4853,2026-04-16,West,completed
1778,418,2025-09-02,West,cancelled
1779,4781,2026-02-04,Northeast,completed
1780,4486,2026-02-04,Southwest,completed
1781,265,2025-08-23,Northeast,completed
1782,1171,2024-06-06,Southeast,completed
1783,2537,2025-09-27,Northeast,returned
1784,1000,2024-06-19,Southwest,completed
1785,2483,2024-08-10,Southeast,completed
1786,3663,2025-08-01,Southeast,completed
1787,133,2025-08-28,Northeast,completed
1788,4028,2025-11-18,West,completed
1789,1335,2025-09-06,Southeast,completed
1790,4935,2025-03-03,Northeast,completed
1791,4904,2024-07-18,Northeast,completed
1792,3583,2025-05-21,Midwest,completed
1793,966,2026-08-18,Midwest,completed
1794,1243,2026-07-03,West,completed
1795,1496,2025-01-13,Southeast,completed
1796,4273,2026-06-10,Southwest,returned
1797,2241,2026-02-10,Southeast,completed
1798,4954,2026-06-05,Southwest,returned
1799,3018,2025-10-02,Midwest,completed
1800,95,2025-08-09,West,completed
1801,663,2024-04-19,Southwest,completed
1802,2613,2026-07-28,Northeast,completed
1803,2995,2026-06-30,Midwest,completed
1804,2318,2024-07-02,Midwest,completed
1805,233,2024-11-12,West,completed
1806,4342,2025-02-16,Southwest,completed
1807,1803,2025-12-30,Northeast,completed
1808,925,2026-01-27,Southeast,completed
1809,3514,2024-04-07,Southeast,completed
1810,2778,2024-06-08,Southwest,completed
1811,3216,2025-08-10,Northeast,completed
1812,174,2024-10-13,Midwest,completed
1813,1478,2026-07-30,Southeast,completed
1814,2560,2025-08-26,West,completed
1815,4622,2025-03-07,Southeast,completed
1816,1737,2026-07-11,Southeast,completed
1817,649,2024-11-05,Midwest,completed
1818,1894,2024-01-13,Midwest,completed
1819,2324,2024-08-11,West,returned
1820,2440,2025-12-13,Southeast,completed
1821,3126,2026-02-05,West,completed
1822,917,2025-06-03,West,returned
1823,1214,2025-06-25,Midwest,completed
1824,3600,2025-09-06,Midwest,completed
1825,4127,2025-02-17,Southeast,completed
1826,531,2026-04-01,Southeast,completed
1827,1523,2026-08-07,Southeast,completed
1828,2335,2024-01-16,Southeast,cancelled
1829,1070,2024-03-16,Southwest,completed
1830,433,2025-08-25,West,returned
1831,961,2026-05-29,Southeast,completed
1832,2404,2025-10-02,Midwest,completed
1833,3985,2024-04-07,Southwest,completed
1834,3901,2024-07-07,Southwest,completed
1835,3444,2026-02-04,Midwest,completed
1836,2420,2024-12-24,Southeast,completed
1837,2872,2024-08-14,Southwest,completed
1838,3812,2024-12-25,Southwest,cancelled
1839,4241,2026-01-07,Northeast,completed
1840,590,2024-08-14,Southwest,completed
1841,4965,2024-11-24,Southeast,completed
1842,692,2024-11-09,Southwest,completed
1843,4222,2026-01-26,Midwest,completed
1844,1002,2026-04-13,Northeast,completed
1845,4152,2026-01-28,West,completed
1846,4929,2025-11-23,Southeast,completed
1847,982,2025-02-18,West,completed
1848,1292,2026-02-15,Northeast,completed
1849,3823,2026-07-13,West,cancelled
1850,3847,2025-01-15,Northeast,completed
1851,3851,2024-04-08,Midwest,completed
1852,2488,2025-01-23,Southwest,completed
1853,1965,2024-12-01,Northeast,completed
1854,4794,2024-01-11,West,completed
1855,4295,2024-06-30,Southeast,cancelled
1856,1778,2025-04-11,West,returned
1857,3072,2025-06-14,Midwest,completed
1858,1765,2026-01-01,Midwest,cancelled
1859,3379,2025-05-17,Midwest,completed
1860,1508,2024-11-05,Southwest,completed
1861,1930,2024-10-21,Midwest,completed
1862,3339,2025-01-29,West,completed
1863,1362,2024-11-11,West,completed
1864,1947,2026-08-05,Northeast,completed
1865,1421,2026-03-28,Southwest,completed
1866,4980,2024-04-28,West,completed
1867,2557,2026-01-11,West,completed
1868,4773,2025-05-03,Southeast,returned
1869,80,2024-01-08,Northeast,returned
1870,3715,2025-08-30,Midwest,completed
1871,2782,2024-04-09,Southeast,returned
1872,2544,2025-08-06,Northeast,completed
1873,2932,2025-02-11,Northeast,completed
1874,3906,2026-03-12,Southwest,completed
1875,1836,2026-01-01,Southwest,completed
1876,1511,2024-02-02,Southeast,completed
1877,2360,2025-05-20,Southwest,completed
1878,1609,2024-01-12,Northeast,completed
1879,3540,2026-04-22,Midwest,completed
1880,1479,2025-08-21,Northeast,completed
1881,3202,2025-04-05,West,completed
1882,4841,2024-02-18,Northeast,completed
1883,19,2024-02-26,West,completed
1884,1361,2024-02-17,Northeast,completed
1885,409,2024-02-27,Midwest,completed
1886,2100,2024-05-05,Midwest,completed
1887,4314,2026-01-21,Northeast,completed
1888,119,2025-04-02,Northeast,completed
1889,4503,2026-05-12,Midwest,completed
1890,4919,2025-04-21,Southeast,completed
1891,4306,2024-10-11,Southeast,completed
1892,1474,2026-07-31,Northeast,completed
1893,1432,2024-11-30,Southwest,completed
1894,1428,2026-04-18,Midwest,completed
1895,429,2024-12-31,Northeast,completed
1896,2936,2024-01-19,West,completed
1897,1547,2025-01-08,Northeast,completed
1898,4117,2024-12-19,Southeast,returned
1899,2160,2025-08-15,Northeast,completed
1900,1423,2024-10-06,Southwest,completed
1901,230,2026-04-06,Southwest,completed
1902,3554,2025-07-31,Southeast,completed
1903,2451,2024-11-30,Southeast,completed
1904,1958,2024-02-21,Southeast,completed
1905,255,2025-02-25,Northeast,completed
1906,1672,2026-06-15,Southeast,completed
1907,4195,2026-06-28,Northeast,completed
1908,2219,2024-07-04,Southwest,cancelled
1909,1088,2025-07-27,Northeast,completed
1910,290,2025-05-31,Midwest,completed
1911,4372,2025-08-22,Southwest,completed
1912,1876,2026-05-07,Midwest,completed
1913,1328,2024-10-14,Southeast,completed
1914,3169,2024-08-22,Southwest,cancelled
1915,2566,2024-11-02,Midwest,completed
1916,4239,2025-01-29,Midwest,completed
1917,3717,2024-11-17,Southeast,completed
1918,2322,2026-01-22,West,completed
1919,2778,2025-11-18,Southwest,completed
1920,110,2025-09-04,Southwest,completed
1921,552,2025-08-31,Southeast,completed
1922,4942,2026-08-16,Southeast,completed
1923,2813,2026-08-20,Midwest,completed
1924,4120,2025-06-02,West,completed
1925,3057,2026-02-22,Southeast,completed
1926,4667,2025-09-07,Northeast,completed
1927,1833,2025-03-04,Midwest,completed
1928,1494,2025-01-30,Northeast,completed
1929,2663,2025-11-24,Midwest,completed
1930,3143,2026-01-02,Midwest,completed
1931,2072,2026-05-23,Southeast,completed
1932,4002,2025-01-24,West,completed
1933,4177,2026-01-07,Southwest,completed
1934,4258,2026-04-17,Southeast,returned
1935,3084,2026-03-05,Southwest,completed
1936,2419,2026-01-10,West,completed
1937,3178,2024-09-26,Southwest,returned
1938,1919,2025-03-29,Northeast,completed
1939,3823,2025-04-04,West,completed
1940,262,2025-07-22,Northeast,completed
1941,2021,2024-08-20,Midwest,completed
1942,1649,2025-12-13,Midwest,completed
1943,2431,2026-08-06,West,completed
1944,2177,2026-03-02,Southwest,completed
1945,1820,2026-07-25,Northeast,completed
1946,477,2025-01-24,Southeast,completed
1947,920,2024-09-28,Southwest,completed
1948,508,2025-05-20,West,completed
1949,3241,2025-11-28,Midwest,completed
1950,2470,2024-10-18,Northeast,completed
1951,923,2025-06-08,Northeast,completed
1952,353,2025-11-04,Southeast,returned
1953,1599,2024-10-07,Northeast,completed
1954,4320,2024-02-12,Southeast,completed
1955,1252,2024-06-12,Southeast,completed
1956,1472,2024-02-24,West,completed
1957,963,2025-09-05,Midwest,completed
1958,3153,2025-04-25,Midwest,completed
1959,4633,2026-03-25,Southeast,completed
1960,125,2026-04-24,Northeast,cancelled
1961,2358,2025-11-17,Southwest,completed
1962,1368,2024-03-03,Southeast,completed
1963,1708,2024-08-15,Midwest,completed
1964,3594,2025-10-29,Northeast,completed
1965,2907,2024-05-13,Midwest,completed
1966,4274,2026-03-23,Southwest,completed
1967,300,2025-05-28,Southeast,completed
1968,3903,2026-07-28,Northeast,completed
1969,4701,2024-01-19,West,returned
1970,3360,2026-04-01,Midwest,completed
1971,4828,2025-01-28,Southeast,completed
1972,2891,2026-07-06,Southwest,completed
1973,2282,2025-04-15,Northeast,completed
1974,4994,2025-12-13,Midwest,cancelled
1975,2807,2026-04-12,Midwest,completed
1976,3908,2025-10-26,Southwest,completed
1977,3644,2025-02-22,Southeast,completed
1978,3557,2026-06-11,Midwest,returned
1979,4665,2026-02-03,Southeast,completed
1980,3637,2025-04-28,Midwest,completed
1981,4926,2026-03-17,West,completed
1982,2091,2024-05-30,Midwest,completed
1983,3316,2026-08-03,Northeast,completed
1984,1759,2025-06-25,Midwest,completed
1985,1224,2025-12-27,West,completed
1986,4305,2024-12-20,Southwest,completed
1987,4726,2024-10-06,Midwest,completed
1988,4827,2024-11-27,Southwest,completed
1989,84,2025-12-22,Northeast,completed
1990,3328,2026-02-17,Northeast,completed
1991,3624,2024-03-07,Southwest,completed
1992,3794,2025-05-28,Midwest,completed
1993,2421,2025-03-29,Midwest,completed
1994,3410,2025-08-22,Northeast,completed
1995,2519,2025-12-22,West,completed
1996,3481,2025-07-27,Southwest,completed
1997,908,2025-03-19,Southwest,returned
1998,1538,2025-07-03,Southwest,completed
1999,4237,2025-01-25,Midwest,returned
2000,2445,2026-04-10,West,returned
2001,4394,2026-04-16,Southwest,completed
2002,3849,2025-01-22,Southeast,completed
2003,2665,2025-12-15,Midwest,completed
2004,2532,2025-02-11,West,completed
2005,2667,2026-04-27,Midwest,returned
2006,668,2024-07-24,West,completed
2007,759,2025-04-29,Southeast,completed
2008,15,2024-01-20,Northeast,completed
2009,2666,2024-05-21,Midwest,completed
2010,2139,2026-03-12,Southwest,completed
2011,1503,2025-07-09,Northeast,completed
2012,3154,2024-12-21,Southeast,completed
2013,1708,2025-11-15,Midwest,completed
2014,38,2024-12-23,Northeast,completed
2015,1547,2024-12-17,Northeast,completed
2016,1339,2024-11-16,Southwest,completed
2017,4267,2025-06-14,Northeast,completed
2018,4383,2025-09-25,Southwest,completed
2019,2934,2025-06-07,West,completed
2020,2202,2024-10-17,West,completed
2021,4751,2025-08-03,Southeast,completed
2022,2229,2025-07-20,Midwest,completed
2023,1919,2024-09-03,Northeast,completed
2024,2329,2024-06-12,Midwest,completed
2025,2763,2025-01-30,Midwest,completed
2026,4278,2025-07-19,Southeast,completed
2027,2233,2025-11-12,Midwest,completed
2028,3262,2026-07-22,Northeast,completed
2029,3724,2024-02-21,Northeast,completed
2030,1018,2024-01-11,Midwest,completed
2031,2870,2025-06-28,West,completed
2032,2732,2024-09-27,Southwest,completed
2033,4772,2024-06-10,West,completed
2034,2017,2024-01-05,Northeast,completed
2035,1934,2024-08-29,Southeast,cancelled
2036,939,2024-02-16,Southwest,completed
2037,315,2026-05-26,Northeast,completed
2038,2733,2026-02-12,Midwest,completed
2039,2959,2025-09-02,Northeast,completed
2040,2915,2024-10-09,Northeast,completed
2041,2756,2025-08-19,Southwest,completed
2042,2677,2026-05-31,Southwest,completed
2043,3534,2025-06-03,Southeast,cancelled
2044,4094,2024-10-09,West,completed
2045,4243,2025-10-27,West,completed
2046,2335,2024-10-15,Southeast,completed
2047,1780,2024-04-14,Midwest,completed
2048,3478,2024-01-26,Northeast,completed
2049,1493,2024-11-26,Northeast,completed
2050,3201,2024-09-16,Southwest,completed
2051,4456,2024-07-17,Southwest,completed
2052,1810,2024-10-03,Southeast,completed
2053,4891,2025-08-30,Northeast,completed
2054,1527,2024-11-01,Southwest,completed
2055,4374,2026-07-18,Midwest,completed
2056,287,2024-12-27,Midwest,completed
2057,4877,2025-12-05,Midwest,completed
2058,1549,2025-06-20,Southwest,completed
2059,2250,2024-07-19,Northeast,completed
2060,1271,2026-06-07,Northeast,completed
2061,3638,2024-04-04,West,completed
2062,4542,2025-12-10,Midwest,completed
2063,2677,2025-09-06,Southwest,completed
2064,140,2024-10-27,Southeast,completed
2065,4319,2024-02-07,West,completed
2066,3166,2024-11-05,West,completed
2067,4661,2025-08-06,Southeast,completed
2068,2084,2026-03-05,Midwest,completed
2069,718,2025-09-07,West,completed
2070,1414,2024-07-06,Midwest,completed
2071,2154,2025-07-21,Midwest,returned
2072,2965,2025-09-27,Southwest,completed
2073,4482,2025-07-05,Southeast,returned
2074,836,2024-05-20,Midwest,returned
2075,3501,2024-03-22,Northeast,completed
2076,684,2024-10-19,Southeast,completed
2077,377,2025-01-05,Southwest,completed
2078,3549,2026-07-14,Southwest,completed
2079,452,2025-06-20,Southeast,completed
2080,1506,2025-03-08,Southwest,completed
2081,92,2025-03-21,West,completed
2082,4929,2024-02-13,Southeast,completed
2083,117,2025-08-27,Southwest,completed
2084,4248,2025-02-01,West,completed
2085,4171,2025-07-18,Midwest,completed
2086,2732,2025-05-20,Southwest,completed
2087,576,2024-02-29,Midwest,completed
2088,1041,2025-06-20,Northeast,completed
2089,3145,2025-04-16,Southwest,completed
2090,637,2026-06-24,Northeast,completed
2091,3164,2024-05-16,Southwest,completed
2092,3696,2026-06-22,West,completed
2093,975,2026-07-01,Southeast,completed
2094,1035,2024-11-16,Midwest,completed
2095,2203,2026-07-23,Southeast,completed
2096,2947,2024-07-13,Northeast,completed
2097,3283,2024-03-18,West,completed
2098,4328,2024-05-08,West,completed
2099,1860,2025-10-15,Midwest,completed
2100,2013,2024-08-01,Midwest,completed
2101,106,2025-10-23,Southwest,completed
2102,807,2024-04-02,Southeast,completed
2103,3855,2024-05-19,Midwest,completed
2104,982,2025-07-12,West,completed
2105,2608,2025-03-10,Midwest,cancelled
2106,8,2025-10-11,Southeast,cancelled
2107,1969,2026-03-22,Northeast,completed
2108,4616,2025-01-18,West,completed
2109,1241,2025-01-28,Midwest,completed
2110,3322,2025-05-29,Southeast,completed
2111,1242,2025-08-17,Southeast,completed
2112,183,2025-02-23,Midwest,completed
2113,2157,2025-07-18,Southwest,completed
2114,4843,2025-10-07,Northeast,completed
2115,4488,2026-05-13,Southwest,returned
2116,3171,2025-08-03,West,completed
2117,1716,2025-05-28,Midwest,completed
2118,2654,2024-10-14,Midwest,completed
2119,3346,2026-01-28,Midwest,completed
2120,2372,2024-01-29,Southeast,completed
2121,2287,2025-05-25,Southwest,completed
2122,4228,2026-06-20,Northeast,completed
2123,2006,2024-09-30,West,completed
2124,2030,2024-06-16,Southeast,cancelled
2125,4364,2024-09-19,Midwest,completed
2126,3018,2024-08-21,Midwest,completed
2127,280,2026-01-06,Midwest,completed
2128,3898,2026-07-31,Northeast,completed
2129,3550,2026-01-21,Midwest,completed
2130,4383,2024-01-15,Southwest,completed
2131,1281,2024-07-22,West,completed
2132,833,2024-09-17,Southeast,completed
2133,4333,2026-06-20,Southeast,completed
2134,79,2025-10-28,West,completed
2135,777,2026-06-19,Southeast,completed
2136,1660,2025-06-06,Northeast,completed
2137,2691,2026-04-27,West,completed
2138,2365,2026-02-10,West,cancelled
2139,1638,2025-04-10,West,returned
2140,2158,2025-09-15,Northeast,completed
2141,3813,2024-06-25,Southwest,completed
2142,3405,2025-12-14,Southeast,completed
2143,577,2024-10-18,Southwest,completed
2144,2977,2024-02-14,Southwest,completed
2145,2154,2024-09-16,Midwest,completed
2146,4622,2025-03-17,Southeast,completed
2147,1497,2025-08-02,Northeast,completed
2148,3545,2025-06-12,Northeast,completed
2149,2609,2026-04-07,Midwest,completed
2150,3414,2026-05-06,West,completed
2151,2803,2025-10-07,Southwest,completed
2152,3432,2025-03-25,Northeast,completed
2153,501,2025-12-19,Midwest,completed
2154,1835,2024-03-20,Southwest,completed
2155,4231,2025-10-03,Southeast,completed
2156,2399,2025-04-03,Midwest,completed
2157,4048,2024-09-17,Northeast,completed
2158,2920,2025-05-13,West,completed
2159,3411,2025-03-15,Southeast,completed
2160,4145,2026-03-03,West,completed
2161,2393,2025-10-05,Southwest,completed
2162,1481,2025-06-23,Midwest,completed
2163,3949,2024-06-03,Southwest,completed
2164,4381,2024-02-01,Southwest,completed
2165,1930,2025-09-06,Midwest,completed
2166,3882,2025-03-20,Midwest,completed
2167,4962,2024-09-05,Northeast,completed
2168,2345,2025-03-15,West,completed
2169,187,2025-01-15,Northeast,completed
2170,4989,2026-08-06,Northeast,completed
2171,3433,2024-03-16,West,completed
2172,612,2024-04-12,Midwest,completed
2173,1637,2024-01-24,West,completed
2174,2461,2025-07-01,Midwest,completed
2175,3343,2026-04-26,Northeast,completed
2176,599,2025-01-17,Southwest,completed
2177,1057,2025-08-21,Northeast,returned
2178,1057,2026-06-16,Northeast,completed
2179,2446,2024-04-16,Southeast,completed
2180,3095,2024-03-01,Midwest,completed
2181,3114,2026-06-14,Northeast,completed
2182,4104,2025-07-26,Southeast,completed
2183,215,2025-10-31,Midwest,completed
2184,3020,2025-07-09,Southwest,completed
2185,1087,2025-11-11,West,completed
2186,3881,2026-02-07,Southwest,completed
2187,1398,2025-01-08,Northeast,completed
2188,3740,2024-11-29,Southwest,completed
2189,4090,2025-04-01,West,completed
2190,3300,2026-06-08,Northeast,completed
2191,648,2024-03-06,Southwest,completed
2192,1930,2026-07-06,Midwest,cancelled
2193,1852,2026-04-13,Northeast,cancelled
2194,2483,2024-12-08,Southeast,completed
2195,1857,2024-02-25,Southeast,completed
2196,3132,2026-01-18,Southwest,completed
2197,2998,2025-09-16,West,completed
2198,3630,2024-09-17,Southeast,completed
2199,1263,2025-11-15,Northeast,completed
2200,1977,2025-07-12,Southeast,completed
2201,4645,2024-01-20,Northeast,completed
2202,2636,2025-02-12,Southwest,completed
2203,1781,2024-04-03,Northeast,completed
2204,2186,2025-06-07,Southwest,completed
2205,658,2026-01-12,Midwest,completed
2206,4971,2025-08-31,West,completed
2207,4906,2024-10-03,Midwest,completed
2208,1208,2026-07-01,Midwest,completed
2209,4767,2024-08-02,Midwest,completed
2210,1846,2024-06-30,Northeast,completed
2211,2344,2026-08-05,Midwest,completed
2212,46,2024-02-19,West,completed
2213,314,2025-10-08,West,completed
2214,630,2025-04-24,West,completed
2215,2743,2026-02-09,Southwest,completed
2216,2292,2024-11-21,Midwest,completed
2217,295,2026-01-29,Southwest,completed
2218,1420,2026-01-27,Midwest,completed
2219,199,2024-08-13,West,completed
2220,2553,2024-07-28,Southwest,completed
2221,106,2024-05-01,Southwest,completed
2222,1799,2024-02-13,West,returned
2223,4492,2026-05-05,Northeast,completed
2224,1142,2024-01-04,West,completed
2225,3660,2024-10-19,Northeast,completed
2226,4603,2024-04-13,West,completed
2227,1822,2024-01-31,Southwest,completed
2228,2622,2024-04-05,West,completed
2229,3095,2025-02-07,Midwest,completed
2230,83,2025-12-14,Southwest,completed
2231,2615,2026-01-26,West,completed
2232,761,2025-10-07,Northeast,completed
2233,165,2025-08-03,Midwest,completed
2234,1334,2025-06-13,Southwest,completed
2235,2913,2025-04-11,Southwest,completed
2236,2840,2025-03-01,Northeast,completed
2237,2813,2024-06-29,Midwest,completed
2238,1636,2026-08-07,Southeast,completed
2239,1023,2024-07-25,Midwest,completed
2240,1841,2024-11-03,West,cancelled
2241,721,2024-04-24,Midwest,completed
2242,3318,2024-02-09,West,completed
2243,4608,2026-04-11,Northeast,completed
2244,984,2024-09-08,Southeast,completed
2245,2410,2025-10-12,Southeast,completed
2246,4769,2025-06-08,Southwest,completed
2247,1191,2025-05-06,Southeast,completed
2248,420,2025-03-16,West,completed
2249,3578,2025-07-20,Midwest,completed
2250,2131,2024-06-01,Northeast,completed
2251,1765,2024-07-16,Midwest,completed
2252,2919,2025-08-09,Southwest,completed
2253,1139,2024-05-01,West,completed
2254,4873,2024-12-05,Midwest,completed
2255,3245,2025-12-24,Northeast,completed
2256,2563,2025-12-28,Southeast,completed
2257,4563,2025-11-20,Southeast,completed
2258,35,2024-09-26,Southwest,completed
2259,3543,2024-01-22,West,completed
2260,396,2025-12-01,Midwest,completed
2261,4894,2024-08-10,West,returned
2262,1603,2024-08-10,Southwest,completed
2263,2443,2024-09-30,Southwest,completed
2264,4942,2025-06-21,Southeast,completed
2265,3931,2025-06-15,Southwest,completed
2266,904,2026-03-27,Northeast,completed
2267,3886,2024-12-19,Southwest,completed
2268,2816,2024-10-05,Northeast,completed
2269,2418,2024-05-31,West,completed
2270,3021,2026-06-29,Southwest,completed
2271,1832,2024-12-20,Northeast,completed
2272,419,2024-10-23,West,returned
2273,4580,2026-07-14,West,completed
2274,4338,2024-04-15,Northeast,completed
2275,980,2026-02-19,Midwest,completed
2276,508,2024-06-17,West,completed
2277,964,2026-01-15,Southeast,completed
2278,157,2024-01-07,Southwest,completed
2279,1089,2025-06-10,Southeast,completed
2280,3382,2025-09-22,Northeast,completed
2281,3611,2026-06-17,Northeast,completed
2282,1274,2024-09-25,West,completed
2283,855,2025-02-16,Southeast,cancelled
2284,1456,2024-12-07,West,completed
2285,4957,2026-05-03,West,completed
2286,4930,2024-02-22,West,completed
2287,1925,2025-12-28,Southeast,completed
2288,4201,2024-05-24,West,completed
2289,1261,2025-02-09,Southwest,completed
2290,3872,2025-12-26,Southwest,completed
2291,4996,2024-11-08,Northeast,returned
2292,2651,2026-05-30,Southeast,cancelled
2293,531,2025-01-18,Southeast,completed
2294,542,2024-03-03,Midwest,completed
2295,4068,2024-02-11,Southwest,completed
2296,126,2024-03-01,Midwest,completed
2297,2846,2025-09-03,West,completed
2298,3157,2025-04-28,Southwest,completed
2299,596,2024-04-20,West,completed
2300,4149,2026-06-16,West,completed
2301,1342,2024-11-19,West,completed
2302,4570,2024-11-01,Northeast,completed
2303,3915,2026-04-29,Midwest,completed
2304,4976,2024-12-16,Northeast,completed
2305,791,2025-12-14,Southeast,completed
2306,235,2026-01-20,West,completed
2307,423,2024-04-29,Southwest,completed
2308,4170,2026-08-20,Midwest,completed
2309,477,2024-05-03,Southeast,completed
2310,4800,2026-03-16,Southeast,completed
2311,645,2025-07-29,Midwest,completed
2312,2203,2026-07-03,Southeast,completed
2313,2910,2024-09-09,West,completed
2314,1535,2025-07-05,West,completed
2315,3447,2024-09-24,Northeast,completed
2316,193,2026-02-27,West,completed
2317,2937,2026-01-19,West,completed
2318,258,2026-02-12,Southwest,completed
2319,1914,2025-12-16,Southwest,completed
2320,147,2026-05-02,Southwest,completed
2321,1342,2026-01-22,West,cancelled
2322,3832,2025-03-16,West,completed
2323,3681,2026-08-23,West,completed
2324,3687,2026-06-15,Southeast,completed
2325,2467,2025-12-28,Southeast,completed
2326,48,2024-10-16,Northeast,completed
2327,46,2025-05-27,West,completed
2328,1050,2025-10-16,Midwest,cancelled
2329,4116,2024-10-01,Northeast,completed
2330,2806,2025-06-24,Southeast,completed
2331,1508,2025-12-20,Southwest,completed
2332,2023,2025-09-06,Northeast,completed
2333,4705,2024-09-23,Midwest,completed
2334,1854,2026-02-02,Southeast,completed
2335,2702,2026-05-04,West,completed
2336,4478,2024-08-16,West,completed
2337,3730,2024-10-02,Northeast,completed
2338,4931,2025-09-25,Southwest,completed
2339,3441,2025-05-23,Midwest,completed
2340,3025,2024-10-15,Northeast,returned
2341,4515,2024-03-24,West,completed
2342,3140,2025-01-02,Southeast,completed
2343,2687,2025-11-02,Northeast,completed
2344,2800,2024-04-12,Southwest,completed
2345,1412,2025-03-11,Southeast,completed
2346,3786,2024-01-01,Southwest,returned
2347,4786,2025-07-07,Southeast,completed
2348,3287,2025-11-03,Northeast,completed
2349,1446,2026-07-14,Southeast,completed
2350,3914,2026-07-23,West,completed
2351,1218,2024-11-14,West,completed
2352,1359,2025-07-21,Northeast,cancelled
2353,4099,2024-09-22,West,returned
2354,4424,2025-07-06,Southwest,completed
2355,3347,2025-04-16,Southeast,completed
2356,4804,2024-11-08,West,completed
2357,4717,2024-07-14,Southwest,returned
2358,153,2025-09-19,Northeast,completed
2359,652,2026-02-17,Southeast,completed
2360,3602,2024-09-08,West,cancelled
2361,684,2025-09-26,Southeast,completed
2362,2532,2025-08-15,West,completed
2363,523,2025-04-15,Northeast,cancelled
2364,2916,2024-11-01,Midwest,completed
2365,1134,2024-08-11,Southeast,completed
2366,1999,2025-03-18,West,completed
2367,1509,2026-06-25,Southwest,completed
2368,3214,2024-11-23,Southeast,completed
2369,2388,2024-03-08,Midwest,completed
2370,934,2025-11-06,Midwest,completed
2371,3911,2025-12-10,Northeast,returned
2372,13,2026-05-06,Southeast,completed
2373,3854,2025-05-31,Southeast,completed
2374,1585,2026-03-15,West,cancelled
2375,2638,2024-04-11,West,cancelled
2376,2592,2024-09-05,Northeast,completed
2377,610,2026-04-26,Southeast,completed
2378,865,2025-03-20,Midwest,completed
2379,3386,2025-09-16,West,completed
2380,3506,2024-02-11,Southwest,cancelled
2381,2443,2024-04-07,Southwest,completed
2382,3675,2025-04-01,Midwest,completed
2383,1009,2025-02-15,Midwest,completed
2384,114,2026-02-13,Southwest,completed
2385,1174,2024-07-10,Midwest,completed
2386,2877,2024-05-06,Southeast,completed
2387,4437,2025-12-11,Midwest,completed
2388,1443,2024-03-11,Midwest,completed
2389,1231,2024-12-16,West,completed
2390,3601,2026-06-24,Northeast,completed
2391,4431,2025-04-21,Southwest,completed
2392,3266,2025-11-18,Southeast,completed
2393,1457,2024-03-13,Midwest,completed
2394,3331,2025-12-23,Southwest,completed
2395,2602,2025-12-30,Northeast,completed
2396,2324,2026-07-01,West,completed
2397,2711,2026-04-12,Southeast,completed
2398,2037,2025-08-13,Southeast,completed
2399,2815,2025-11-22,Midwest,completed
2400,3707,2024-10-11,West,completed
2401,2681,2024-07-18,Northeast,cancelled
2402,2212,2026-06-30,West,completed
2403,1478,2026-06-25,Southeast,cancelled
2404,195,2025-04-14,Southwest,completed
2405,171,2025-11-09,West,returned
2406,3888,2024-10-12,Southeast,completed
2407,2399,2024-10-09,Midwest,completed
2408,960,2025-09-22,Southeast,completed
2409,3606,2025-07-31,Southeast,completed
2410,4612,2026-05-25,Southeast,completed
2411,4541,2024-09-06,Southwest,completed
2412,2958,2026-03-23,Northeast,completed
2413,849,2025-01-13,Southeast,completed
2414,4836,2025-11-28,Southeast,returned
2415,818,2024-12-06,Southeast,completed
2416,4651,2024-09-18,Northeast,completed
2417,2850,2025-12-18,West,completed
2418,792,2026-07-15,Southeast,completed
2419,4587,2024-11-12,Southeast,completed
2420,3203,2025-11-09,West,completed
2421,4251,2026-07-08,Southwest,returned
2422,2172,2026-05-13,Midwest,completed
2423,2638,2025-12-04,West,completed
2424,1277,2025-03-05,Southwest,completed
2425,4222,2026-04-27,Midwest,completed
2426,3348,2026-02-18,Midwest,completed
2427,2204,2026-06-14,Southeast,cancelled
2428,477,2024-09-28,Southeast,returned
2429,1748,2026-07-16,Midwest,completed
2430,3359,2025-03-12,Southwest,cancelled
2431,162,2026-01-30,Southeast,completed
2432,4732,2025-08-21,West,completed
2433,3874,2025-04-19,Midwest,completed
2434,920,2025-07-13,Southwest,completed
2435,3741,2026-06-16,Southeast,completed
2436,2979,2024-11-10,Southwest,completed
2437,4979,2024-03-19,Northeast,completed
2438,2155,2025-04-08,West,completed
2439,1796,2025-05-10,Northeast,completed
2440,492,2024-09-16,Southeast,completed
2441,1993,2025-11-17,West,returned
2442,2631,2024-03-03,Southeast,completed
2443,4440,2024-01-27,West,completed
2444,1560,2024-12-30,Southeast,completed
2445,1184,2026-07-01,Southwest,completed
2446,3209,2024-07-31,Northeast,completed
2447,3312,2024-09-19,Southwest,completed
2448,548,2024-02-08,Northeast,completed
2449,2133,2025-02-12,Southeast,completed
2450,1637,2026-01-18,West,completed
2451,2503,2024-05-18,West,completed
2452,2900,2024-05-24,Southeast,cancelled
2453,65,2024-03-14,Southwest,cancelled
2454,281,2024-07-15,West,completed
2455,4049,2025-05-20,Northeast,completed
2456,4214,2024-02-25,Midwest,completed
2457,556,2024-10-16,Southwest,completed
2458,3322,2024-05-29,Southeast,cancelled
2459,4299,2025-02-25,Southwest,completed
2460,2475,2024-08-02,Southwest,completed
2461,851,2024-05-14,West,completed
2462,4114,2024-12-26,Northeast,completed
2463,4848,2024-09-23,Southwest,completed
2464,1146,2026-04-01,Midwest,completed
2465,4075,2025-05-10,Midwest,completed
2466,217,2024-09-01,Midwest,completed
2467,3285,2026-04-27,Southeast,cancelled
2468,1838,2024-01-11,Midwest,completed
2469,3130,2024-01-26,Southeast,completed
2470,2917,2025-08-04,Southwest,completed
2471,3351,2025-06-14,Midwest,completed
2472,3455,2025-11-06,West,completed
2473,1531,2024-11-29,Midwest,completed
2474,4087,2026-04-06,Southeast,completed
2475,3940,2025-11-18,Midwest,completed
2476,3019,2024-05-06,Northeast,completed
2477,1986,2026-04-02,Southeast,completed
2478,1641,2026-03-01,West,completed
2479,4316,2024-12-28,Southeast,completed
2480,2079,2024-03-16,Southeast,completed
2481,2961,2026-08-20,Southwest,completed
2482,4208,2026-08-14,Southeast,completed
2483,130,2025-03-15,Southeast,completed
2484,300,2024-10-26,Southeast,completed
2485,3214,2024-07-03,Southeast,completed
2486,4178,2026-06-14,West,completed
2487,2445,2025-08-03,West,completed
2488,4420,2024-09-17,Southwest,completed
2489,4179,2025-07-23,Northeast,completed
2490,4870,2024-05-10,Midwest,completed
2491,1143,2024-10-18,West,completed
2492,226,2026-04-25,Southwest,completed
2493,2901,2024-04-21,Midwest,completed
2494,3820,2026-05-26,Southwest,completed
2495,2375,2024-10-24,Midwest,completed
2496,2636,2024-09-28,Southwest,completed
2497,803,2025-05-23,Midwest,completed
2498,606,2024-06-28,Northeast,completed
2499,1287,2025-03-25,Northeast,completed
2500,3529,2026-03-24,Northeast,completed
2501,1494,2026-05-15,Northeast,completed
2502,2175,2024-07-23,Southeast,completed
2503,3541,2025-05-08,Northeast,completed
2504,2309,2026-03-12,Northeast,cancelled
2505,940,2024-02-18,Southwest,completed
2506,2970,2025-09-30,Northeast,completed
2507,2330,2025-01-06,Southeast,completed
2508,4014,2024-05-22,Northeast,completed
2509,4094,2024-01-05,West,completed
2510,638,2024-08-09,Northeast,completed
2511,1466,2024-11-04,Northeast,completed
2512,4133,2026-07-14,Northeast,completed
2513,4636,2026-01-06,West,completed
2514,4385,2026-03-12,Southwest,completed
2515,2262,2024-07-22,Northeast,completed
2516,4293,2025-03-12,Midwest,completed
2517,4910,2024-08-18,West,completed
2518,2798,2024-08-05,Southeast,completed
2519,1996,2025-09-08,Southwest,completed
2520,944,2026-02-19,Midwest,completed
2521,4356,2024-02-11,Southeast,completed
2522,4599,2026-02-09,Southwest,completed
2523,1420,2024-07-25,Midwest,completed
2524,2573,2025-01-12,Southwest,returned
2525,2542,2026-02-24,Midwest,cancelled
2526,4193,2024-09-05,Midwest,completed
2527,3058,2024-06-01,Southeast,completed
2528,818,2026-02-24,Southeast,completed
2529,2028,2025-02-16,Southwest,completed
2530,886,2024-05-18,Southeast,completed
2531,1685,2025-07-30,Northeast,cancelled
2532,2704,2026-03-28,Southwest,completed
2533,2954,2024-05-26,West,completed
2534,462,2025-05-22,Midwest,completed
2535,4197,2024-07-10,Southeast,completed
2536,4322,2024-01-31,Southwest,completed
2537,2652,2026-05-27,West,completed
2538,286,2025-05-22,Southwest,completed
2539,2793,2025-05-18,Southeast,completed
2540,4843,2024-09-21,Northeast,completed
2541,2358,2024-02-07,Southwest,completed
2542,3877,2025-09-23,Northeast,cancelled
2543,1770,2025-02-28,Southwest,completed
2544,4069,2025-01-13,Southeast,cancelled
2545,2283,2024-11-03,West,completed
2546,4678,2024-12-03,Midwest,completed
2547,4503,2025-03-25,Midwest,completed
2548,1271,2024-01-19,Northeast,completed
2549,2820,2024-12-16,Midwest,completed
2550,2212,2026-08-16,West,completed
2551,506,2025-05-17,Midwest,completed
2552,3264,2024-10-28,Southwest,completed
2553,3416,2026-04-23,Northeast,completed
2554,2856,2026-07-25,Northeast,completed
2555,2226,2025-10-13,Northeast,completed
2556,2412,2024-08-07,West,completed
2557,4411,2024-09-24,Northeast,completed
2558,3728,2025-12-23,Northeast,cancelled
2559,4589,2025-01-21,West,completed
2560,1761,2026-07-31,Midwest,completed
2561,2135,2025-08-28,Southeast,completed
2562,4456,2025-10-09,Southwest,completed
2563,983,2026-05-21,West,completed
2564,1947,2025-02-07,Northeast,completed
2565,3369,2024-08-01,Southwest,completed
2566,852,2024-11-20,Southeast,completed
2567,1742,2026-03-29,Northeast,completed
2568,3599,2025-05-02,Southeast,completed
2569,2121,2024-05-31,West,completed
2570,3681,2025-09-01,West,cancelled
2571,3002,2025-12-07,Southeast,cancelled
2572,1390,2024-03-11,West,completed
2573,1746,2025-05-03,Midwest,returned
2574,2779,2026-01-29,Southeast,completed
2575,3453,2024-02-11,Southwest,completed
2576,591,2026-07-23,Southwest,completed
2577,597,2024-07-28,Midwest,completed
2578,2960,2025-12-03,Southwest,completed
2579,2712,2024-01-15,Midwest,completed
2580,330,2025-10-12,West,cancelled
2581,3358,2025-01-18,Northeast,completed
2582,1425,2026-08-19,Northeast,completed
2583,105,2025-04-12,Southeast,completed
2584,4728,2024-01-30,West,completed
2585,4417,2024-03-19,West,completed
2586,1922,2026-03-05,Southeast,completed
2587,175,2024-10-22,Midwest,completed
2588,39,2025-05-30,Northeast,completed
2589,3443,2024-10-10,West,completed
2590,4464,2024-04-05,West,completed
2591,2163,2026-07-30,Southwest,completed
2592,2398,2025-06-13,Southwest,completed
2593,4110,2025-01-01,Southeast,returned
2594,2608,2024-01-29,Midwest,completed
2595,367,2024-02-27,West,completed
2596,3463,2024-09-03,Southwest,completed
2597,2135,2025-05-26,Southeast,completed
2598,3147,2024-04-25,Southeast,completed
2599,2773,2025-04-18,West,completed
2600,4314,2025-12-07,Northeast,completed
2601,3842,2024-08-09,West,completed
2602,546,2025-10-11,Southeast,completed
2603,4348,2026-07-29,Southwest,completed
2604,2971,2026-06-25,Midwest,completed
2605,3609,2025-06-23,West,completed
2606,1688,2025-04-14,Southwest,completed
2607,354,2024-04-19,Southeast,completed
2608,802,2024-06-25,Southwest,completed
2609,202,2024-12-27,Southeast,completed
2610,4338,2026-08-23,Northeast,completed
2611,4931,2024-01-27,Southwest,completed
2612,4414,2025-01-28,Southwest,completed
2613,1827,2026-08-02,West,completed
2614,3547,2024-08-30,Southwest,cancelled
2615,396,2024-06-04,Midwest,completed
2616,3799,2025-11-02,Southwest,completed
2617,3892,2024-04-22,Northeast,completed
2618,2694,2025-02-24,Midwest,completed
2619,4138,2024-02-25,Southwest,completed
2620,4772,2024-12-25,West,completed
2621,3490,2024-12-05,Southeast,cancelled
2622,2740,2024-12-02,West,completed
2623,284,2024-11-23,West,completed
2624,3268,2024-06-19,Southeast,completed
2625,4338,2024-11-26,Northeast,completed
2626,2562,2024-03-14,Southeast,completed
2627,494,2026-02-03,Southwest,completed
2628,2102,2025-07-22,Midwest,completed
2629,4440,2026-05-27,West,completed
2630,373,2024-01-12,Northeast,cancelled
2631,1546,2024-07-03,West,completed
2632,72,2026-02-22,West,completed
2633,1649,2024-04-24,Midwest,completed
2634,3117,2024-11-02,Northeast,completed
2635,1469,2026-07-08,Southeast,completed
2636,3625,2024-05-10,Northeast,completed
2637,850,2025-02-01,Southeast,completed
2638,2206,2025-01-15,Midwest,completed
2639,3967,2025-08-16,Southeast,completed
2640,1128,2025-10-27,Northeast,completed
2641,2347,2026-01-24,Southeast,completed
2642,2017,2026-07-07,Northeast,completed
2643,4771,2025-08-27,Midwest,completed
2644,4213,2024-02-09,West,completed
2645,1500,2026-01-31,Southwest,completed
2646,538,2024-04-24,Southeast,completed
2647,4907,2025-12-03,Midwest,completed
2648,4,2025-12-30,West,returned
2649,1987,2025-10-17,Northeast,completed
2650,1964,2024-10-15,Southeast,completed
2651,602,2026-07-21,Northeast,cancelled
2652,2912,2026-08-10,Midwest,cancelled
2653,3117,2025-09-27,Northeast,completed
2654,1118,2025-12-12,Northeast,completed
2655,3214,2026-05-21,Southeast,completed
2656,2062,2024-05-09,Southeast,completed
2657,2143,2024-08-15,West,completed
2658,3788,2025-05-03,Southeast,completed
2659,2934,2026-03-12,West,completed
2660,1644,2026-06-19,Midwest,completed
2661,4066,2025-05-22,Northeast,completed
2662,4088,2024-11-03,Midwest,completed
2663,311,2025-03-19,Northeast,completed
2664,1716,2024-03-01,Midwest,completed
2665,4286,2026-06-02,Southeast,completed
2666,4914,2025-02-26,Southwest,completed
2667,4409,2024-06-24,Southeast,cancelled
2668,806,2024-08-06,Midwest,completed
2669,1462,2025-08-13,West,completed
2670,4091,2025-12-10,Southwest,completed
2671,3358,2025-06-01,Northeast,completed
2672,4519,2024-04-27,Southwest,completed
2673,105,2026-07-20,Southeast,completed
2674,1267,2024-11-04,Southwest,completed
2675,2132,2026-05-31,West,completed
2676,3246,2025-05-01,Northeast,completed
2677,4238,2025-09-09,Southwest,completed
2678,1562,2025-09-08,Northeast,completed
2679,967,2025-05-29,West,completed
2680,3654,2026-02-11,Southwest,completed
2681,3687,2024-02-28,Southeast,completed
2682,2832,2024-10-31,Southwest,completed
2683,4900,2026-01-02,Northeast,completed
2684,2755,2024-01-11,Northeast,completed
2685,3158,2026-03-02,Northeast,completed
2686,2865,2024-01-19,Southeast,completed
2687,1692,2025-11-27,West,completed
2688,3571,2025-09-17,West,completed
2689,1645,2025-09-12,West,completed
2690,3244,2026-06-18,Northeast,completed
2691,3334,2026-02-08,West,completed
2692,4248,2026-03-09,West,completed
2693,2187,2024-06-24,Southwest,completed
2694,3683,2024-05-18,Southwest,completed
2695,1511,2025-02-15,Southeast,completed
2696,907,2024-01-17,Midwest,completed
2697,1781,2025-07-08,Northeast,completed
2698,3772,2025-04-15,Southwest,completed
2699,4338,2024-07-28,Northeast,completed
2700,3356,2024-03-08,Southwest,cancelled
2701,4723,2026-01-20,Midwest,completed
2702,3508,2024-09-25,Southwest,completed
2703,3941,2024-09-26,Southeast,completed
2704,1361,2024-03-07,Northeast,completed
2705,1259,2025-07-15,Southwest,completed
2706,2030,2025-01-10,Southeast,completed
2707,2290,2024-12-18,Southwest,completed
2708,4040,2024-08-26,Southeast,completed
2709,3829,2025-06-01,Southeast,completed
2710,2209,2025-07-08,Southwest,completed
2711,1349,2026-01-15,Southeast,completed
2712,140,2026-04-15,Southeast,completed
2713,1895,2025-12-18,West,completed
2714,1560,2024-12-05,Southeast,cancelled
2715,1114,2025-05-11,Northeast,returned
2716,4285,2024-08-04,Northeast,completed
2717,1440,2026-02-14,Midwest,completed
2718,3209,2024-02-03,Northeast,completed
2719,3377,2026-01-06,Midwest,completed
2720,4164,2025-08-08,Midwest,completed
2721,1523,2026-07-19,Southeast,completed
2722,3408,2025-01-10,West,completed
2723,2227,2025-01-21,Southeast,completed
2724,4923,2024-02-12,Southwest,completed
2725,4720,2026-08-24,West,completed
2726,4985,2025-12-04,West,completed
2727,2683,2026-05-22,Southeast,completed
2728,1762,2024-02-09,Northeast,completed
2729,2256,2025-03-16,West,completed
2730,2360,2025-01-23,Southwest,completed
2731,3027,2024-08-23,Southeast,returned
2732,2329,2025-01-12,Midwest,cancelled
2733,4125,2024-05-02,Southeast,completed
2734,4141,2025-01-26,Southwest,completed
2735,1963,2025-03-23,Southwest,cancelled
2736,2875,2025-07-10,Northeast,completed
2737,5000,2024-01-08,Northeast,completed
2738,2398,2025-10-13,Southwest,completed
2739,3516,2024-05-04,Midwest,returned
2740,2894,2024-11-13,Southeast,completed
2741,1618,2026-02-26,Midwest,completed
2742,4085,2025-04-08,Southeast,completed
2743,122,2024-06-23,Northeast,completed
2744,2723,2025-01-21,Midwest,completed
2745,4482,2025-11-25,Southeast,completed
2746,709,2024-02-02,Southwest,completed
2747,2544,2025-05-20,Northeast,completed
2748,225,2025-04-15,Southeast,completed
2749,2526,2025-03-06,Southwest,completed
2750,4880,2024-06-26,Southeast,completed
2751,4091,2025-04-14,Southwest,cancelled
2752,1204,2025-06-16,Midwest,completed
2753,1534,2026-01-31,Southwest,completed
2754,1101,2024-06-08,Northeast,completed
2755,3731,2025-09-15,West,completed
2756,1090,2024-01-17,Northeast,completed
2757,3173,2025-04-09,West,completed
2758,241,2024-11-23,West,completed
2759,947,2024-02-09,Northeast,completed
2760,2578,2025-11-09,Northeast,completed
2761,2870,2025-03-06,West,completed
2762,3127,2024-03-20,West,returned
2763,2006,2024-04-16,West,completed
2764,2601,2026-03-29,Midwest,completed
2765,3318,2024-11-29,West,completed
2766,4543,2024-12-04,Southwest,completed
2767,98,2026-04-23,Midwest,completed
2768,596,2025-10-15,West,completed
2769,134,2024-09-13,Midwest,completed
2770,250,2024-06-10,Southeast,returned
2771,3074,2025-12-31,Southeast,completed
2772,1363,2024-11-14,West,completed
2773,437,2026-05-05,West,completed
2774,3137,2026-01-07,Southwest,completed
2775,2312,2025-07-06,Midwest,completed
2776,3761,2025-06-21,West,completed
2777,4600,2026-07-20,Northeast,completed
2778,1500,2024-05-08,Southwest,completed
2779,4422,2024-07-20,Northeast,completed
2780,323,2026-06-24,West,completed
2781,798,2024-12-09,Southwest,completed
2782,3854,2025-04-10,Southeast,completed
2783,2406,2024-05-12,Southeast,cancelled
2784,1008,2024-01-10,Southwest,completed
2785,2698,2024-07-26,West,cancelled
2786,924,2026-03-27,Southwest,completed
2787,2837,2025-08-17,West,cancelled
2788,3061,2025-09-04,Southeast,completed
2789,69,2025-02-19,Northeast,completed
2790,1359,2026-06-05,Northeast,completed
2791,650,2024-06-15,West,completed
2792,1945,2026-01-09,Southwest,cancelled
2793,2068,2024-08-28,West,cancelled
2794,3448,2025-03-07,Southeast,completed
2795,2707,2024-01-23,Northeast,completed
2796,441,2025-07-07,Northeast,completed
2797,2143,2026-04-04,West,returned
2798,4228,2025-06-12,Northeast,returned
2799,3636,2024-11-13,Southwest,completed
2800,4332,2026-01-25,West,completed
2801,92,2024-11-18,West,completed
2802,4196,2025-09-22,Southeast,completed
2803,448,2024-12-02,Northeast,completed
2804,3386,2024-10-25,West,completed
2805,859,2024-02-18,West,completed
2806,4098,2024-03-20,Northeast,completed
2807,3232,2025-05-07,Southeast,completed
2808,4797,2025-03-22,Midwest,completed
2809,4903,2026-08-08,Southwest,returned
2810,494,2025-03-19,Southwest,completed
2811,1751,2026-05-06,Southwest,completed
2812,448,2024-12-07,Northeast,completed
2813,96,2025-06-18,West,completed
2814,3588,2025-08-26,Midwest,completed
2815,4776,2024-05-10,Southwest,completed
2816,1578,2026-05-14,West,completed
2817,921,2025-06-10,Southwest,completed
2818,3877,2025-10-20,Northeast,returned
2819,1715,2024-02-25,West,completed
2820,964,2025-07-22,Southeast,completed
2821,4802,2024-09-30,West,completed
2822,4453,2024-08-14,Southwest,completed
2823,4020,2026-08-05,West,completed
2824,8,2024-03-17,Southeast,returned
2825,3618,2024-01-03,Northeast,completed
2826,1756,2026-06-26,Southeast,completed
2827,887,2024-06-25,West,cancelled
2828,1027,2025-12-05,Southeast,completed
2829,3652,2025-10-04,Northeast,completed
2830,3804,2024-01-18,West,completed
2831,47,2025-07-19,Midwest,cancelled
2832,4749,2026-05-18,West,completed
2833,3808,2025-05-12,Midwest,completed
2834,4299,2024-04-13,Southwest,completed
2835,1044,2025-07-21,West,returned
2836,2137,2025-12-14,Northeast,completed
2837,3813,2026-05-11,Southwest,completed
2838,3775,2026-07-26,Midwest,completed
2839,3879,2026-01-30,Southeast,completed
2840,206,2025-11-28,West,completed
2841,2956,2025-04-01,Southeast,cancelled
2842,2694,2025-02-03,Midwest,completed
2843,1437,2024-02-15,Southwest,completed
2844,4933,2025-08-01,Midwest,completed
2845,633,2024-06-19,Northeast,completed
2846,3120,2024-06-08,Southwest,completed
2847,3190,2026-05-21,Northeast,completed
2848,1544,2024-10-04,Southwest,completed
2849,4640,2025-11-17,Southwest,completed
2850,1054,2024-02-05,Southwest,completed
2851,2651,2026-01-08,Southeast,completed
2852,934,2024-07-19,Midwest,completed
2853,261,2024-11-19,West,completed
2854,1594,2025-07-12,Northeast,completed
2855,4585,2024-10-05,Southwest,completed
2856,4113,2025-05-20,Northeast,completed
2857,3323,2025-06-06,Midwest,completed
2858,3864,2024-01-29,West,completed
2859,3335,2026-03-26,Southeast,completed
2860,2571,2024-07-01,West,completed
2861,3800,2024-05-05,West,completed
2862,46,2025-09-16,West,completed
2863,3231,2024-07-27,West,completed
2864,912,2025-03-04,Southwest,completed
2865,2816,2025-01-28,Northeast,completed
2866,2618,2025-10-12,Southwest,completed
2867,2604,2026-02-25,Midwest,completed
2868,738,2026-08-06,Northeast,completed
2869,324,2025-11-13,Southwest,completed
2870,2506,2025-06-01,Southeast,completed
2871,2627,2025-04-20,Southwest,completed
2872,150,2025-05-18,West,completed
2873,3402,2026-06-22,Midwest,completed
2874,54,2024-06-30,West,cancelled
2875,2872,2024-04-02,Southwest,completed
2876,3077,2026-03-13,West,completed
2877,647,2024-09-18,Northeast,cancelled
2878,4675,2024-11-28,Southwest,completed
2879,1761,2025-02-23,Midwest,completed
2880,1420,2026-04-14,Midwest,completed
2881,4834,2025-04-24,West,completed
2882,1804,2026-01-27,Northeast,completed
2883,3592,2024-03-13,Northeast,completed
2884,3520,2025-05-10,West,completed
2885,987,2025-01-10,Southeast,completed
2886,4457,2024-05-08,Midwest,returned
2887,1930,2025-01-16,Midwest,completed
2888,4226,2024-08-27,Northeast,completed
2889,2386,2025-08-02,Southwest,completed
2890,2507,2024-10-18,Northeast,completed
2891,4291,2024-07-11,Northeast,completed
2892,3937,2025-12-10,West,completed
2893,4663,2024-02-04,West,completed
2894,1326,2024-03-04,Southeast,completed
2895,429,2024-10-18,Northeast,completed
2896,3633,2025-12-02,Southeast,completed
2897,4992,2026-05-26,West,cancelled
2898,762,2025-12-13,Southwest,returned
2899,1831,2025-03-28,Southeast,completed
2900,2060,2025-11-18,Northeast,completed
2901,286,2024-03-04,Southwest,completed
2902,2570,2026-01-31,Midwest,completed
2903,564,2025-06-10,Southeast,completed
2904,4540,2026-04-25,West,completed
2905,1963,2024-01-15,Southwest,completed
2906,1702,2024-05-04,Southwest,completed
2907,3589,2026-06-19,Southwest,completed
2908,3737,2024-03-04,Northeast,completed
2909,1968,2025-07-16,West,completed
2910,3960,2024-01-25,Northeast,completed
2911,2138,2025-04-16,West,completed
2912,3451,2024-01-18,Midwest,completed
2913,1798,2025-04-03,Southwest,completed
2914,1980,2024-04-23,Northeast,completed
2915,2824,2024-12-08,Southwest,completed
2916,476,2026-03-20,West,cancelled
2917,4036,2025-04-14,Southeast,completed
2918,3289,2024-06-06,Southeast,completed
2919,3884,2025-03-27,Northeast,completed
2920,4804,2024-01-22,West,completed
2921,4539,2025-03-26,Midwest,completed
2922,2732,2026-06-05,Southwest,completed
2923,3577,2024-09-25,Southwest,completed
2924,1165,2026-05-25,West,completed
2925,2598,2024-12-13,Northeast,returned
2926,1190,2025-07-26,West,completed
2927,1663,2026-03-02,Midwest,completed
2928,629,2025-11-25,Southeast,completed
2929,4078,2024-08-24,Southeast,completed
2930,2368,2025-03-14,Southwest,completed
2931,1642,2025-09-28,Southeast,completed
2932,129,2024-06-08,West,cancelled
2933,2729,2024-01-08,Midwest,completed
2934,1412,2026-04-14,Southeast,cancelled
2935,4107,2026-06-14,Northeast,completed
2936,1424,2025-10-22,West,returned
2937,2326,2025-07-12,Southeast,completed
2938,1070,2025-10-28,Southwest,completed
2939,3649,2024-06-01,Southeast,completed
2940,2690,2025-08-14,West,completed
2941,2354,2024-07-03,Northeast,completed
2942,1477,2025-08-08,Midwest,cancelled
2943,2587,2026-06-19,Midwest,completed
2944,3094,2026-01-25,Southeast,completed
2945,3896,2025-07-23,Northeast,completed
2946,1649,2025-11-01,Midwest,completed
2947,300,2025-10-03,Southeast,completed
2948,3513,2026-05-12,Southwest,completed
2949,4515,2025-06-24,West,completed
2950,1954,2026-04-23,Southwest,completed
2951,2503,2025-12-19,West,completed
2952,2772,2025-04-12,Midwest,completed
2953,4958,2025-02-05,West,completed
2954,4865,2025-02-26,Southeast,completed
2955,3833,2026-04-26,Northeast,completed
2956,3663,2024-04-25,Southeast,completed
2957,3752,2025-06-15,West,completed
2958,3420,2024-12-16,Southwest,completed
2959,4885,2024-08-27,Northeast,completed
2960,237,2026-07-23,Northeast,completed
2961,3791,2025-05-13,Southeast,completed
2962,44,2026-04-01,Southeast,completed
2963,3432,2024-06-23,Northeast,completed
2964,714,2024-04-29,Northeast,completed
2965,655,2025-03-07,Southeast,completed
2966,3879,2025-08-16,Southeast,completed
2967,2350,2026-04-03,Northeast,cancelled
2968,3496,2026-08-02,Southeast,completed
2969,2580,2026-02-06,Midwest,completed
2970,2356,2026-04-04,West,completed
2971,831,2024-01-22,Southwest,completed
2972,1450,2026-08-15,Southeast,completed
2973,2840,2024-09-17,Northeast,completed
2974,2809,2024-11-02,West,completed
2975,2296,2024-11-21,Southwest,completed
2976,2841,2025-09-20,Northeast,completed
2977,2792,2025-10-13,Southeast,completed
2978,3314,2024-05-09,Northeast,completed
2979,1984,2024-06-15,West,completed
2980,544,2026-04-08,Southwest,completed
2981,4908,2026-05-17,Northeast,completed
2982,3768,2026-06-09,Northeast,completed
2983,3491,2026-04-11,Northeast,completed
2984,3941,2024-05-01,Southeast,completed
2985,1538,2025-07-20,Southwest,completed
2986,4212,2024-10-07,West,completed
2987,1143,2025-05-15,West,cancelled
2988,140,2026-04-11,Southeast,completed
2989,1185,2025-02-22,Northeast,completed
2990,1792,2024-06-30,Southwest,completed
2991,2250,2026-07-30,Northeast,completed
2992,4221,2025-04-11,Southwest,completed
2993,1391,2024-08-30,Midwest,completed
2994,2993,2025-01-23,Southwest,completed
2995,3784,2024-04-20,West,completed
2996,1672,2025-02-14,Southeast,completed
2997,4063,2024-02-27,Southeast,completed
2998,4575,2026-07-03,Southwest,completed
2999,3615,2025-05-15,West,returned
3000,307,2025-11-18,Southeast,completed
3001,435,2026-03-20,West,returned
3002,237,2024-06-17,Northeast,completed
3003,3674,2026-03-07,West,completed
3004,1512,2026-08-02,West,completed
3005,3524,2025-12-05,Southeast,completed
3006,1739,2024-06-01,Northeast,cancelled
3007,4001,2025-02-06,Northeast,completed
3008,4593,2026-01-01,Southeast,completed
3009,3895,2026-07-23,Southeast,completed
3010,949,2025-06-27,Midwest,completed
3011,3995,2026-03-30,Southeast,completed
3012,4820,2026-08-10,Northeast,completed
3013,1499,2024-08-14,Midwest,completed
3014,336,2025-04-09,Midwest,completed
3015,961,2025-04-06,Southeast,completed
3016,4966,2026-07-25,Midwest,completed
3017,4184,2026-04-22,Southeast,completed
3018,3232,2025-05-27,Southeast,completed
3019,3309,2026-03-09,West,returned
3020,4891,2026-06-13,Northeast,completed
3021,679,2025-02-15,Northeast,completed
3022,4804,2026-08-03,West,completed
3023,1589,2025-01-01,Midwest,completed
3024,3610,2026-03-17,Southwest,completed
3025,2908,2024-10-13,Northeast,completed
3026,4115,2024-12-26,Midwest,returned
3027,1660,2025-10-19,Northeast,completed
3028,2898,2025-06-14,Northeast,cancelled
3029,176,2024-11-28,Southwest,returned
3030,214,2025-03-04,Southwest,completed
3031,228,2024-09-03,Midwest,completed
3032,4634,2026-02-07,West,completed
3033,3441,2026-08-03,Midwest,completed
3034,1330,2025-04-20,Midwest,completed
3035,4731,2026-07-18,Southwest,returned
3036,4162,2025-10-11,Southwest,completed
3037,4437,2025-08-14,Midwest,completed
3038,3092,2026-07-13,Southeast,completed
3039,2495,2025-03-27,Southeast,completed
3040,4005,2025-09-29,West,completed
3041,4484,2026-04-20,Southwest,completed
3042,3459,2024-03-14,Midwest,completed
3043,50,2025-09-21,Southwest,completed
3044,4254,2025-05-13,West,returned
3045,1932,2024-09-18,Midwest,completed
3046,1904,2024-06-18,Southwest,returned
3047,61,2024-10-15,Midwest,completed
3048,3752,2024-07-24,West,completed
3049,1575,2026-01-12,Northeast,completed
3050,1181,2026-05-11,Midwest,returned
3051,2560,2025-11-03,West,completed
3052,1102,2026-05-10,Southwest,completed
3053,5,2024-03-11,West,completed
3054,3219,2025-11-30,Northeast,returned
3055,2464,2026-03-17,Northeast,completed
3056,689,2024-10-06,Southwest,completed
3057,1697,2026-07-23,Midwest,completed
3058,2556,2026-03-25,West,completed
3059,4590,2024-12-25,Southeast,completed
3060,1722,2024-01-08,West,completed
3061,4603,2024-06-30,West,completed
3062,850,2025-11-26,Southeast,completed
3063,1768,2024-07-26,Southwest,completed
3064,4842,2025-04-24,Southwest,completed
3065,40,2024-07-29,Northeast,cancelled
3066,3147,2025-06-21,Southeast,completed
3067,3846,2025-09-06,Southeast,completed
3068,2572,2024-11-23,Southwest,completed
3069,1621,2024-12-13,Northeast,completed
3070,2015,2026-07-17,Northeast,completed
3071,3791,2025-05-19,Southeast,completed
3072,371,2024-05-04,Southeast,completed
3073,824,2024-02-22,Southeast,completed
3074,935,2026-01-02,West,cancelled
3075,4747,2025-03-10,Midwest,completed
3076,3447,2026-06-02,Northeast,completed
3077,2367,2024-11-26,West,completed
3078,128,2024-12-04,Northeast,completed
3079,2512,2024-08-14,Midwest,completed
3080,1486,2024-09-03,West,cancelled
3081,1375,2026-08-24,West,completed
3082,583,2024-01-26,West,completed
3083,2703,2024-05-05,Northeast,completed
3084,2590,2026-01-17,Southeast,completed
3085,3433,2025-06-20,West,completed
3086,3510,2024-02-03,Northeast,completed
3087,3955,2024-06-08,Southwest,completed
3088,1797,2025-09-02,Midwest,completed
3089,4667,2025-02-16,Northeast,completed
3090,2023,2024-08-25,Northeast,completed
3091,2482,2024-04-24,Southwest,completed
3092,1164,2026-03-13,Southeast,completed
3093,4504,2025-11-17,Northeast,completed
3094,4769,2025-01-17,Southwest,completed
3095,1501,2026-04-03,Southeast,completed
3096,4711,2024-09-08,West,completed
3097,1437,2026-07-04,Southwest,completed
3098,1666,2025-01-10,West,completed
3099,3871,2025-06-14,Southeast,completed
3100,1074,2025-05-26,West,completed
3101,1047,2024-02-12,Northeast,completed
3102,851,2024-01-02,West,completed
3103,855,2025-02-10,Southeast,completed
3104,1300,2026-07-24,Midwest,completed
3105,669,2025-09-20,West,completed
3106,4891,2025-03-21,Northeast,completed
3107,4700,2024-02-24,Northeast,completed
3108,1525,2026-03-02,Southwest,returned
3109,1960,2026-08-22,West,completed
3110,4760,2024-11-14,Midwest,cancelled
3111,3779,2026-02-21,Southwest,completed
3112,4181,2025-01-25,Southwest,completed
3113,2415,2025-11-08,Southeast,completed
3114,4872,2024-12-26,Southwest,completed
3115,3553,2025-06-21,Northeast,completed
3116,3143,2024-03-20,Midwest,completed
3117,627,2024-07-20,West,completed
3118,4811,2025-09-05,Southeast,completed
3119,3409,2026-01-16,Southwest,completed
3120,2729,2024-11-25,Midwest,completed
3121,1889,2024-04-18,West,completed
3122,511,2026-07-07,West,cancelled
3123,1176,2026-03-05,Northeast,completed
3124,223,2025-06-11,Southwest,completed
3125,4737,2026-06-04,Southeast,completed
3126,1144,2025-03-24,Midwest,completed
3127,3858,2025-04-15,Northeast,cancelled
3128,245,2025-02-17,Southwest,completed
3129,2197,2024-08-19,Midwest,completed
3130,2274,2026-04-21,Southwest,completed
3131,4211,2024-02-18,Midwest,completed
3132,1813,2026-02-21,Southwest,completed
3133,3008,2024-04-10,Northeast,completed
3134,237,2024-12-22,Northeast,completed
3135,597,2025-07-14,Midwest,completed
3136,4414,2025-05-14,Southwest,completed
3137,78,2025-01-15,Northeast,completed
3138,2934,2024-05-13,West,completed
3139,2605,2024-12-22,Southwest,completed
3140,1014,2026-01-04,West,completed
3141,2722,2024-05-19,West,returned
3142,3510,2026-07-22,Northeast,completed
3143,1210,2025-03-06,Northeast,completed
3144,1959,2026-04-27,Northeast,returned
3145,805,2025-05-15,Southwest,completed
3146,111,2024-02-10,Northeast,completed
3147,2915,2024-10-31,Northeast,cancelled
3148,915,2026-07-27,Midwest,cancelled
3149,4856,2026-05-01,West,completed
3150,3985,2026-03-24,Southwest,completed
3151,2152,2025-03-13,Northeast,cancelled
3152,1028,2025-08-06,West,completed
3153,3598,2025-11-02,Midwest,completed
3154,662,2025-04-20,Midwest,completed
3155,2444,2025-05-05,Midwest,returned
3156,3920,2024-11-14,Southeast,completed
3157,709,2025-12-03,Southwest,completed
3158,4564,2025-11-21,Midwest,completed
3159,15,2025-03-11,Northeast,completed
3160,2137,2024-06-18,Northeast,completed
3161,14,2025-04-06,Southwest,completed
3162,3771,2024-05-27,Southeast,completed
3163,3564,2025-12-26,Midwest,completed
3164,2601,2024-03-20,Midwest,cancelled
3165,1042,2026-01-31,West,completed
3166,2797,2025-07-24,Southwest,completed
3167,1040,2024-06-29,Northeast,completed
3168,872,2024-02-07,Southeast,completed
3169,4428,2026-04-28,Northeast,completed
3170,4369,2024-08-16,Northeast,completed
3171,233,2026-04-08,West,completed
3172,2117,2026-07-29,Southeast,completed
3173,3072,2024-01-20,Midwest,completed
3174,358,2024-05-27,Midwest,completed
3175,1787,2026-03-02,Southeast,completed
3176,3192,2025-11-02,West,completed
3177,1993,2025-03-11,West,completed
3178,4563,2025-12-05,Southeast,completed
3179,4236,2026-02-02,Northeast,completed
3180,3687,2026-05-09,Southeast,completed
3181,3068,2026-01-08,Southwest,completed
3182,1798,2025-09-21,Southwest,completed
3183,4592,2026-01-18,Southwest,cancelled
3184,1866,2024-03-23,Southwest,returned
3185,3091,2025-01-04,West,completed
3186,3135,2024-09-14,Southwest,completed
3187,2830,2025-02-12,Northeast,returned
3188,648,2025-02-16,Southwest,completed
3189,3665,2026-04-25,Midwest,completed
3190,79,2024-11-29,West,completed
3191,2865,2024-01-07,Southeast,completed
3192,2583,2025-12-11,Northeast,completed
3193,4622,2026-05-13,Southeast,completed
3194,988,2025-02-03,Midwest,cancelled
3195,1344,2024-11-26,Midwest,completed
3196,4949,2024-05-21,Midwest,completed
3197,621,2025-04-03,Midwest,completed
3198,4765,2025-01-13,Midwest,returned
3199,3021,2024-02-25,Southwest,completed
3200,4400,2026-01-24,Midwest,completed
3201,2447,2025-11-17,Midwest,completed
3202,998,2025-08-18,Northeast,completed
3203,276,2024-10-29,West,completed
3204,3699,2024-12-12,Southwest,completed
3205,2817,2024-06-01,Midwest,completed
3206,3158,2024-01-28,Northeast,completed
3207,4379,2024-05-11,Southeast,completed
3208,1236,2025-04-03,Southeast,completed
3209,1733,2026-07-25,Midwest,completed
3210,4068,2026-02-05,Southwest,completed
3211,4306,2025-04-16,Southeast,returned
3212,4183,2024-02-21,Northeast,completed
3213,3259,2025-07-04,West,completed
3214,2948,2024-03-30,West,completed
3215,1826,2025-03-09,West,completed
3216,2426,2026-04-01,West,completed
3217,2381,2025-04-14,West,completed
3218,4896,2024-07-01,Southwest,completed
3219,4819,2026-07-20,Southwest,returned
3220,1035,2026-07-31,Midwest,completed
3221,1476,2024-05-07,Southeast,completed
3222,2434,2026-07-19,Southwest,completed
3223,2867,2025-07-11,Southwest,completed
3224,3375,2025-12-20,West,completed
3225,1292,2024-12-01,Northeast,completed
3226,1624,2025-10-28,Northeast,completed
3227,1736,2025-11-12,West,completed
3228,1059,2024-04-18,Southwest,completed
3229,2135,2026-02-13,Southeast,completed
3230,205,2025-11-30,Midwest,completed
3231,2599,2024-12-28,West,completed
3232,1778,2026-07-31,West,completed
3233,581,2026-02-01,Midwest,completed
3234,4598,2025-11-02,Southeast,completed
3235,1826,2025-05-09,West,completed
3236,1400,2024-12-30,Southwest,completed
3237,4798,2024-07-06,Southwest,completed
3238,3356,2026-03-30,Southwest,completed
3239,420,2024-07-29,West,completed
3240,3772,2024-06-13,Southwest,completed
3241,4327,2024-12-13,Midwest,completed
3242,1205,2026-08-11,Northeast,completed
3243,1943,2026-06-02,Northeast,completed
3244,4778,2026-03-21,Northeast,completed
3245,1406,2026-04-16,Northeast,completed
3246,3332,2025-03-21,Northeast,completed
3247,4945,2025-12-15,Northeast,completed
3248,1395,2026-08-21,Northeast,completed
3249,4946,2025-12-12,Northeast,completed
3250,4638,2026-06-20,West,completed
3251,2675,2025-04-28,Northeast,completed
3252,2311,2025-06-24,West,completed
3253,4337,2024-03-18,Midwest,completed
3254,2679,2026-08-25,West,completed
3255,4272,2024-11-04,Northeast,completed
3256,4370,2026-01-07,Southeast,completed
3257,2890,2024-12-10,Southeast,completed
3258,4893,2026-02-15,Southwest,completed
3259,4639,2025-10-06,West,completed
3260,943,2025-04-05,Northeast,completed
3261,4279,2026-06-06,Southwest,completed
3262,2774,2026-02-02,Southeast,completed
3263,3730,2025-04-18,Northeast,returned
3264,3434,2026-07-30,Southwest,completed
3265,4487,2025-06-13,Northeast,completed
3266,1811,2025-10-18,Northeast,completed
3267,1190,2024-11-06,West,completed
3268,1652,2026-06-13,Midwest,completed
3269,3161,2024-02-03,Southeast,completed
3270,1712,2025-07-17,Southwest,completed
3271,4140,2025-05-30,Southwest,completed
3272,2868,2024-07-11,Southwest,completed
3273,2446,2025-04-02,Southeast,completed
3274,4332,2025-06-28,West,completed
3275,393,2026-06-04,Southwest,completed
3276,2927,2025-03-22,Northeast,completed
3277,2033,2026-05-22,Southeast,completed
3278,1455,2024-09-10,Southwest,completed
3279,1932,2026-04-12,Midwest,completed
3280,3667,2024-01-04,Northeast,completed
3281,3031,2024-09-27,Southeast,completed
3282,3146,2025-03-12,Northeast,completed
3283,2403,2026-07-22,Midwest,completed
3284,2819,2024-03-15,Midwest,completed
3285,2043,2024-01-08,Midwest,completed
3286,1189,2024-06-14,Southwest,completed
3287,3025,2026-08-18,Northeast,completed
3288,2395,2024-08-07,West,completed
3289,1409,2026-04-25,Southeast,completed
3290,3717,2026-04-27,Southeast,completed
3291,1068,2024-12-10,Midwest,completed
3292,3588,2025-10-16,Midwest,completed
3293,1841,2024-01-25,West,completed
3294,3394,2025-12-03,Northeast,completed
3295,2957,2024-12-15,Northeast,returned
3296,4449,2025-10-09,Midwest,completed
3297,4572,2024-03-24,Midwest,completed
3298,1196,2024-07-12,Southwest,completed
3299,4392,2024-12-10,Midwest,returned
3300,2861,2026-08-15,Northeast,returned
3301,2115,2024-03-07,Northeast,cancelled
3302,3799,2026-04-21,Southwest,completed
3303,2213,2025-11-06,Northeast,completed
3304,950,2025-05-03,Midwest,completed
3305,4851,2025-05-23,Midwest,completed
3306,227,2025-11-29,Southwest,completed
3307,2040,2024-11-27,Southeast,completed
3308,2373,2025-10-30,Northeast,returned
3309,2642,2026-07-24,Southeast,completed
3310,1584,2026-03-04,West,completed
3311,4158,2024-01-26,Southeast,completed
3312,871,2024-01-08,Midwest,completed
3313,394,2024-02-01,Northeast,completed
3314,197,2024-02-25,Southeast,completed
3315,257,2025-08-07,Southwest,completed
3316,384,2025-12-01,Northeast,completed
3317,193,2024-07-18,West,completed
3318,928,2024-01-31,West,completed
3319,3389,2026-01-28,West,completed
3320,4468,2024-12-03,Northeast,completed
3321,3492,2025-08-01,West,completed
3322,2056,2026-07-15,Southwest,completed
3323,3906,2024-03-08,Southwest,completed
3324,1562,2024-09-13,Northeast,completed
3325,1127,2025-12-26,Southwest,completed
3326,2902,2024-02-01,Midwest,completed
3327,579,2025-01-01,Southeast,completed
3328,4010,2024-03-10,Southeast,completed
3329,3230,2024-12-27,West,completed
3330,369,2025-07-26,Midwest,completed
3331,4057,2024-02-23,West,completed
3332,1279,2024-09-30,Midwest,completed
3333,3392,2024-01-27,Midwest,completed
3334,3450,2024-10-31,Midwest,completed
3335,4558,2024-11-15,West,cancelled
3336,1798,2024-03-29,Southwest,completed
3337,713,2025-10-12,West,completed
3338,4511,2024-10-27,Southwest,completed
3339,4799,2025-08-08,Southwest,completed
3340,1660,2024-05-21,Northeast,completed
3341,4248,2024-08-20,West,completed
3342,3370,2025-04-21,Southwest,completed
3343,3331,2025-11-01,Southwest,completed
3344,3974,2024-11-28,Southwest,completed
3345,3487,2024-09-16,Southeast,cancelled
3346,2123,2025-08-13,Southeast,completed
3347,2392,2025-05-25,Midwest,completed
3348,1543,2025-09-21,West,completed
3349,4466,2024-12-21,Southwest,completed
3350,2883,2024-08-11,Midwest,completed
3351,4681,2025-11-03,Northeast,completed
3352,1919,2025-12-12,Northeast,completed
3353,2689,2024-12-07,Southeast,returned
3354,485,2025-07-28,West,completed
3355,4026,2024-01-28,Midwest,completed
3356,3502,2024-10-14,Southeast,completed
3357,4179,2026-08-23,Northeast,completed
3358,2076,2025-12-25,West,completed
3359,2347,2024-06-27,Southeast,completed
3360,3113,2025-03-20,Southwest,completed
3361,1392,2026-08-01,West,cancelled
3362,2854,2024-05-04,Midwest,completed
3363,2358,2025-07-11,Southwest,completed
3364,4667,2024-08-10,Northeast,completed
3365,2515,2026-02-02,Southeast,completed
3366,4929,2024-12-08,Southeast,completed
3367,1699,2024-07-05,West,completed
3368,2542,2026-04-07,Midwest,returned
3369,736,2025-10-26,Southwest,completed
3370,3095,2025-09-19,Midwest,completed
3371,1819,2024-02-02,Midwest,completed
3372,2064,2024-10-29,West,completed
3373,251,2024-02-10,Southeast,completed
3374,1557,2026-07-09,West,completed
3375,4501,2025-06-21,Northeast,completed
3376,2941,2024-08-22,Southwest,completed
3377,1565,2024-02-09,Northeast,completed
3378,1927,2024-11-16,Southwest,completed
3379,1874,2025-09-04,Southeast,completed
3380,156,2026-01-30,Southeast,completed
3381,3439,2024-09-24,Southeast,completed
3382,1677,2025-04-29,Southwest,completed
3383,802,2026-05-05,Southwest,completed
3384,4766,2024-03-26,Southeast,completed
3385,3846,2025-06-27,Southeast,cancelled
3386,4077,2026-07-31,West,completed
3387,4824,2025-08-02,Midwest,completed
3388,1719,2025-03-15,Southwest,completed
3389,4783,2025-09-21,West,completed
3390,4582,2026-07-26,Southwest,completed
3391,2281,2025-12-26,Southwest,completed
3392,97,2025-08-17,Northeast,completed
3393,2042,2026-06-15,Northeast,completed
3394,1016,2024-10-24,Northeast,completed
3395,911,2026-06-13,Southeast,completed
3396,4527,2025-10-19,Southwest,completed
3397,2644,2024-05-21,West,completed
3398,4614,2025-02-09,Southeast,returned
3399,4790,2026-02-07,Midwest,returned
3400,4604,2025-03-07,West,completed
3401,2884,2026-04-11,Southeast,completed
3402,3617,2025-12-11,Southeast,completed
3403,2430,2026-02-03,Northeast,completed
3404,295,2026-01-18,Southwest,completed
3405,4850,2024-10-16,Southwest,completed
3406,4572,2024-03-29,Midwest,completed
3407,781,2024-11-26,Midwest,cancelled
3408,4463,2024-01-09,Midwest,completed
3409,2782,2025-12-28,Southeast,completed
3410,1916,2025-02-13,West,completed
3411,2733,2024-04-14,Midwest,completed
3412,971,2025-12-27,Northeast,returned
3413,4412,2026-05-03,West,completed
3414,57,2024-05-04,Southwest,completed
3415,1603,2025-06-23,Southwest,completed
3416,1825,2026-05-30,Southeast,completed
3417,936,2024-09-01,Northeast,completed
3418,2419,2025-03-27,West,completed
3419,3442,2024-07-08,West,completed
3420,3512,2026-05-08,West,completed
3421,1588,2024-05-03,West,completed
3422,4609,2024-04-08,West,completed
3423,2880,2024-02-15,Northeast,completed
3424,4367,2026-03-04,Midwest,completed
3425,3828,2025-04-29,Midwest,completed
3426,2555,2025-02-03,Northeast,completed
3427,4300,2024-01-09,West,completed
3428,3455,2025-07-13,West,completed
3429,582,2026-01-25,Midwest,completed
3430,4017,2024-02-13,Southeast,completed
3431,4414,2024-05-07,Southwest,completed
3432,602,2025-11-18,Northeast,completed
3433,1971,2024-05-06,Southeast,completed
3434,3654,2025-05-10,Southwest,returned
3435,4023,2024-11-21,Southwest,completed
3436,797,2026-07-31,Southwest,completed
3437,932,2026-05-26,Midwest,completed
3438,1606,2026-01-02,Southwest,completed
3439,4166,2025-12-20,Northeast,returned
3440,461,2025-07-02,Southeast,completed
3441,3548,2024-09-16,Southeast,returned
3442,1611,2025-11-11,West,completed
3443,3255,2026-01-15,Midwest,completed
3444,4264,2025-01-21,Northeast,completed
3445,157,2025-05-07,Southwest,completed
3446,4702,2026-03-10,Midwest,completed
3447,1094,2025-05-06,Southwest,cancelled
3448,3219,2025-01-24,Northeast,completed
3449,1194,2024-11-22,Northeast,completed
3450,3359,2026-02-05,Southwest,completed
3451,174,2024-06-02,Midwest,completed
3452,3919,2024-05-24,Northeast,completed
3453,2727,2025-08-24,Southwest,completed
3454,3453,2024-03-03,Southwest,completed
3455,296,2025-01-11,Southeast,completed
3456,2951,2025-02-12,West,completed
3457,4302,2024-05-12,Northeast,completed
3458,811,2026-05-14,Southwest,completed
3459,1232,2024-02-27,Southeast,completed
3460,2630,2024-09-15,West,completed
3461,3926,2026-03-04,Northeast,completed
3462,4008,2026-05-27,Southeast,completed
3463,4973,2026-02-20,West,completed
3464,2565,2024-05-25,Southwest,completed
3465,684,2024-07-20,Southeast,completed
3466,10,2025-03-06,Northeast,completed
3467,2424,2026-03-07,Southeast,completed
3468,1798,2025-06-11,Southwest,completed
3469,3021,2025-08-27,Southwest,completed
3470,1958,2025-07-20,Southeast,completed
3471,4440,2025-05-24,West,completed
3472,3811,2024-12-09,Southwest,completed
3473,4765,2024-12-25,Midwest,completed
3474,3301,2025-01-09,West,completed
3475,4375,2024-09-09,Midwest,completed
3476,3236,2024-05-30,Northeast,completed
3477,4192,2025-02-13,Southwest,cancelled
3478,1210,2025-05-26,Northeast,completed
3479,3821,2026-08-15,Southeast,completed
3480,375,2024-10-31,Southeast,returned
3481,1626,2025-01-11,West,completed
3482,2900,2025-12-27,Southeast,completed
3483,2174,2026-03-16,Northeast,completed
3484,4916,2026-08-22,Northeast,completed
3485,1718,2025-07-21,Northeast,completed
3486,1092,2025-02-17,Northeast,returned
3487,557,2025-11-29,Northeast,completed
3488,2462,2024-04-15,Southeast,completed
3489,333,2026-05-22,West,returned
3490,3214,2024-09-29,Southeast,completed
3491,4145,2024-03-03,West,completed
3492,185,2026-08-16,West,completed
3493,4701,2025-03-25,West,cancelled
3494,1292,2025-02-17,Northeast,completed
3495,523,2025-06-01,Northeast,completed
3496,1690,2025-06-09,West,completed
3497,4193,2026-04-05,Midwest,completed
3498,726,2025-08-17,Southeast,completed
3499,4115,2026-08-20,Midwest,completed
3500,3102,2026-06-25,West,completed
3501,2703,2025-12-24,Northeast,completed
3502,3989,2025-07-18,West,completed
3503,4896,2025-09-09,Southwest,completed
3504,1878,2024-01-28,Southwest,completed
3505,3861,2026-04-29,Southeast,completed
3506,3875,2026-03-26,Northeast,returned
3507,1880,2026-07-26,Southeast,completed
3508,3771,2026-07-09,Southeast,completed
3509,1899,2024-06-22,Midwest,cancelled
3510,2742,2025-03-12,West,completed
3511,1838,2026-08-06,Midwest,completed
3512,2505,2026-01-26,West,completed
3513,4751,2024-09-09,Southeast,completed
3514,1366,2026-01-08,Southeast,completed
3515,2733,2024-10-25,Midwest,completed
3516,1881,2025-12-04,Midwest,completed
3517,2914,2026-06-12,Southeast,completed
3518,1173,2026-07-17,Midwest,cancelled
3519,4258,2025-12-07,Southeast,completed
3520,1531,2026-03-27,Midwest,completed
3521,1578,2024-10-31,West,completed
3522,581,2026-06-01,Midwest,completed
3523,2432,2024-07-25,Southeast,completed
3524,3245,2026-04-29,Northeast,completed
3525,2560,2025-12-12,West,completed
3526,3513,2024-06-08,Southwest,completed
3527,4328,2025-03-17,West,completed
3528,3391,2024-09-24,Southeast,completed
3529,1551,2024-04-16,Southeast,completed
3530,2009,2024-05-16,Midwest,returned
3531,3847,2026-05-31,Northeast,completed
3532,4919,2024-01-15,Southeast,completed
3533,492,2024-04-19,Southeast,completed
3534,3634,2026-04-26,West,completed
3535,4260,2025-08-22,Northeast,completed
3536,3162,2026-01-05,Midwest,completed
3537,4796,2025-12-26,Midwest,completed
3538,1675,2024-01-05,West,completed
3539,3302,2024-11-10,Southeast,completed
3540,3229,2026-01-23,Southwest,completed
3541,4771,2026-07-04,Midwest,completed
3542,1439,2025-01-19,Midwest,completed
3543,3811,2025-04-29,Southwest,completed
3544,3472,2025-04-29,Northeast,completed
3545,3040,2026-06-01,Southwest,completed
3546,2772,2024-12-25,Midwest,completed
3547,3603,2026-06-08,Midwest,completed
3548,4422,2026-06-21,Northeast,completed
3549,2450,2024-04-07,Northeast,completed
3550,3435,2026-01-16,Northeast,completed
3551,3062,2024-11-06,Southeast,completed
3552,2000,2025-03-28,Northeast,completed
3553,1842,2024-07-20,West,completed
3554,2167,2026-02-07,Southwest,completed
3555,2791,2025-11-04,Northeast,completed
3556,1755,2026-06-23,Southeast,completed
3557,3114,2025-06-19,Northeast,completed
3558,1782,2026-04-12,Northeast,completed
3559,3370,2024-02-13,Southwest,completed
3560,3893,2025-01-22,Northeast,completed
3561,1809,2025-02-05,Southwest,completed
3562,3753,2024-05-29,West,completed
3563,4710,2025-03-05,Southwest,completed
3564,1682,2026-06-21,West,completed
3565,165,2025-03-10,Midwest,completed
3566,2082,2024-12-31,West,completed
3567,4449,2025-12-19,Midwest,returned
3568,4876,2024-11-25,Midwest,completed
3569,2468,2025-01-26,Southeast,completed
3570,3531,2024-03-06,Southeast,returned
3571,3880,2024-11-09,Southeast,completed
3572,3516,2026-03-08,Midwest,completed
3573,1515,2025-09-19,Midwest,completed
3574,1585,2026-01-02,West,completed
3575,2752,2025-09-04,Southwest,completed
3576,2995,2025-03-17,Midwest,completed
3577,854,2026-06-13,Southwest,completed
3578,2677,2024-11-02,Southwest,completed
3579,2740,2025-04-08,West,completed
3580,928,2026-06-02,West,completed
3581,4635,2025-04-12,West,completed
3582,568,2025-04-01,Northeast,completed
3583,1225,2025-03-06,West,returned
3584,3352,2024-05-15,Northeast,completed
3585,658,2026-05-08,Midwest,completed
3586,348,2024-07-21,Southwest,completed
3587,4249,2026-08-03,Southeast,completed
3588,1592,2024-06-14,Midwest,completed
3589,4508,2024-10-01,Northeast,completed
3590,4094,2024-05-07,West,completed
3591,1998,2025-11-08,Northeast,completed
3592,105,2024-03-30,Southeast,completed
3593,3206,2024-11-27,West,completed
3594,4380,2025-07-11,Northeast,completed
3595,1700,2026-03-23,Southeast,completed
3596,2448,2024-11-03,Midwest,completed
3597,3688,2024-01-02,Southwest,completed
3598,891,2025-11-10,Southwest,completed
3599,2403,2025-09-15,Midwest,completed
3600,455,2026-07-25,Midwest,cancelled
3601,3756,2024-04-13,West,returned
3602,356,2025-11-26,Southwest,completed
3603,3773,2026-08-06,Midwest,completed
3604,548,2024-05-19,Northeast,completed
3605,536,2025-01-12,Southwest,completed
3606,2335,2026-01-10,Southeast,completed
3607,2864,2025-10-02,Northeast,completed
3608,3224,2024-04-25,Southwest,completed
3609,2368,2024-06-28,Southwest,completed
3610,1029,2025-01-07,West,completed
3611,3720,2026-04-15,Midwest,returned
3612,73,2025-09-11,West,completed
3613,2771,2025-01-31,West,completed
3614,1032,2025-09-30,Northeast,completed
3615,1826,2024-11-01,West,completed
3616,569,2026-04-05,Midwest,completed
3617,1414,2025-01-04,Midwest,cancelled
3618,4639,2026-03-30,West,cancelled
3619,1527,2026-01-10,Southwest,completed
3620,2827,2026-01-26,Southeast,completed
3621,3147,2025-01-07,Southeast,completed
3622,3862,2024-07-24,Midwest,completed
3623,2734,2024-05-28,Northeast,completed
3624,3722,2026-07-14,Southeast,completed
3625,213,2025-11-28,Midwest,completed
3626,4508,2024-03-02,Northeast,completed
3627,19,2024-09-05,West,completed
3628,3208,2025-06-07,Midwest,completed
3629,4606,2025-04-16,West,completed
3630,4115,2025-01-03,Midwest,completed
3631,1903,2026-03-19,Midwest,completed
3632,4551,2025-03-01,West,completed
3633,2916,2025-06-04,Midwest,returned
3634,3445,2026-06-06,Northeast,completed
3635,135,2024-03-10,Southwest,completed
3636,4715,2025-11-27,Northeast,cancelled
3637,3094,2025-11-21,Southeast,completed
3638,1702,2025-01-31,Southwest,completed
3639,613,2026-07-03,West,completed
3640,1866,2025-02-02,Southwest,completed
3641,2844,2025-09-04,Northeast,returned
3642,2635,2025-08-30,Southeast,cancelled
3643,2378,2024-02-27,Midwest,cancelled
3644,3616,2026-07-28,Midwest,completed
3645,3792,2024-01-29,West,completed
3646,1224,2024-05-08,West,completed
3647,4883,2025-01-19,Midwest,completed
3648,734,2024-11-01,Southwest,completed
3649,1451,2024-04-11,Southwest,completed
3650,3669,2026-08-05,Northeast,completed
3651,3637,2025-10-20,Midwest,completed
3652,3590,2026-01-05,West,completed
3653,4155,2024-04-23,West,completed
3654,3695,2024-08-24,Southeast,cancelled
3655,3817,2024-07-16,Northeast,completed
3656,2430,2026-03-17,Northeast,completed
3657,3272,2024-07-24,Southeast,returned
3658,530,2024-06-13,Southeast,completed
3659,603,2024-08-08,Southeast,completed
3660,274,2024-05-21,Southeast,completed
3661,2151,2024-03-29,Southeast,completed
3662,3854,2024-10-18,Southeast,completed
3663,2115,2024-09-07,Northeast,completed
3664,776,2024-10-16,Southeast,completed
3665,1192,2025-12-17,Southeast,completed
3666,953,2024-01-16,Northeast,completed
3667,1348,2025-04-14,Southwest,completed
3668,3506,2025-04-04,Southwest,completed
3669,2566,2026-01-18,Midwest,completed
3670,1884,2025-05-14,Southwest,completed
3671,869,2026-08-09,West,completed
3672,952,2024-01-02,Southeast,returned
3673,961,2024-10-03,Southeast,completed
3674,1389,2025-03-13,Northeast,completed
3675,2552,2026-04-07,Northeast,completed
3676,538,2024-12-19,Southeast,completed
3677,4951,2024-03-24,Southeast,completed
3678,2488,2025-12-31,Southwest,completed
3679,3158,2025-06-19,Northeast,completed
3680,3564,2025-04-09,Midwest,completed
3681,4583,2024-06-12,Southwest,completed
3682,2652,2025-02-01,West,completed
3683,1132,2024-03-25,Northeast,completed
3684,489,2026-02-16,Southeast,completed
3685,1543,2024-03-30,West,completed
3686,457,2025-08-21,Midwest,completed
3687,2652,2026-07-31,West,completed
3688,1732,2024-11-28,Southeast,completed
3689,1499,2024-11-20,Midwest,completed
3690,1350,2026-05-13,Southeast,completed
3691,1084,2026-07-17,Southeast,completed
3692,1763,2024-07-25,Southwest,completed
3693,4822,2025-02-04,West,completed
3694,1878,2025-02-19,Southwest,completed
3695,1428,2024-02-26,Midwest,completed
3696,2916,2024-08-28,Midwest,returned
3697,3376,2025-07-20,Southeast,completed
3698,4119,2026-08-02,West,completed
3699,4972,2024-08-14,West,completed
3700,1598,2025-11-20,Northeast,completed
3701,3787,2024-06-19,West,completed
3702,2185,2024-11-27,Southeast,completed
3703,2991,2024-05-07,Southeast,completed
3704,1808,2026-01-30,Northeast,completed
3705,963,2025-09-05,Midwest,completed
3706,4758,2024-12-12,Southeast,completed
3707,589,2024-11-01,Southwest,completed
3708,4057,2024-03-06,West,completed
3709,211,2026-05-19,Southeast,completed
3710,1629,2024-12-07,Northeast,completed
3711,843,2025-08-20,Midwest,completed
3712,430,2025-02-25,Southeast,completed
3713,646,2024-06-07,Midwest,completed
3714,4424,2025-03-12,Southwest,completed
3715,1128,2024-06-12,Northeast,completed
3716,2868,2025-07-29,Southwest,completed
3717,1857,2025-10-30,Southeast,cancelled
3718,2963,2024-11-28,Southeast,completed
3719,165,2025-11-15,Midwest,completed
3720,2811,2025-10-15,Southwest,completed
3721,2231,2024-09-28,Midwest,cancelled
3722,4087,2026-03-25,Southeast,completed
3723,2528,2025-12-21,Midwest,completed
3724,2340,2025-10-17,Northeast,completed
3725,4592,2025-11-03,Southwest,completed
3726,4900,2025-08-21,Northeast,completed
3727,4355,2025-05-09,Southwest,completed
3728,1969,2025-07-24,Northeast,completed
3729,572,2024-07-29,Southeast,completed
3730,3728,2025-02-08,Northeast,completed
3731,3124,2024-12-22,West,completed
3732,1294,2024-06-11,Northeast,completed
3733,3096,2025-06-10,Southeast,completed
3734,743,2025-06-12,Northeast,completed
3735,428,2025-10-13,Northeast,completed
3736,4823,2025-09-02,West,completed
3737,3148,2024-05-23,West,completed
3738,2387,2025-05-03,Southeast,completed
3739,1507,2025-06-26,Midwest,completed
3740,1195,2024-10-09,West,completed
3741,4190,2025-04-09,Southwest,completed
3742,2119,2024-05-09,Southeast,completed
3743,2744,2025-09-17,Northeast,completed
3744,2528,2025-06-23,Midwest,completed
3745,87,2025-03-23,Midwest,completed
3746,2772,2026-02-22,Midwest,completed
3747,1727,2026-01-17,West,completed
3748,2829,2024-03-10,Midwest,completed
3749,2986,2025-04-10,Midwest,completed
3750,3179,2024-02-06,Midwest,completed
3751,540,2025-12-22,Southeast,completed
3752,3538,2024-05-04,Midwest,completed
3753,319,2025-11-16,Southwest,completed
3754,2383,2024-03-16,Southeast,cancelled
3755,4756,2025-04-04,Southeast,returned
3756,3049,2026-07-04,Midwest,completed
3757,616,2026-04-25,West,completed
3758,4367,2024-10-06,Midwest,completed
3759,4638,2025-04-15,West,completed
3760,921,2024-10-15,Southwest,completed
3761,1736,2025-12-10,West,completed
3762,580,2026-03-12,Northeast,completed
3763,2658,2024-12-18,Northeast,completed
3764,1379,2024-01-22,Northeast,completed
3765,3425,2026-08-04,Midwest,completed
3766,3081,2024-05-15,Midwest,completed
3767,3045,2025-09-18,Southwest,completed
3768,309,2025-02-03,Southeast,completed
3769,1335,2024-08-30,Southeast,completed
3770,2291,2024-10-02,Southeast,completed
3771,3785,2025-05-27,Northeast,completed
3772,3311,2024-11-16,West,completed
3773,2941,2024-09-15,Southwest,completed
3774,412,2024-10-08,West,completed
3775,115,2025-03-03,West,completed
3776,3197,2025-02-04,Northeast,completed
3777,2513,2024-08-15,Northeast,returned
3778,405,2024-11-26,West,completed
3779,4933,2024-03-25,Midwest,completed
3780,2078,2025-10-20,West,completed
3781,1711,2025-08-14,West,completed
3782,4476,2024-03-08,Southeast,completed
3783,1876,2025-08-19,Midwest,completed
3784,3603,2025-05-28,Midwest,completed
3785,2372,2026-05-11,Southeast,completed
3786,3285,2024-05-02,Southeast,completed
3787,2775,2024-03-10,Southwest,completed
3788,296,2025-03-05,Southeast,cancelled
3789,203,2024-12-24,Southeast,completed
3790,2024,2024-11-19,Southeast,completed
3791,380,2024-10-11,Northeast,completed
3792,4024,2026-07-13,West,completed
3793,723,2024-11-02,Southwest,completed
3794,4571,2024-08-11,Midwest,completed
3795,1435,2025-07-06,Southeast,completed
3796,3769,2026-02-04,Northeast,completed
3797,4986,2024-05-21,Southwest,completed
3798,1266,2024-03-28,Southwest,cancelled
3799,1248,2025-06-22,Midwest,completed
3800,3155,2024-03-16,Midwest,completed
3801,3253,2025-05-03,Midwest,completed
3802,1795,2024-02-15,Northeast,returned
3803,4785,2024-07-21,Southwest,completed
3804,4298,2026-08-23,Northeast,completed
3805,773,2026-04-27,Southwest,completed
3806,1370,2025-12-23,Southeast,completed
3807,4141,2026-04-16,Southwest,cancelled
3808,3547,2026-08-25,Southwest,completed
3809,1308,2024-06-22,Southwest,completed
3810,1832,2024-08-03,Northeast,completed
3811,76,2024-02-03,West,completed
3812,2518,2025-06-21,Midwest,completed
3813,2234,2024-04-20,Northeast,completed
3814,1636,2026-02-23,Southeast,completed
3815,2235,2026-06-15,Midwest,completed
3816,4789,2026-03-22,Southeast,completed
3817,4054,2025-04-15,Southwest,cancelled
3818,898,2024-05-01,Southwest,completed
3819,687,2024-04-28,West,returned
3820,4434,2025-05-25,Midwest,completed
3821,4938,2025-08-06,Southeast,completed
3822,336,2024-08-15,Midwest,cancelled
3823,1077,2024-07-09,Southwest,completed
3824,1089,2024-04-22,Southeast,completed
3825,3941,2024-06-14,Southeast,completed
3826,2875,2025-09-23,Northeast,completed
3827,2055,2024-11-04,West,completed
3828,2257,2025-12-05,Midwest,completed
3829,3046,2025-08-14,Southeast,completed
3830,3932,2024-02-26,Southwest,completed
3831,3431,2024-02-05,West,completed
3832,807,2025-07-21,Southeast,completed
3833,2011,2024-12-21,Southeast,completed
3834,2065,2025-09-28,Northeast,completed
3835,3401,2024-07-15,Midwest,completed
3836,3191,2025-10-13,Northeast,cancelled
3837,3254,2026-03-12,West,completed
3838,726,2025-03-08,Southeast,completed
3839,180,2024-12-23,Southwest,completed
3840,2993,2025-09-17,Southwest,completed
3841,3750,2026-03-14,Midwest,completed
3842,335,2025-01-11,Midwest,completed
3843,1982,2024-07-01,West,completed
3844,3946,2024-04-20,Southwest,completed
3845,720,2024-10-08,Southwest,completed
3846,4180,2025-03-11,Northeast,completed
3847,2967,2025-11-19,Northeast,completed
3848,681,2024-02-05,West,completed
3849,4251,2024-11-27,Southwest,completed
3850,3807,2024-02-29,West,completed
3851,796,2025-08-22,West,completed
3852,3501,2024-05-04,Northeast,completed
3853,3111,2026-02-14,Southeast,completed
3854,3665,2025-12-18,Midwest,completed
3855,3984,2025-09-14,Midwest,completed
3856,4761,2024-03-16,Midwest,completed
3857,1113,2024-02-23,Southwest,completed
3858,353,2026-08-16,Southeast,returned
3859,4156,2024-07-10,Southwest,completed
3860,4737,2025-12-24,Southeast,completed
3861,2510,2026-05-06,Midwest,completed
3862,1913,2026-01-29,Midwest,completed
3863,3091,2024-11-18,West,completed
3864,3764,2025-04-18,Southwest,returned
3865,24,2025-06-08,West,completed
3866,1307,2026-01-20,Northeast,completed
3867,3306,2025-05-03,West,completed
3868,389,2024-05-06,West,completed
3869,894,2026-04-28,Southwest,completed
3870,4413,2025-06-29,Southeast,completed
3871,3512,2025-03-27,West,completed
3872,1337,2025-03-22,West,completed
3873,2558,2024-11-21,Midwest,completed
3874,3906,2024-04-14,Southwest,completed
3875,482,2026-07-28,Northeast,completed
3876,1753,2024-09-12,Northeast,completed
3877,2927,2026-01-18,Northeast,cancelled
3878,3825,2024-05-08,Northeast,completed
3879,3290,2024-11-06,Northeast,completed
3880,493,2024-05-20,Southwest,completed
3881,1693,2024-05-08,West,completed
3882,395,2024-08-02,West,completed
3883,856,2024-07-23,Southwest,completed
3884,370,2024-02-20,West,completed
3885,2076,2024-07-15,West,completed
3886,1354,2026-07-23,Northeast,completed
3887,970,2025-05-20,Midwest,completed
3888,3766,2024-12-22,West,completed
3889,375,2026-04-09,Southeast,completed
3890,223,2025-02-24,Southwest,completed
3891,1160,2024-02-22,West,completed
3892,3795,2026-01-02,Southwest,completed
3893,2713,2026-04-09,Northeast,cancelled
3894,1672,2025-04-21,Southeast,completed
3895,4967,2025-06-07,Southwest,completed
3896,3910,2025-02-24,Midwest,completed
3897,1291,2024-02-24,Northeast,completed
3898,227,2024-11-01,Southwest,completed
3899,1133,2025-07-12,Northeast,completed
3900,1427,2024-01-29,Midwest,completed
3901,3690,2024-12-28,Midwest,completed
3902,1800,2025-09-29,Southeast,completed
3903,1378,2024-03-11,Southwest,completed
3904,3577,2025-04-21,Southwest,completed
3905,2191,2025-10-25,Southwest,returned
3906,540,2024-03-28,Southeast,returned
3907,3074,2026-07-14,Southeast,completed
3908,4190,2024-02-07,Southwest,completed
3909,3083,2024-01-02,Southwest,completed
3910,644,2024-08-30,Southeast,completed
3911,3261,2024-04-08,Midwest,completed
3912,3911,2025-12-21,Northeast,completed
3913,2300,2025-03-12,Southeast,completed
3914,884,2025-03-15,West,completed
3915,4081,2026-04-21,Northeast,completed
3916,402,2025-01-09,Northeast,completed
3917,1610,2026-01-30,West,completed
3918,1033,2025-01-24,Midwest,completed
3919,4449,2025-02-12,Midwest,completed
3920,381,2026-04-17,Midwest,completed
3921,876,2024-06-11,Northeast,completed
3922,2652,2026-06-13,West,completed
3923,4462,2024-01-10,Midwest,completed
3924,393,2026-07-23,Southwest,completed
3925,3752,2024-05-19,West,completed
3926,1386,2024-03-20,Northeast,completed
3927,1858,2026-01-29,Midwest,completed
3928,2090,2024-03-05,Southwest,completed
3929,4627,2025-06-21,West,completed
3930,1221,2024-05-30,Southwest,completed
3931,3552,2024-01-18,Northeast,cancelled
3932,2852,2025-12-08,Midwest,completed
3933,3639,2024-12-25,Southeast,completed
3934,4344,2025-10-25,West,completed
3935,1328,2026-02-17,Southeast,completed
3936,965,2025-07-25,Midwest,completed
3937,4776,2025-08-07,Southwest,cancelled
3938,2728,2026-06-18,Southwest,completed
3939,312,2024-03-08,Midwest,completed
3940,1737,2026-03-12,Southeast,completed
3941,555,2025-02-28,Southwest,completed
3942,310,2024-03-15,Midwest,completed
3943,887,2025-02-23,West,completed
3944,4792,2024-03-29,Northeast,completed
3945,4310,2026-02-01,Midwest,returned
3946,1562,2025-09-12,Northeast,completed
3947,3161,2025-01-07,Southeast,completed
3948,3730,2025-03-05,Northeast,completed
3949,4324,2024-08-23,West,completed
3950,4197,2026-08-10,Southeast,returned
3951,3543,2025-07-02,West,completed
3952,231,2024-04-23,Northeast,completed
3953,3328,2024-12-24,Northeast,completed
3954,3154,2024-09-21,Southeast,completed
3955,2455,2024-03-21,Southeast,completed
3956,4212,2025-11-30,West,completed
3957,373,2025-07-14,Northeast,completed
3958,2399,2025-02-03,Midwest,completed
3959,1308,2024-08-15,Southwest,completed
3960,269,2025-02-25,Southwest,completed
3961,4526,2026-02-09,Northeast,completed
3962,1198,2026-03-15,Midwest,completed
3963,2892,2025-12-10,Midwest,completed
3964,4171,2026-01-15,Midwest,completed
3965,1162,2025-03-26,Midwest,completed
3966,2857,2025-08-05,Southeast,completed
3967,4414,2024-10-20,Southwest,completed
3968,4629,2025-08-01,West,completed
3969,3787,2025-11-28,West,completed
3970,4844,2026-08-20,Northeast,completed
3971,1220,2026-01-08,Southwest,completed
3972,3801,2025-10-25,Northeast,completed
3973,4647,2025-04-26,Northeast,completed
3974,716,2025-01-07,West,completed
3975,198,2024-11-10,Northeast,completed
3976,3740,2024-11-07,Southwest,completed
3977,93,2025-07-28,Midwest,completed
3978,562,2025-12-09,Southeast,completed
3979,3804,2024-12-19,West,completed
3980,4696,2024-10-18,West,returned
3981,3477,2026-04-11,Southeast,completed
3982,101,2026-04-17,Southeast,completed
3983,3533,2025-05-31,West,completed
3984,3137,2024-08-04,Southwest,cancelled
3985,1057,2024-10-21,Northeast,completed
3986,4991,2026-03-25,Southwest,completed
3987,3127,2024-01-04,West,completed
3988,1152,2025-08-24,Southeast,completed
3989,2234,2025-06-28,Northeast,completed
3990,4049,2025-02-13,Northeast,completed
3991,2573,2025-05-30,Southwest,completed
3992,1485,2026-01-25,West,completed
3993,2846,2026-08-19,West,completed
3994,2748,2025-09-20,Midwest,completed
3995,4742,2025-08-01,Northeast,completed
3996,4925,2024-12-28,Midwest,completed
3997,285,2024-01-03,Northeast,completed
3998,9,2026-08-20,Southwest,completed
3999,3609,2025-01-20,West,completed
4000,1091,2026-02-10,Northeast,completed
4001,2846,2025-05-21,West,completed
4002,4622,2025-12-23,Southeast,completed
4003,849,2025-11-30,Southeast,completed
4004,854,2026-04-29,Southwest,completed
4005,3228,2026-03-12,Northeast,completed
4006,4692,2025-03-26,Midwest,completed
4007,3769,2025-11-26,Northeast,completed
4008,1785,2024-09-25,Northeast,completed
4009,306,2024-10-31,Midwest,completed
4010,3051,2025-07-31,Midwest,completed
4011,4474,2024-05-19,West,completed
4012,1874,2025-12-26,Southeast,completed
4013,3967,2025-02-24,Southeast,completed
4014,2075,2024-11-07,Southeast,completed
4015,3566,2024-10-12,Northeast,cancelled
4016,2897,2025-08-27,Southwest,completed
4017,4768,2025-01-06,Northeast,completed
4018,4083,2025-02-06,Southwest,completed
4019,1693,2025-08-17,West,completed
4020,2594,2024-09-24,Midwest,completed
4021,4082,2024-08-29,Southeast,completed
4022,2848,2024-06-18,Midwest,completed
4023,4186,2026-08-23,Southwest,returned
4024,4342,2024-07-11,Southwest,completed
4025,3318,2024-11-24,West,completed
4026,4081,2024-01-01,Northeast,completed
4027,3687,2025-01-03,Southeast,completed
4028,1401,2025-04-12,Northeast,completed
4029,155,2025-11-30,Northeast,completed
4030,528,2024-01-02,West,completed
4031,4196,2024-05-09,Southeast,completed
4032,4609,2025-08-29,West,completed
4033,3299,2026-08-23,Southeast,completed
4034,1202,2025-01-28,West,completed
4035,2728,2025-02-28,Southwest,completed
4036,243,2025-03-24,Midwest,cancelled
4037,2397,2024-02-17,Southwest,completed
4038,4113,2025-12-06,Northeast,completed
4039,1854,2025-04-02,Southeast,completed
4040,783,2024-12-20,Midwest,completed
4041,2213,2024-10-23,Northeast,completed
4042,4569,2025-07-28,West,completed
4043,3069,2026-01-10,Midwest,completed
4044,155,2026-02-19,Northeast,completed
4045,2563,2026-02-24,Southeast,completed
4046,2084,2026-06-11,Midwest,completed
4047,2754,2025-10-25,Northeast,completed
4048,3179,2024-11-21,Midwest,completed
4049,981,2024-01-02,West,completed
4050,4914,2025-09-03,Southwest,completed
4051,2659,2024-04-21,Southwest,completed
4052,2164,2025-08-31,Northeast,completed
4053,1807,2026-05-14,West,completed
4054,971,2026-08-02,Northeast,completed
4055,1491,2026-08-19,Southeast,completed
4056,2249,2025-09-30,Northeast,returned
4057,111,2024-09-20,Northeast,completed
4058,2496,2025-06-19,Northeast,completed
4059,2350,2025-08-16,Northeast,completed
4060,3395,2024-05-07,Midwest,completed
4061,572,2024-04-30,Southeast,completed
4062,2054,2024-10-24,West,completed
4063,4903,2026-06-15,Southwest,completed
4064,3028,2025-05-12,Northeast,completed
4065,2302,2026-03-03,Midwest,completed
4066,1584,2024-06-13,West,completed
4067,2449,2025-06-30,Southwest,completed
4068,2993,2024-12-29,Southwest,completed
4069,318,2025-06-24,Southeast,returned
4070,2928,2026-03-25,West,completed
4071,4518,2026-05-02,Midwest,completed
4072,2638,2024-01-04,West,completed
4073,3605,2024-10-03,Midwest,completed
4074,2783,2024-10-30,Southeast,completed
4075,1500,2025-12-28,Southwest,completed
4076,2261,2024-11-20,Southeast,completed
4077,1420,2026-08-12,Midwest,completed
4078,2173,2025-09-09,Midwest,completed
4079,697,2026-04-19,Southeast,completed
4080,2005,2024-06-12,Southwest,completed
4081,3587,2025-10-25,Midwest,completed
4082,2954,2026-05-11,West,completed
4083,4119,2024-10-09,West,completed
4084,4090,2024-10-23,West,completed
4085,768,2026-04-04,Southwest,completed
4086,2322,2024-05-25,West,completed
4087,2210,2024-03-07,Southeast,completed
4088,4825,2024-09-23,Southeast,returned
4089,4949,2025-11-18,Midwest,completed
4090,1542,2024-05-14,Southeast,completed
4091,2903,2026-01-11,Southeast,completed
4092,708,2026-02-02,West,completed
4093,143,2024-11-09,Northeast,completed
4094,3091,2025-09-07,West,completed
4095,1774,2025-06-12,Midwest,completed
4096,2705,2024-05-17,West,completed
4097,4277,2025-11-11,Southwest,completed
4098,4305,2025-03-11,Southwest,completed
4099,3148,2025-03-15,West,completed
4100,3887,2026-03-10,West,completed
4101,4346,2026-06-30,Southeast,completed
4102,1404,2025-01-15,West,completed
4103,807,2025-11-05,Southeast,completed
4104,1313,2026-02-22,Southeast,completed
4105,2467,2024-08-07,Southeast,completed
4106,1171,2025-10-15,Southeast,returned
4107,3418,2024-03-14,West,completed
4108,4139,2025-01-02,Southwest,completed
4109,3248,2025-12-11,Midwest,completed
4110,1594,2025-10-17,Northeast,completed
4111,2614,2024-12-25,Southeast,completed
4112,3661,2024-12-01,Southwest,completed
4113,2116,2025-01-15,West,completed
4114,166,2026-02-13,Northeast,completed
4115,4622,2026-04-26,Southeast,completed
4116,258,2024-06-14,Southwest,completed
4117,524,2025-06-19,Northeast,completed
4118,2456,2025-01-19,West,completed
4119,2995,2024-01-17,Midwest,completed
4120,4611,2024-10-15,Northeast,completed
4121,983,2025-02-07,West,completed
4122,710,2025-05-19,Northeast,completed
4123,219,2024-11-29,Northeast,completed
4124,2185,2026-05-07,Southeast,completed
4125,3786,2024-11-16,Southwest,completed
4126,2819,2024-04-12,Midwest,completed
4127,278,2025-08-20,Southeast,completed
4128,2086,2024-12-15,Midwest,completed
4129,1405,2026-07-04,Southeast,completed
4130,4743,2024-02-05,West,completed
4131,730,2025-01-16,Midwest,completed
4132,1833,2026-06-09,Midwest,completed
4133,3276,2024-12-07,Southeast,cancelled
4134,1533,2024-09-25,Northeast,completed
4135,4840,2026-06-21,Southwest,completed
4136,3588,2025-10-31,Midwest,completed
4137,3323,2025-09-12,Midwest,completed
4138,3105,2026-08-07,Midwest,completed
4139,2484,2025-11-11,Southeast,completed
4140,4758,2024-01-14,Southeast,completed
4141,4045,2025-06-29,Southwest,completed
4142,2670,2026-04-08,Southeast,completed
4143,1845,2025-11-06,Midwest,completed
4144,4186,2025-12-24,Southwest,completed
4145,3049,2024-09-17,Midwest,completed
4146,3536,2026-01-03,West,completed
4147,1150,2025-11-03,Southeast,returned
4148,3630,2025-03-21,Southeast,completed
4149,2540,2024-03-04,Southwest,completed
4150,2048,2026-02-23,Northeast,completed
4151,1312,2025-05-29,Northeast,completed
4152,2904,2024-08-21,Southeast,completed
4153,1064,2025-05-29,Northeast,completed
4154,1144,2024-03-19,Midwest,completed
4155,3298,2025-07-03,Southeast,completed
4156,1237,2024-08-08,Northeast,completed
4157,4390,2026-02-19,Midwest,completed
4158,3503,2025-03-13,Northeast,returned
4159,1634,2025-11-18,Northeast,completed
4160,1427,2025-08-22,Midwest,returned
4161,537,2026-07-22,Southeast,completed
4162,804,2025-10-02,Southwest,completed
4163,4799,2024-01-19,Southwest,cancelled
4164,1866,2025-12-07,Southwest,completed
4165,2410,2024-03-11,Southeast,cancelled
4166,4387,2024-07-27,West,completed
4167,1630,2024-07-22,West,completed
4168,3323,2025-01-09,Midwest,completed
4169,4312,2024-05-09,West,completed
4170,445,2025-08-03,Northeast,completed
4171,3778,2024-02-27,Northeast,completed
4172,761,2025-08-14,Northeast,completed
4173,1500,2024-02-11,Southwest,completed
4174,3454,2025-09-19,West,completed
4175,1515,2024-08-30,Midwest,completed
4176,4454,2024-03-22,Northeast,completed
4177,1583,2024-01-09,Southwest,completed
4178,2902,2024-08-30,Midwest,completed
4179,1024,2024-04-26,West,completed
4180,1169,2024-07-28,Southwest,completed
4181,2439,2025-01-21,Northeast,completed
4182,712,2025-02-24,Southeast,completed
4183,3209,2025-10-23,Northeast,completed
4184,3893,2026-07-23,Northeast,completed
4185,2766,2024-11-03,Midwest,completed
4186,167,2024-06-28,West,completed
4187,4622,2024-11-18,Southeast,completed
4188,4475,2024-06-25,Midwest,completed
4189,767,2025-01-19,Northeast,completed
4190,1175,2024-03-09,Southwest,returned
4191,1730,2026-03-16,Southeast,completed
4192,2589,2024-08-03,Southwest,completed
4193,139,2025-08-31,West,completed
4194,1285,2024-02-15,Southwest,completed
4195,2123,2026-06-23,Southeast,completed
4196,1064,2026-01-30,Northeast,completed
4197,4715,2024-11-14,Northeast,completed
4198,2951,2025-09-26,West,completed
4199,3873,2025-09-07,Midwest,completed
4200,1850,2024-07-01,Southwest,completed
4201,93,2024-03-22,Midwest,completed
4202,862,2025-05-22,Midwest,completed
4203,1298,2025-06-14,West,returned
4204,1255,2025-06-16,Midwest,returned
4205,983,2024-11-24,West,cancelled
4206,490,2024-12-15,Southeast,completed
4207,3761,2025-10-15,West,completed
4208,1795,2024-04-19,Northeast,completed
4209,574,2026-08-23,West,completed
4210,3723,2024-11-26,Southeast,completed
4211,2571,2026-07-09,West,completed
4212,4558,2024-06-22,West,completed
4213,865,2026-01-03,Midwest,completed
4214,3067,2025-10-27,Northeast,completed
4215,4647,2024-10-18,Northeast,completed
4216,410,2026-03-22,Northeast,completed
4217,3209,2026-04-24,Northeast,returned
4218,3206,2025-07-02,West,completed
4219,360,2026-03-06,Northeast,completed
4220,3713,2024-06-27,Southwest,cancelled
4221,4958,2026-05-22,West,completed
4222,2558,2026-06-08,Midwest,completed
4223,656,2026-01-07,West,completed
4224,3051,2025-10-04,Midwest,completed
4225,3446,2025-01-05,Midwest,completed
4226,1231,2024-08-25,West,completed
4227,3378,2025-09-26,Southwest,completed
4228,535,2025-01-15,Midwest,cancelled
4229,3655,2025-05-23,West,completed
4230,1665,2025-09-03,Northeast,completed
4231,645,2026-04-23,Midwest,completed
4232,510,2025-03-19,Southwest,completed
4233,2714,2026-06-17,West,completed
4234,1645,2024-03-22,West,completed
4235,4703,2024-09-02,Midwest,completed
4236,3643,2025-06-12,Midwest,completed
4237,3705,2024-08-01,Southwest,completed
4238,130,2026-04-08,Southeast,completed
4239,2534,2025-08-26,West,completed
4240,1944,2026-05-28,Southwest,cancelled
4241,4315,2026-04-16,Southwest,completed
4242,1628,2024-01-17,Southeast,completed
4243,1094,2024-03-08,Southwest,completed
4244,2390,2025-07-10,Midwest,completed
4245,1096,2026-04-25,Midwest,completed
4246,1777,2024-12-22,Northeast,completed
4247,4143,2025-02-08,Midwest,completed
4248,2310,2025-08-16,Midwest,completed
4249,4098,2026-03-06,Northeast,completed
4250,4786,2025-04-23,Southeast,completed
4251,2538,2026-02-12,Northeast,completed
4252,197,2025-05-05,Southeast,completed
4253,638,2025-07-29,Northeast,completed
4254,3689,2025-11-14,Southwest,cancelled
4255,388,2025-11-20,Northeast,completed
4256,1510,2025-11-17,West,completed
4257,1565,2026-08-01,Northeast,completed
4258,4385,2026-05-03,Southwest,completed
4259,2673,2025-12-29,Midwest,completed
4260,1212,2024-07-07,Northeast,completed
4261,3621,2026-04-04,Midwest,completed
4262,2986,2024-01-31,Midwest,completed
4263,2392,2025-05-04,Midwest,completed
4264,384,2026-04-19,Northeast,completed
4265,1327,2025-10-29,Northeast,completed
4266,3576,2025-08-29,Southeast,completed
4267,2982,2026-06-03,Midwest,completed
4268,4203,2025-08-16,Southwest,completed
4269,1228,2024-02-18,Midwest,completed
4270,391,2025-02-10,Northeast,completed
4271,2793,2024-04-11,Southeast,completed
4272,4017,2025-07-28,Southeast,completed
4273,1858,2025-02-17,Midwest,completed
4274,469,2026-07-08,Northeast,completed
4275,2348,2025-09-01,Southwest,completed
4276,497,2026-04-02,Southwest,completed
4277,3713,2025-02-19,Southwest,completed
4278,861,2025-11-15,Southwest,completed
4279,2715,2025-07-19,Southeast,completed
4280,1625,2025-01-17,Midwest,completed
4281,4259,2025-08-02,Midwest,completed
4282,3446,2025-09-14,Midwest,completed
4283,2498,2026-08-03,West,completed
4284,4811,2025-05-08,Southeast,completed
4285,1348,2025-07-11,Southwest,completed
4286,2874,2024-06-19,Northeast,completed
4287,1500,2024-09-29,Southwest,completed
4288,2245,2025-09-24,Southeast,completed
4289,1301,2024-01-15,Southwest,cancelled
4290,3342,2026-04-22,Northeast,completed
4291,921,2025-01-30,Southwest,completed
4292,4666,2025-12-24,Midwest,completed
4293,3270,2026-04-15,West,completed
4294,3593,2025-07-15,Southwest,returned
4295,3274,2025-06-20,Southwest,completed
4296,3346,2026-05-06,Midwest,completed
4297,956,2025-06-30,Southwest,returned
4298,2528,2025-01-06,Midwest,completed
4299,4259,2024-09-13,Midwest,completed
4300,2529,2025-07-07,Southwest,completed
4301,1456,2024-10-10,West,completed
4302,2977,2026-02-14,Southwest,completed
4303,536,2024-07-14,Southwest,completed
4304,3957,2026-07-26,Northeast,completed
4305,1429,2024-06-23,West,completed
4306,3866,2024-06-20,Midwest,completed
4307,1929,2026-04-02,West,completed
4308,1591,2025-08-10,West,completed
4309,1930,2025-10-31,Midwest,completed
4310,236,2026-03-04,West,completed
4311,3901,2024-07-17,Southwest,completed
4312,4371,2025-09-17,Midwest,completed
4313,2722,2026-01-22,West,completed
4314,3763,2025-04-05,Northeast,completed
4315,2595,2026-07-26,West,completed
4316,4080,2024-05-09,Northeast,completed
4317,557,2025-12-26,Northeast,completed
4318,3555,2024-10-08,West,completed
4319,416,2025-02-14,Midwest,completed
4320,3569,2024-10-05,Northeast,completed
4321,4480,2024-07-25,Midwest,completed
4322,2898,2026-02-19,Northeast,cancelled
4323,3420,2024-12-11,Southwest,completed
4324,876,2024-11-08,Northeast,completed
4325,417,2025-04-07,Southwest,completed
4326,691,2025-06-25,West,completed
4327,1400,2025-01-31,Southwest,completed
4328,1352,2024-10-02,Southwest,completed
4329,4996,2025-01-15,Northeast,completed
4330,610,2026-03-10,Southeast,completed
4331,3350,2025-09-06,Southwest,completed
4332,4329,2025-04-19,Northeast,completed
4333,1641,2024-10-15,West,cancelled
4334,316,2024-04-20,Southeast,completed
4335,4341,2026-03-12,Midwest,completed
4336,4349,2026-01-12,Midwest,completed
4337,618,2024-01-17,Midwest,completed
4338,1264,2025-04-18,Midwest,completed
4339,3501,2026-08-02,Northeast,completed
4340,2855,2024-04-25,Northeast,completed
4341,2544,2026-02-19,Northeast,completed
4342,2395,2026-03-23,West,completed
4343,2638,2024-05-08,West,completed
4344,3082,2025-01-02,Northeast,completed
4345,560,2025-03-29,Midwest,completed
4346,3533,2024-06-04,West,cancelled
4347,185,2025-10-21,West,completed
4348,4200,2024-01-06,Southwest,completed
4349,2058,2025-09-22,Midwest,completed
4350,526,2026-01-08,Northeast,completed
4351,4770,2024-08-12,Southwest,completed
4352,3816,2024-08-03,Midwest,completed
4353,2714,2026-08-09,West,completed
4354,2326,2024-10-31,Southeast,completed
4355,4600,2024-02-03,Northeast,completed
4356,1415,2024-04-14,Midwest,completed
4357,3993,2026-01-07,Midwest,completed
4358,3767,2026-06-28,West,completed
4359,4482,2026-01-23,Southeast,completed
4360,1245,2024-12-13,West,completed
4361,4534,2025-05-30,Southwest,completed
4362,2274,2026-03-30,Southwest,cancelled
4363,3051,2024-10-26,Midwest,completed
4364,2439,2026-04-28,Northeast,completed
4365,480,2024-12-27,Southwest,completed
4366,4747,2024-10-26,Midwest,completed
4367,2339,2025-12-11,Southwest,completed
4368,3999,2025-05-19,Midwest,completed
4369,4091,2026-05-09,Southwest,completed
4370,2345,2025-06-22,West,completed
4371,4227,2025-09-02,Southeast,completed
4372,4638,2024-02-28,West,completed
4373,144,2025-01-01,Southwest,completed
4374,4304,2025-10-15,Southeast,cancelled
4375,3343,2024-09-06,Northeast,returned
4376,772,2025-10-25,West,cancelled
4377,126,2026-01-13,Midwest,completed
4378,2606,2024-06-02,Midwest,completed
4379,2310,2024-09-10,Midwest,completed
4380,3689,2024-01-19,Southwest,completed
4381,1679,2026-07-31,West,returned
4382,4215,2024-12-27,Southwest,completed
4383,4455,2025-02-21,Southwest,completed
4384,1058,2026-07-07,West,completed
4385,2234,2024-06-12,Northeast,completed
4386,830,2026-08-14,Southeast,completed
4387,1394,2026-01-01,Southeast,completed
4388,4099,2025-02-06,West,completed
4389,2483,2026-06-25,Southeast,cancelled
4390,4211,2024-09-07,Midwest,cancelled
4391,2978,2024-03-11,Northeast,completed
4392,1040,2026-01-30,Northeast,completed
4393,3265,2024-02-10,West,completed
4394,4417,2025-12-01,West,completed
4395,2180,2025-04-26,Southeast,completed
4396,1932,2024-08-29,Midwest,completed
4397,2820,2026-07-07,Midwest,completed
4398,4864,2024-10-13,Northeast,completed
4399,166,2026-03-19,Northeast,completed
4400,2225,2024-06-06,Northeast,completed
4401,4135,2024-05-02,Southeast,completed
4402,305,2025-08-24,Southeast,completed
4403,2679,2025-08-13,West,completed
4404,1783,2024-01-05,Southeast,completed
4405,2734,2025-12-26,Northeast,completed
4406,1411,2026-01-04,Northeast,completed
4407,999,2025-12-20,Southwest,completed
4408,3554,2026-07-25,Southeast,completed
4409,3303,2024-12-07,Northeast,completed
4410,4835,2025-09-12,Northeast,completed
4411,4316,2026-05-23,Southeast,completed
4412,1108,2025-04-04,West,returned
4413,3185,2026-06-27,West,completed
4414,4051,2024-07-12,West,completed
4415,1143,2026-08-21,West,completed
4416,4674,2024-09-14,Southeast,completed
4417,2968,2026-01-12,West,completed
4418,4203,2024-11-25,Southwest,completed
4419,2907,2024-10-14,Midwest,completed
4420,147,2024-06-15,Southwest,cancelled
4421,2901,2025-07-20,Midwest,completed
4422,4855,2026-07-29,West,completed
4423,413,2026-03-08,Midwest,completed
4424,4252,2024-04-03,West,cancelled
4425,1236,2026-03-05,Southeast,completed
4426,2970,2024-04-06,Northeast,completed
4427,3091,2025-12-18,West,completed
4428,2763,2024-01-27,Midwest,completed
4429,3138,2024-02-23,Southwest,completed
4430,1762,2024-04-16,Northeast,completed
4431,4599,2025-06-24,Southwest,completed
4432,2544,2025-01-17,Northeast,completed
4433,2065,2024-12-23,Northeast,completed
4434,2111,2026-05-05,Southeast,completed
4435,3659,2026-05-20,West,completed
4436,2319,2026-07-18,Midwest,completed
4437,2037,2026-08-15,Southeast,completed
4438,2635,2025-01-14,Southeast,completed
4439,3166,2025-05-29,West,completed
4440,4755,2025-05-09,Southwest,completed
4441,3827,2026-07-17,Southwest,completed
4442,3615,2025-08-31,West,completed
4443,4114,2024-07-23,Northeast,completed
4444,4555,2026-06-29,Southeast,completed
4445,4196,2026-03-20,Southeast,completed
4446,3780,2025-03-30,West,completed
4447,2836,2024-05-29,Midwest,completed
4448,387,2025-05-13,Northeast,completed
4449,342,2024-08-20,Northeast,completed
4450,2529,2025-06-30,Southwest,cancelled
4451,2115,2024-03-09,Northeast,completed
4452,2915,2026-04-19,Northeast,completed
4453,3925,2026-07-02,Midwest,completed
4454,3975,2024-08-10,Southwest,completed
4455,116,2026-05-19,West,completed
4456,4064,2025-05-21,Midwest,returned
4457,2024,2026-02-03,Southeast,completed
4458,2454,2025-11-22,Midwest,completed
4459,2086,2025-06-14,Midwest,completed
4460,1637,2025-07-12,West,completed
4461,529,2024-03-19,West,completed
4462,4072,2024-12-18,West,completed
4463,3186,2026-04-27,Southwest,completed
4464,4233,2026-01-28,Southeast,completed
4465,1335,2024-02-06,Southeast,returned
4466,1980,2026-01-09,Northeast,completed
4467,1084,2025-05-30,Southeast,cancelled
4468,2457,2026-04-01,Southeast,completed
4469,2627,2026-01-07,Southwest,completed
4470,2520,2025-09-02,West,completed
4471,1905,2024-01-12,Southeast,completed
4472,269,2026-01-17,Southwest,completed
4473,3187,2026-07-12,Southeast,completed
4474,2948,2024-07-14,West,completed
4475,4119,2024-08-14,West,cancelled
4476,3688,2025-01-07,Southwest,completed
4477,728,2024-07-03,Southeast,completed
4478,1113,2025-07-14,Southwest,completed
4479,3242,2025-09-17,Southwest,completed
4480,2822,2025-08-23,Midwest,completed
4481,217,2024-02-20,Midwest,completed
4482,1271,2026-01-28,Northeast,completed
4483,2572,2025-12-09,Southwest,returned
4484,2618,2024-09-15,Southwest,completed
4485,30,2025-11-03,West,completed
4486,3400,2025-12-03,Southeast,completed
4487,1217,2025-07-11,Southwest,completed
4488,917,2024-10-09,West,completed
4489,3664,2026-05-21,Northeast,cancelled
4490,4354,2025-04-28,West,completed
4491,4187,2025-09-19,Midwest,completed
4492,4717,2024-07-25,Southwest,completed
4493,547,2025-12-06,West,completed
4494,3743,2024-06-03,Southeast,completed
4495,4777,2025-03-20,Northeast,completed
4496,3103,2024-11-11,Midwest,completed
4497,872,2024-09-24,Southeast,completed
4498,993,2024-12-03,Northeast,completed
4499,3655,2025-05-21,West,completed
4500,352,2025-08-18,Southeast,completed
4501,118,2026-03-13,West,completed
4502,4861,2026-07-12,Midwest,completed
4503,2382,2025-07-14,Southwest,completed
4504,577,2024-05-24,Southwest,completed
4505,2625,2025-07-03,Southeast,completed
4506,3323,2024-04-20,Midwest,completed
4507,4024,2025-05-13,West,completed
4508,4178,2026-03-11,West,completed
4509,3267,2024-12-13,Midwest,completed
4510,2011,2024-03-01,Southeast,completed
4511,4082,2026-07-11,Southeast,completed
4512,3302,2026-03-12,Southeast,completed
4513,1153,2025-03-03,West,completed
4514,3313,2025-11-03,Northeast,completed
4515,2563,2025-07-20,Southeast,completed
4516,3977,2026-02-26,Northeast,cancelled
4517,2770,2024-04-24,Northeast,cancelled
4518,513,2024-09-11,West,completed
4519,2019,2024-02-01,Southeast,completed
4520,3590,2024-05-08,West,completed
4521,849,2024-09-25,Southeast,completed
4522,2321,2024-12-01,Southeast,completed
4523,2060,2026-03-07,Northeast,completed
4524,2365,2025-03-31,West,completed
4525,468,2025-02-19,Southwest,completed
4526,1610,2025-12-25,West,completed
4527,418,2025-10-16,West,completed
4528,3736,2025-07-06,Southwest,completed
4529,2674,2025-05-22,Southeast,completed
4530,16,2025-03-22,Southeast,completed
4531,4224,2025-08-22,Midwest,completed
4532,2533,2026-03-20,Southwest,completed
4533,3679,2025-12-16,Midwest,completed
4534,3039,2025-06-17,Southwest,completed
4535,3429,2026-07-20,Southwest,completed
4536,4384,2026-03-07,Southwest,completed
4537,2475,2025-05-17,Southwest,completed
4538,3267,2026-01-04,Midwest,completed
4539,782,2024-01-15,Northeast,completed
4540,325,2024-02-11,Midwest,completed
4541,2445,2025-12-03,West,completed
4542,584,2025-04-27,Midwest,completed
4543,3135,2024-07-25,Southwest,completed
4544,4944,2025-10-15,West,completed
4545,4941,2026-03-29,West,completed
4546,2627,2024-10-10,Southwest,completed
4547,3398,2024-09-25,Southeast,completed
4548,118,2024-12-01,West,completed
4549,3357,2026-06-02,Southwest,completed
4550,1113,2026-02-11,Southwest,completed
4551,1362,2025-06-10,West,cancelled
4552,1102,2026-04-23,Southwest,completed
4553,4341,2026-05-14,Midwest,completed
4554,3167,2025-08-03,Southwest,completed
4555,2815,2025-06-12,Midwest,completed
4556,3257,2025-12-03,Midwest,completed
4557,4512,2024-10-21,Southwest,completed
4558,914,2025-03-06,West,completed
4559,2656,2024-07-03,West,completed
4560,945,2026-01-24,Southwest,completed
4561,3913,2025-11-20,Southwest,completed
4562,2969,2024-10-12,Southwest,completed
4563,4164,2026-07-07,Midwest,completed
4564,4332,2025-05-11,West,cancelled
4565,4372,2024-11-22,Southwest,completed
4566,745,2025-09-08,Midwest,completed
4567,1572,2026-05-05,Southwest,completed
4568,1023,2024-11-03,Midwest,completed
4569,1901,2024-02-02,Midwest,completed
4570,684,2024-08-15,Southeast,completed
4571,3824,2025-06-24,Northeast,completed
4572,276,2026-03-30,West,completed
4573,976,2025-10-18,Northeast,completed
4574,2482,2024-06-01,Southwest,completed
4575,1920,2025-04-29,Southwest,completed
4576,1997,2025-06-20,Midwest,completed
4577,2451,2024-02-03,Southeast,completed
4578,705,2025-10-05,Northeast,cancelled
4579,2425,2026-07-18,Northeast,completed
4580,127,2026-01-17,Southeast,completed
4581,1536,2026-05-07,Southeast,completed
4582,234,2025-01-24,Southwest,completed
4583,3114,2024-06-17,Northeast,completed
4584,484,2026-04-10,Midwest,completed
4585,4818,2026-08-04,West,completed
4586,3091,2025-05-04,West,completed
4587,293,2025-01-20,Southeast,completed
4588,3380,2026-02-05,West,completed
4589,3574,2024-07-05,Southwest,completed
4590,736,2026-01-01,Southwest,completed
4591,1323,2026-02-22,Midwest,completed
4592,237,2025-03-31,Northeast,completed
4593,3880,2025-10-19,Southeast,completed
4594,4361,2025-04-26,Northeast,completed
4595,2199,2025-10-04,West,completed
4596,3192,2026-01-21,West,completed
4597,3712,2025-10-20,Southeast,completed
4598,3800,2024-09-26,West,completed
4599,3250,2025-05-10,Midwest,completed
4600,157,2024-05-19,Southwest,completed
4601,2899,2024-03-20,West,completed
4602,1777,2024-01-15,Northeast,completed
4603,2286,2024-09-20,Midwest,completed
4604,3926,2026-04-06,Northeast,completed
4605,929,2025-12-25,Northeast,completed
4606,2910,2025-08-17,West,completed
4607,1537,2024-02-24,Southeast,completed
4608,188,2026-07-27,Northeast,completed
4609,1168,2025-03-09,Southeast,completed
4610,2663,2024-11-24,Midwest,completed
4611,3015,2025-08-10,Southeast,completed
4612,2705,2025-01-30,West,cancelled
4613,2148,2024-01-08,West,completed
4614,1571,2024-11-08,West,completed
4615,4023,2025-06-12,Southwest,completed
4616,1587,2024-09-15,Southwest,completed
4617,189,2024-06-01,Northeast,completed
4618,1877,2024-01-03,Northeast,completed
4619,3046,2026-04-03,Southeast,completed
4620,122,2024-11-02,Northeast,completed
4621,4103,2025-05-28,Northeast,completed
4622,3671,2024-01-11,Northeast,completed
4623,3015,2024-09-07,Southeast,cancelled
4624,1401,2025-04-06,Northeast,completed
4625,2813,2026-05-26,Midwest,completed
4626,455,2026-07-20,Midwest,cancelled
4627,650,2026-01-02,West,completed
4628,1143,2024-05-20,West,completed
4629,756,2025-08-25,Southeast,completed
4630,1575,2024-06-14,Northeast,completed
4631,3172,2026-06-24,Southwest,completed
4632,1330,2026-04-24,Midwest,returned
4633,2382,2024-02-12,Southwest,completed
4634,894,2024-11-20,Southwest,completed
4635,1631,2026-01-21,Midwest,completed
4636,2149,2024-08-28,Northeast,completed
4637,4257,2025-04-05,West,completed
4638,2120,2025-08-10,Midwest,completed
4639,2503,2024-10-23,West,completed
4640,4038,2024-10-20,West,completed
4641,1650,2024-09-15,Midwest,completed
4642,4864,2025-04-12,Northeast,completed
4643,705,2024-06-19,Northeast,completed
4644,1396,2024-05-23,West,completed
4645,540,2024-04-05,Southeast,completed
4646,3413,2024-05-01,West,completed
4647,852,2024-09-17,Southeast,returned
4648,19,2024-12-13,West,returned
4649,1492,2025-03-05,Southeast,completed
4650,3603,2024-02-01,Midwest,completed
4651,1800,2024-12-02,Southeast,returned
4652,502,2026-04-17,Northeast,completed
4653,3016,2026-04-14,Southwest,completed
4654,2890,2024-10-09,Southeast,completed
4655,4601,2024-02-18,Southeast,completed
4656,3057,2026-03-09,Southeast,completed
4657,2420,2024-12-20,Southeast,completed
4658,4287,2024-09-08,Southeast,completed
4659,4199,2024-01-24,Southeast,completed
4660,1701,2026-04-12,Southwest,completed
4661,3610,2024-07-25,Southwest,completed
4662,4307,2025-01-26,Southwest,completed
4663,680,2025-09-01,Northeast,completed
4664,3049,2024-05-06,Midwest,completed
4665,3150,2025-08-10,Southeast,completed
4666,2920,2025-08-01,West,completed
4667,270,2026-04-28,Northeast,completed
4668,65,2026-05-27,Southwest,completed
4669,105,2025-08-20,Southeast,completed
4670,4742,2024-06-02,Northeast,returned
4671,4741,2024-12-05,Southeast,completed
4672,2449,2024-01-07,Southwest,completed
4673,1525,2025-12-29,Southwest,completed
4674,2617,2025-07-07,Southwest,completed
4675,1840,2024-08-04,West,completed
4676,3036,2024-06-13,Midwest,completed
4677,2260,2025-09-04,West,completed
4678,713,2024-03-04,West,completed
4679,1723,2025-12-12,West,completed
4680,2565,2024-08-13,Southwest,completed
4681,2918,2025-08-11,Southwest,completed
4682,942,2025-10-21,Midwest,completed
4683,3786,2024-10-27,Southwest,completed
4684,1920,2026-01-08,Southwest,completed
4685,3109,2025-03-05,West,completed
4686,2418,2025-10-04,West,completed
4687,2616,2025-11-01,Southeast,completed
4688,4022,2025-09-07,Southwest,completed
4689,2837,2024-02-20,West,completed
4690,3967,2025-04-25,Southeast,cancelled
4691,2224,2026-01-19,West,completed
4692,2611,2024-07-11,Southwest,completed
4693,3882,2024-04-30,Midwest,completed
4694,3303,2026-02-02,Northeast,completed
4695,1780,2026-03-22,Midwest,cancelled
4696,2432,2024-07-18,Southeast,completed
4697,1419,2025-04-06,Southeast,completed
4698,4066,2026-03-22,Northeast,completed
4699,2176,2024-03-31,Northeast,cancelled
4700,4065,2025-08-28,Southwest,completed
4701,1978,2024-04-16,Southeast,cancelled
4702,718,2026-08-11,West,completed
4703,1395,2026-07-03,Northeast,completed
4704,2435,2026-04-11,West,completed
4705,4388,2026-08-08,Northeast,completed
4706,1095,2025-01-06,Midwest,completed
4707,2127,2025-07-25,Southeast,completed
4708,4786,2024-07-04,Southeast,completed
4709,4579,2026-06-30,West,completed
4710,4445,2024-05-20,West,cancelled
4711,4961,2024-06-16,Midwest,cancelled
4712,527,2024-08-28,Southeast,cancelled
4713,539,2025-12-11,Northeast,completed
4714,1763,2024-10-27,Southwest,completed
4715,3856,2025-06-17,West,returned
4716,1593,2024-08-27,West,completed
4717,4936,2025-01-07,Southeast,completed
4718,2619,2025-08-25,Southeast,completed
4719,2621,2025-06-16,Northeast,completed
4720,2918,2024-04-11,Southwest,completed
4721,4191,2024-06-13,West,completed
4722,1418,2026-06-12,Southeast,completed
4723,2154,2025-08-24,Midwest,completed
4724,1736,2024-07-02,West,completed
4725,2009,2026-03-18,Midwest,completed
4726,759,2025-07-15,Southeast,completed
4727,4532,2025-02-24,Northeast,completed
4728,2936,2025-10-08,West,completed
4729,4564,2024-12-06,Midwest,completed
4730,1934,2026-02-20,Southeast,cancelled
4731,3683,2026-03-21,Southwest,completed
4732,1716,2025-10-04,Midwest,completed
4733,1053,2025-02-28,Northeast,completed
4734,2355,2025-12-21,Northeast,completed
4735,4842,2025-09-23,Southwest,completed
4736,1127,2024-06-08,Southwest,completed
4737,3292,2024-02-26,Southeast,completed
4738,1088,2025-09-25,Northeast,completed
4739,1781,2026-07-21,Northeast,completed
4740,303,2024-06-28,Southwest,completed
4741,4185,2024-01-31,Midwest,completed
4742,910,2025-12-31,Midwest,completed
4743,2787,2024-05-09,Northeast,completed
4744,2779,2026-07-12,Southeast,completed
4745,4120,2024-03-28,West,completed
4746,4702,2025-01-19,Midwest,completed
4747,223,2025-03-24,Southwest,returned
4748,4172,2024-06-12,Northeast,completed
4749,3546,2024-01-22,Southeast,completed
4750,80,2025-08-21,Northeast,cancelled
4751,3886,2024-09-20,Southwest,completed
4752,2419,2025-09-18,West,completed
4753,4693,2025-08-21,Southeast,completed
4754,885,2025-11-29,Southeast,completed
4755,4255,2024-11-28,Northeast,completed
4756,4632,2025-08-05,Midwest,completed
4757,1118,2025-10-30,Northeast,completed
4758,3836,2024-05-19,Southwest,completed
4759,1009,2025-05-20,Midwest,completed
4760,899,2025-10-26,Midwest,completed
4761,4482,2024-01-24,Southeast,completed
4762,1213,2025-05-18,Southwest,completed
4763,2395,2024-05-21,West,completed
4764,2973,2025-01-21,Southeast,completed
4765,836,2024-07-04,Midwest,completed
4766,4482,2024-09-25,Southeast,completed
4767,4557,2025-09-09,Southeast,completed
4768,4646,2024-02-27,Northeast,completed
4769,1659,2024-03-05,Southeast,completed
4770,2720,2025-05-16,Midwest,completed
4771,326,2025-01-14,Midwest,completed
4772,495,2025-02-16,Northeast,completed
4773,4021,2025-11-13,Southwest,completed
4774,586,2025-10-16,Southeast,completed
4775,2278,2025-09-03,West,completed
4776,3044,2024-06-16,Southeast,completed
4777,4039,2026-04-05,Midwest,completed
4778,2118,2026-03-28,Southeast,completed
4779,4584,2024-09-16,West,completed
4780,359,2025-02-21,West,completed
4781,3919,2026-08-06,Northeast,completed
4782,4554,2026-02-24,Southeast,completed
4783,3,2026-05-07,Midwest,completed
4784,3822,2025-02-25,Southwest,completed
4785,800,2026-02-04,Southwest,completed
4786,1306,2025-04-22,Southwest,completed
4787,3684,2025-07-30,West,completed
4788,4814,2024-12-21,Midwest,completed
4789,4260,2025-04-09,Northeast,completed
4790,4063,2024-05-11,Southeast,completed
4791,1090,2025-11-14,Northeast,completed
4792,4866,2024-06-05,Southwest,completed
4793,1432,2025-04-04,Southwest,completed
4794,178,2024-08-05,Southwest,completed
4795,418,2025-07-16,West,completed
4796,1183,2026-04-05,Southwest,completed
4797,2874,2024-11-29,Northeast,completed
4798,4235,2026-03-03,Midwest,completed
4799,4530,2024-01-22,Northeast,completed
4800,4154,2026-07-19,Midwest,completed
4801,1392,2026-08-18,West,completed
4802,188,2026-01-05,Northeast,completed
4803,3761,2024-09-19,West,completed
4804,668,2025-02-28,West,completed
4805,4132,2025-02-08,West,completed
4806,3661,2025-12-08,Southwest,completed
4807,386,2025-01-05,Southwest,completed
4808,1763,2026-07-02,Southwest,completed
4809,4808,2025-04-11,Northeast,completed
4810,1218,2025-03-31,West,completed
4811,1795,2025-02-12,Northeast,completed
4812,3068,2024-06-12,Southwest,completed
4813,797,2025-05-29,Southwest,returned
4814,1009,2025-10-01,Midwest,completed
4815,3790,2025-08-07,Southeast,completed
4816,85,2026-07-30,Northeast,completed
4817,4259,2026-01-20,Midwest,completed
4818,143,2024-12-30,Northeast,completed
4819,1982,2026-05-06,West,completed
4820,4333,2026-04-08,Southeast,completed
4821,2915,2025-06-21,Northeast,completed
4822,3199,2025-02-18,Southwest,completed
4823,2711,2025-04-05,Southeast,completed
4824,232,2024-12-29,Southwest,completed
4825,1173,2025-03-16,Midwest,completed
4826,4214,2025-07-27,Midwest,completed
4827,554,2026-05-30,Northeast,completed
4828,3049,2024-10-12,Midwest,completed
4829,3037,2026-08-04,Midwest,completed
4830,2696,2025-05-14,Southeast,cancelled
4831,4149,2026-03-08,West,completed
4832,4411,2025-09-13,Northeast,completed
4833,4775,2025-07-23,Southeast,completed
4834,621,2026-03-14,Midwest,completed
4835,2712,2025-12-07,Midwest,completed
4836,1514,2024-10-28,Southwest,returned
4837,3179,2025-12-02,Midwest,completed
4838,2186,2026-05-16,Southwest,completed
4839,2829,2026-07-02,Midwest,completed
4840,571,2026-07-11,Southwest,completed
4841,4583,2026-05-10,Southwest,completed
4842,1968,2024-11-01,West,completed
4843,1903,2025-01-11,Midwest,completed
4844,3136,2026-04-22,Southwest,completed
4845,3388,2025-09-07,West,cancelled
4846,3127,2025-07-23,West,completed
4847,4686,2025-06-08,Southwest,returned
4848,296,2025-09-28,Southeast,completed
4849,2193,2024-04-18,Southwest,completed
4850,3670,2025-02-26,West,completed
4851,1063,2025-10-01,Southwest,completed
4852,720,2026-07-31,Southwest,completed
4853,651,2026-03-07,Midwest,completed
4854,2798,2024-02-13,Southeast,completed
4855,3871,2025-12-26,Southeast,completed
4856,1737,2026-08-08,Southeast,completed
4857,494,2025-03-30,Southwest,completed
4858,3175,2024-10-15,West,completed
4859,3461,2026-01-12,Midwest,completed
4860,2777,2025-09-15,West,completed
4861,4471,2024-11-23,Southwest,completed
4862,4721,2026-07-24,West,returned
4863,3403,2025-07-29,Southeast,completed
4864,139,2026-03-28,West,completed
4865,2477,2025-08-22,Midwest,completed
4866,309,2024-11-29,Southeast,completed
4867,4098,2024-01-05,Northeast,completed
4868,4463,2025-09-03,Midwest,completed
4869,3459,2024-02-25,Midwest,completed
4870,2022,2025-07-02,Midwest,completed
4871,4207,2026-06-11,West,completed
4872,2574,2024-01-29,West,completed
4873,571,2026-04-23,Southwest,completed
4874,267,2024-02-20,Southwest,completed
4875,4522,2025-08-26,Southwest,completed
4876,1027,2026-03-19,Southeast,completed
4877,4996,2025-05-10,Northeast,completed
4878,1200,2024-05-14,Southwest,completed
4879,2120,2026-02-21,Midwest,completed
4880,1598,2024-08-13,Northeast,completed
4881,2219,2025-02-28,Southwest,completed
4882,3347,2024-09-13,Southeast,completed
4883,1316,2026-06-24,Southwest,completed
4884,606,2024-03-29,Northeast,completed
4885,4281,2025-11-03,Northeast,completed
4886,4453,2024-05-21,Southwest,completed
4887,95,2024-06-18,West,completed
4888,3662,2026-07-05,Southwest,completed
4889,482,2024-12-05,Northeast,completed
4890,1252,2025-11-12,Southeast,completed
4891,4415,2025-07-12,Midwest,completed
4892,1430,2024-11-09,Northeast,completed
4893,3313,2024-12-01,Northeast,completed
4894,3228,2024-01-04,Northeast,completed
4895,2845,2024-11-27,Southeast,completed
4896,3357,2025-04-01,Southwest,cancelled
4897,1119,2026-01-27,Southwest,completed
4898,902,2024-09-10,Southwest,completed
4899,149,2025-01-28,Southwest,completed
4900,3745,2026-01-19,Southeast,completed
4901,831,2025-06-21,Southwest,completed
4902,3446,2024-07-12,Midwest,completed
4903,2527,2025-03-24,Midwest,cancelled
4904,2853,2026-01-06,Southeast,completed
4905,1010,2025-10-30,Northeast,completed
4906,1392,2024-03-17,West,completed
4907,4418,2026-07-25,Southeast,completed
4908,2003,2025-11-01,Northeast,completed
4909,771,2024-10-12,Northeast,completed
4910,635,2026-01-12,Southeast,completed
4911,2961,2025-01-04,Southwest,cancelled
4912,1964,2026-02-03,Southeast,completed
4913,1026,2025-06-17,West,cancelled
4914,3908,2025-04-26,Southwest,completed
4915,4790,2025-08-07,Midwest,completed
4916,4355,2026-06-25,Southwest,completed
4917,635,2024-10-17,Southeast,completed
4918,3945,2024-11-08,Southeast,completed
4919,2052,2024-08-15,Midwest,completed
4920,4988,2026-08-05,Northeast,completed
4921,2488,2025-03-25,Southwest,completed
4922,1717,2024-06-07,West,completed
4923,3277,2025-11-19,Northeast,completed
4924,807,2026-07-31,Southeast,completed
4925,3164,2025-10-03,Southwest,completed
4926,4343,2026-02-02,West,completed
4927,445,2024-04-28,Northeast,completed
4928,2442,2024-02-14,Southeast,completed
4929,2182,2024-06-06,Midwest,completed
4930,2414,2024-05-03,Southwest,completed
4931,1409,2025-05-27,Southeast,completed
4932,848,2025-12-07,Southwest,returned
4933,2609,2026-03-27,Midwest,completed
4934,4562,2025-04-11,Southeast,completed
4935,1216,2025-01-13,Southwest,cancelled
4936,221,2024-11-20,Southwest,completed
4937,2357,2024-06-21,Southeast,completed
4938,822,2024-08-10,West,completed
4939,4541,2025-06-28,Southwest,completed
4940,2721,2025-06-15,Midwest,completed
4941,3564,2025-08-03,Midwest,completed
4942,4803,2024-09-30,West,returned
4943,2100,2024-05-22,Midwest,completed
4944,4212,2024-03-19,West,completed
4945,4777,2025-11-05,Northeast,completed
4946,1615,2025-10-26,Southwest,completed
4947,398,2025-09-28,Southeast,completed
4948,439,2025-02-18,Midwest,completed
4949,185,2024-01-01,West,completed
4950,275,2024-01-04,West,completed
4951,3766,2025-06-24,West,completed
4952,413,2025-07-10,Midwest,completed
4953,3785,2026-07-10,Northeast,completed
4954,3620,2024-10-13,Southwest,completed
4955,3764,2025-07-09,Southwest,completed
4956,4862,2025-12-19,Southeast,completed
4957,2107,2026-07-22,Southwest,completed
4958,280,2026-01-03,Midwest,returned
4959,1678,2026-08-22,Midwest,completed
4960,2054,2025-01-31,West,completed
4961,2302,2024-09-29,Midwest,completed
4962,1852,2024-05-26,Northeast,completed
4963,3154,2024-07-28,Southeast,completed
4964,1379,2025-11-21,Northeast,completed
4965,644,2025-04-29,Southeast,completed
4966,1744,2025-03-25,Southeast,completed
4967,1329,2026-01-15,Southeast,completed
4968,4241,2026-04-02,Northeast,completed
4969,3041,2026-05-04,Southwest,completed
4970,3647,2026-05-01,West,completed
4971,3163,2024-06-20,Southeast,completed
4972,4165,2024-07-14,Midwest,completed
4973,1443,2025-07-25,Midwest,completed
4974,3529,2026-07-08,Northeast,completed
4975,1378,2025-01-06,Southwest,completed
4976,2445,2025-04-18,West,completed
4977,757,2025-08-18,Northeast,returned
4978,924,2026-08-20,Southwest,completed
4979,902,2025-05-17,Southwest,completed
4980,1281,2025-06-27,West,cancelled
4981,3698,2026-03-08,Midwest,returned
4982,2192,2024-12-07,Southeast,completed
4983,548,2025-07-03,Northeast,returned
4984,2634,2025-05-11,Midwest,completed
4985,3143,2025-11-01,Midwest,completed
4986,138,2024-07-07,Northeast,completed
4987,4150,2024-11-10,Northeast,completed
4988,1724,2024-08-19,Southeast,completed
4989,4593,2024-01-23,Southeast,completed
4990,2220,2025-07-14,West,returned
4991,2991,2026-02-24,Southeast,completed
4992,3374,2024-06-13,Midwest,completed
4993,3221,2026-08-06,Southeast,cancelled
4994,4047,2025-04-02,Southwest,completed
4995,371,2026-06-27,Southeast,completed
4996,2733,2024-04-14,Midwest,completed
4997,454,2024-03-03,Southeast,completed
4998,4309,2026-08-13,West,completed
4999,632,2025-03-13,Midwest,completed
5000,3271,2025-12-04,Midwest,completed
5001,3238,2026-04-22,Southeast,completed
5002,4531,2024-08-05,Southeast,completed
5003,4829,2025-09-11,Northeast,completed
5004,82,2025-04-06,West,cancelled
5005,91,2026-04-21,Southeast,completed
5006,1594,2025-06-07,Northeast,completed
5007,4045,2024-03-08,Southwest,completed
5008,2387,2026-03-28,Southeast,completed
5009,1961,2024-04-11,Midwest,completed
5010,3922,2024-01-06,West,completed
5011,1052,2025-10-15,Northeast,completed
5012,3491,2025-02-11,Northeast,completed
5013,1572,2025-07-05,Southwest,completed
5014,4437,2024-03-14,Midwest,completed
5015,4831,2025-08-10,West,returned
5016,4493,2025-07-26,Southeast,completed
5017,4920,2025-11-14,Northeast,completed
5018,4388,2024-12-04,Northeast,completed
5019,1822,2026-04-09,Southwest,completed
5020,3950,2024-02-08,Southwest,completed
5021,1569,2026-06-24,Southeast,completed
5022,1696,2025-11-30,Southeast,completed
5023,842,2024-02-19,Southeast,completed
5024,1014,2024-08-11,West,completed
5025,3573,2025-10-03,West,completed
5026,1747,2024-04-07,Midwest,completed
5027,4409,2024-06-23,Southeast,completed
5028,3540,2025-03-05,Midwest,completed
5029,2080,2026-05-16,Midwest,returned
5030,4552,2024-09-30,West,completed
5031,609,2025-12-31,Northeast,completed
5032,4049,2024-04-02,Northeast,completed
5033,2267,2026-07-31,Northeast,completed
5034,3543,2024-03-06,West,completed
5035,3291,2026-02-11,Southwest,cancelled
5036,4084,2025-02-24,Southeast,cancelled
5037,1741,2025-03-18,West,completed
5038,170,2024-02-06,Southeast,completed
5039,1039,2026-01-03,Southwest,completed
5040,4867,2025-12-17,Northeast,completed
5041,2264,2025-12-29,Midwest,completed
5042,31,2026-04-18,Southwest,completed
5043,1926,2024-10-27,Southwest,cancelled
5044,447,2024-10-26,Northeast,completed
5045,3788,2025-03-03,Southeast,completed
5046,2638,2025-10-28,West,completed
5047,3941,2025-03-17,Southeast,completed
5048,4092,2025-10-06,Midwest,completed
5049,4471,2025-10-20,Southwest,completed
5050,2791,2024-03-17,Northeast,completed
5051,221,2025-07-16,Southwest,completed
5052,886,2025-12-07,Southeast,completed
5053,3435,2024-05-06,Northeast,completed
5054,2791,2024-05-13,Northeast,completed
5055,4531,2024-07-26,Southeast,completed
5056,164,2025-08-07,Midwest,completed
5057,4138,2024-09-30,Southwest,completed
5058,1488,2025-09-29,Northeast,completed
5059,3907,2025-09-18,West,returned
5060,1835,2026-06-23,Southwest,completed
5061,2073,2025-03-13,Northeast,completed
5062,3384,2025-09-23,Northeast,completed
5063,2133,2026-07-03,Southeast,completed
5064,144,2024-02-22,Southwest,completed
5065,1530,2024-12-24,Southwest,completed
5066,126,2024-11-27,Midwest,completed
5067,421,2025-08-29,West,completed
5068,1424,2025-05-19,West,completed
5069,2877,2024-04-25,Southeast,completed
5070,3376,2024-11-10,Southeast,completed
5071,1471,2024-05-17,West,completed
5072,2880,2025-07-26,Northeast,completed
5073,2547,2025-06-14,Southeast,completed
5074,2483,2025-10-24,Southeast,cancelled
5075,4487,2025-03-27,Northeast,completed
5076,730,2024-04-14,Midwest,completed
5077,1935,2024-11-28,Southeast,completed
5078,1801,2024-09-21,Northeast,completed
5079,1128,2026-03-05,Northeast,completed
5080,1818,2026-04-16,West,completed
5081,127,2024-04-10,Southeast,cancelled
5082,1654,2025-09-19,West,completed
5083,4279,2024-03-08,Southwest,completed
5084,4016,2025-11-15,Southeast,completed
5085,4173,2024-02-01,Midwest,completed
5086,4266,2024-04-26,Southwest,cancelled
5087,42,2025-01-21,Northeast,completed
5088,4827,2026-07-30,Southwest,completed
5089,3191,2025-03-14,Northeast,completed
5090,1855,2025-10-14,Northeast,completed
5091,4791,2026-05-29,Southeast,completed
5092,3232,2025-02-19,Southeast,returned
5093,4357,2026-02-23,Northeast,completed
5094,271,2024-12-16,Midwest,returned
5095,1438,2026-02-01,Southwest,completed
5096,3429,2026-06-03,Southwest,completed
5097,4116,2025-07-02,Northeast,completed
5098,1472,2024-07-01,West,completed
5099,2682,2026-08-08,Southeast,completed
5100,276,2024-08-20,West,completed
5101,1442,2026-03-28,West,completed
5102,529,2024-08-03,West,completed
5103,4764,2025-02-21,Northeast,completed
5104,467,2026-07-26,Southwest,completed
5105,971,2024-06-29,Northeast,completed
5106,2471,2025-10-22,Southwest,completed
5107,3493,2024-07-28,Northeast,completed
5108,2691,2024-10-07,West,completed
5109,2517,2026-04-02,West,completed
5110,1251,2026-05-06,Northeast,completed
5111,659,2025-12-21,Southwest,completed
5112,3411,2024-04-10,Southeast,completed
5113,2870,2025-04-25,West,completed
5114,4412,2024-07-07,West,completed
5115,3969,2024-04-24,Southeast,completed
5116,3133,2024-09-19,Southwest,returned
5117,3730,2026-07-27,Northeast,returned
5118,1907,2026-07-01,Southwest,completed
5119,1260,2024-12-21,Midwest,completed
5120,166,2025-04-16,Northeast,completed
5121,118,2025-01-05,West,completed
5122,3164,2026-02-17,Southwest,completed
5123,2609,2025-03-06,Midwest,completed
5124,3442,2026-08-03,West,completed
5125,4771,2025-06-01,Midwest,completed
5126,2550,2024-08-20,West,returned
5127,178,2025-08-13,Southwest,completed
5128,2374,2025-03-31,West,completed
5129,2266,2024-05-04,Northeast,completed
5130,392,2025-07-15,Southeast,completed
5131,1272,2025-10-31,Midwest,completed
5132,3682,2025-10-18,West,completed
5133,400,2025-03-28,Northeast,completed
5134,2021,2025-09-30,Midwest,completed
5135,2982,2024-12-09,Midwest,returned
5136,3087,2024-08-01,Midwest,completed
5137,2657,2025-07-30,Southeast,completed
5138,4480,2025-05-07,Midwest,completed
5139,954,2025-03-19,Northeast,completed
5140,1916,2026-05-21,West,completed
5141,4570,2026-03-11,Northeast,completed
5142,1763,2025-10-28,Southwest,completed
5143,4893,2025-05-14,Southwest,completed
5144,3497,2026-07-11,Southwest,returned
5145,290,2026-03-28,Midwest,completed
5146,3798,2026-05-10,Northeast,completed
5147,18,2025-07-22,Northeast,completed
5148,2334,2025-08-14,Northeast,completed
5149,2057,2025-06-18,Southeast,returned
5150,884,2026-08-08,West,completed
5151,4197,2024-01-23,Southeast,completed
5152,903,2025-01-02,Southeast,returned
5153,1791,2024-09-20,Southeast,completed
5154,4448,2024-08-08,Northeast,completed
5155,985,2026-06-17,Southwest,completed
5156,2793,2024-01-04,Southeast,completed
5157,4973,2024-04-06,West,completed
5158,2030,2025-04-16,Southeast,completed
5159,4548,2024-02-10,West,completed
5160,200,2024-04-21,Midwest,completed
5161,2737,2024-02-27,Northeast,cancelled
5162,3,2026-06-24,Midwest,completed
5163,3217,2026-08-09,West,completed
5164,1891,2024-07-16,Southeast,completed
5165,996,2026-04-19,West,completed
5166,3700,2026-08-18,Midwest,completed
5167,3300,2025-01-02,Northeast,completed
5168,3894,2025-11-08,Northeast,completed
5169,212,2025-08-17,West,completed
5170,1599,2025-11-10,Northeast,completed
5171,3021,2025-12-28,Southwest,completed
5172,4780,2026-07-26,Southeast,completed
5173,3894,2025-03-14,Northeast,completed
5174,2253,2024-07-10,Northeast,completed
5175,2117,2025-12-09,Southeast,completed
5176,4328,2026-05-12,West,completed
5177,2097,2025-11-30,Southeast,completed
5178,2368,2024-06-16,Southwest,completed
5179,1915,2024-03-22,West,completed
5180,839,2026-01-01,Northeast,returned
5181,823,2025-04-22,Southeast,completed
5182,4278,2024-03-16,Southeast,completed
5183,3217,2024-05-21,West,completed
5184,4357,2026-05-08,Northeast,completed
5185,2113,2024-11-02,Southwest,returned
5186,946,2025-01-31,Northeast,completed
5187,4495,2025-03-25,Northeast,completed
5188,3519,2026-05-25,Southwest,completed
5189,1861,2025-10-19,West,completed
5190,1924,2025-10-02,Midwest,completed
5191,107,2025-01-05,Midwest,completed
5192,2748,2024-05-29,Midwest,completed
5193,2992,2024-02-03,Southeast,returned
5194,2585,2024-04-17,Southeast,completed
5195,4257,2025-03-28,West,completed
5196,1602,2024-03-27,Northeast,completed
5197,877,2025-06-23,Northeast,completed
5198,1092,2025-11-24,Northeast,completed
5199,2845,2026-06-17,Southeast,completed
5200,60,2024-10-30,Northeast,cancelled
5201,369,2025-02-23,Midwest,completed
5202,1254,2026-07-17,West,completed
5203,4904,2024-11-18,Northeast,completed
5204,4554,2024-02-09,Southeast,completed
5205,3311,2024-03-28,West,completed
5206,655,2026-03-17,Southeast,completed
5207,4195,2026-06-14,Northeast,completed
5208,4367,2025-02-27,Midwest,completed
5209,2366,2024-10-26,Southwest,completed
5210,2257,2024-07-11,Midwest,completed
5211,1113,2025-08-28,Southwest,completed
5212,2280,2026-01-14,Midwest,completed
5213,495,2026-07-24,Northeast,completed
5214,3756,2025-02-17,West,completed
5215,2178,2024-08-05,Southeast,completed
5216,2309,2026-06-13,Northeast,completed
5217,3328,2024-07-16,Northeast,completed
5218,1263,2026-06-15,Northeast,completed
5219,4015,2025-03-23,Southwest,completed
5220,2751,2026-04-09,Southeast,completed
5221,2759,2024-11-14,Northeast,completed
5222,713,2024-06-30,West,completed
5223,2092,2025-08-09,Southeast,completed
5224,1712,2025-01-04,Southwest,completed
5225,2915,2024-08-18,Northeast,completed
5226,1397,2025-09-29,West,completed
5227,2645,2024-11-02,Southwest,completed
5228,1881,2025-12-29,Midwest,completed
5229,3437,2025-10-26,Southwest,cancelled
5230,2420,2026-06-02,Southeast,completed
5231,4782,2024-04-06,Southwest,completed
5232,1513,2025-06-16,West,completed
5233,4969,2025-12-09,Southeast,completed
5234,2488,2025-09-10,Southwest,completed
5235,3269,2025-02-01,Midwest,cancelled
5236,1687,2024-10-15,Southwest,completed
5237,232,2025-04-27,Southwest,completed
5238,2175,2025-03-01,Southeast,completed
5239,2130,2026-01-03,Southwest,completed
5240,4620,2025-04-07,Southwest,completed
5241,1468,2025-03-30,West,cancelled
5242,1255,2025-04-04,Midwest,completed
5243,4716,2024-10-25,West,completed
5244,2104,2025-06-15,Southeast,completed
5245,1350,2025-11-06,Southeast,completed
5246,1562,2025-12-20,Northeast,completed
5247,748,2024-09-12,Northeast,completed
5248,4960,2026-06-21,Southwest,completed
5249,4173,2024-01-22,Midwest,completed
5250,2674,2026-03-01,Southeast,completed
5251,2077,2024-07-24,Southwest,completed
5252,373,2025-09-19,Northeast,completed
5253,1409,2024-10-01,Southeast,completed
5254,4867,2025-11-28,Northeast,completed
5255,203,2025-03-25,Southeast,completed
5256,2121,2024-05-04,West,completed
5257,2598,2025-07-13,Northeast,completed
5258,3308,2025-03-16,Southwest,completed
5259,4766,2024-02-23,Southeast,completed
5260,3907,2025-12-29,West,completed
5261,4432,2024-03-08,West,completed
5262,30,2025-01-15,West,completed
5263,2752,2024-05-23,Southwest,completed
5264,4980,2024-04-20,West,completed
5265,1078,2024-07-14,West,completed
5266,4120,2026-03-04,West,completed
5267,872,2024-07-25,Southeast,completed
5268,482,2025-04-07,Northeast,completed
5269,4279,2025-07-18,Southwest,cancelled
5270,2519,2024-09-10,West,completed
5271,3642,2025-06-15,West,completed
5272,809,2025-04-28,Northeast,completed
5273,4482,2024-12-30,Southeast,completed
5274,1316,2026-07-08,Southwest,completed
5275,3713,2025-01-02,Southwest,completed
5276,4530,2024-06-11,Northeast,completed
5277,2603,2024-11-09,Southwest,returned
5278,1051,2025-07-06,Midwest,completed
5279,1623,2026-05-16,Southwest,completed
5280,1897,2025-10-18,Southwest,completed
5281,350,2024-04-20,Southwest,completed
5282,11,2026-03-16,Midwest,completed
5283,4118,2026-06-29,Midwest,completed
5284,2208,2026-07-18,West,completed
5285,1632,2024-02-16,Midwest,cancelled
5286,2582,2025-08-30,West,completed
5287,3741,2025-01-05,Southeast,completed
5288,829,2024-02-06,Midwest,completed
5289,1601,2025-02-05,West,returned
5290,2973,2024-03-22,Southeast,completed
5291,4472,2025-10-17,Southeast,returned
5292,3647,2026-02-08,West,completed
5293,4011,2025-03-29,West,completed
5294,2889,2024-08-03,Midwest,completed
5295,3910,2024-02-11,Midwest,completed
5296,1558,2026-02-08,Southeast,completed
5297,3021,2025-11-25,Southwest,completed
5298,1719,2025-07-20,Southwest,completed
5299,4015,2024-10-17,Southwest,completed
5300,2288,2024-11-14,Southwest,completed
5301,4930,2025-02-17,West,completed
5302,4122,2026-03-16,West,completed
5303,736,2025-07-22,Southwest,completed
5304,3109,2024-05-23,West,completed
5305,1671,2024-02-09,Northeast,completed
5306,2711,2024-01-15,Southeast,completed
5307,614,2024-12-14,Northeast,completed
5308,4597,2024-06-23,West,completed
5309,3494,2024-10-09,Northeast,completed
5310,1519,2025-12-25,Northeast,completed
5311,1790,2024-04-26,Northeast,completed
5312,202,2025-11-20,Southeast,completed
5313,67,2024-04-18,West,completed
5314,2637,2025-09-19,Southeast,returned
5315,2520,2025-08-26,West,completed
5316,2932,2025-03-10,Northeast,completed
5317,3267,2025-03-06,Midwest,completed
5318,1127,2024-10-19,Southwest,cancelled
5319,862,2024-07-20,Midwest,completed
5320,2871,2026-06-10,Northeast,completed
5321,526,2025-05-08,Northeast,completed
5322,2229,2025-11-30,Midwest,completed
5323,4818,2026-03-09,West,completed
5324,2299,2024-09-13,Northeast,returned
5325,4663,2025-10-03,West,completed
5326,3903,2026-05-18,Northeast,completed
5327,4447,2024-09-25,Southwest,completed
5328,173,2025-09-25,Midwest,completed
5329,4565,2024-10-21,West,completed
5330,2135,2026-02-21,Southeast,completed
5331,482,2024-02-20,Northeast,completed
5332,1193,2025-04-11,West,completed
5333,436,2025-11-21,Northeast,completed
5334,839,2025-05-25,Northeast,completed
5335,513,2025-09-22,West,completed
5336,176,2024-05-07,Southwest,completed
5337,2427,2024-11-22,Northeast,completed
5338,44,2025-06-25,Southeast,completed
5339,669,2025-09-07,West,completed
5340,4005,2025-12-14,West,completed
5341,1441,2026-01-16,West,completed
5342,3495,2025-12-04,Northeast,completed
5343,4757,2025-12-10,Northeast,completed
5344,1277,2024-01-08,Southwest,completed
5345,2360,2024-03-02,Southwest,completed
5346,3427,2026-01-15,Southeast,completed
5347,918,2025-07-12,Southwest,completed
5348,4525,2026-04-02,Southwest,completed
5349,4363,2024-11-21,Midwest,completed
5350,25,2026-07-05,Southwest,completed
5351,1195,2025-10-14,West,completed
5352,3050,2025-10-14,Southeast,completed
5353,1273,2026-03-08,West,completed
5354,3709,2024-04-09,Southwest,completed
5355,467,2024-08-06,Southwest,cancelled
5356,2869,2026-03-21,Southwest,completed
5357,1361,2025-09-24,Northeast,completed
5358,4724,2024-03-04,Southeast,completed
5359,3201,2026-03-06,Southwest,completed
5360,1315,2025-03-13,Southwest,cancelled
5361,748,2025-12-07,Northeast,completed
5362,846,2024-03-10,Southwest,completed
5363,3714,2026-04-28,Southwest,completed
5364,2201,2026-05-31,Midwest,returned
5365,544,2025-03-20,Southwest,completed
5366,2802,2025-09-17,Northeast,completed
5367,2753,2024-01-19,Northeast,completed
5368,2679,2024-02-01,West,completed
5369,1962,2025-12-07,Southeast,completed
5370,1038,2025-03-17,Southwest,completed
5371,4167,2025-07-09,Southeast,completed
5372,212,2025-10-31,West,completed
5373,2623,2025-05-18,West,completed
5374,2594,2025-11-21,Midwest,completed
5375,268,2024-11-24,Northeast,completed
5376,4494,2024-12-27,Midwest,completed
5377,1740,2024-10-28,Midwest,completed
5378,3443,2026-05-12,West,completed
5379,1151,2025-09-28,Southeast,completed
5380,3119,2025-08-09,Midwest,completed
5381,3493,2026-02-15,Northeast,completed
5382,4936,2024-02-07,Southeast,completed
5383,4811,2026-04-04,Southeast,completed
5384,2992,2025-07-07,Southeast,completed
5385,2358,2024-04-04,Southwest,completed
5386,2805,2026-02-16,Southwest,completed
5387,498,2026-01-02,West,completed
5388,2780,2024-06-24,Midwest,completed
5389,64,2024-08-07,West,completed
5390,1441,2025-10-10,West,completed
5391,1633,2025-08-31,Northeast,completed
5392,3270,2025-11-21,West,returned
5393,546,2025-02-13,Southeast,completed
5394,3396,2025-11-05,Southeast,completed
5395,1724,2024-08-15,Southeast,returned
5396,2012,2024-07-27,Southeast,completed
5397,3530,2025-07-18,Northeast,completed
5398,2632,2025-03-27,Southeast,completed
5399,3616,2025-10-09,Midwest,completed
5400,3737,2024-01-22,Northeast,completed
5401,1086,2026-03-20,Northeast,completed
5402,3469,2025-05-16,Southeast,completed
5403,4765,2025-06-08,Midwest,cancelled
5404,916,2025-06-22,Midwest,completed
5405,1633,2025-03-21,Northeast,completed
5406,3528,2024-01-03,Southwest,completed
5407,2905,2024-12-28,Northeast,completed
5408,2507,2024-04-30,Northeast,completed
5409,4495,2025-10-12,Northeast,completed
5410,4564,2025-06-11,Midwest,completed
5411,4633,2024-10-02,Southeast,completed
5412,2075,2026-07-31,Southeast,completed
5413,157,2025-07-06,Southwest,completed
5414,382,2025-11-09,Southwest,completed
5415,892,2026-04-29,Southeast,completed
5416,164,2026-03-11,Midwest,completed
5417,4749,2026-04-14,West,cancelled
5418,2311,2024-05-28,West,returned
5419,624,2025-11-07,Northeast,completed
5420,4695,2024-12-04,Southwest,completed
5421,1803,2025-05-03,Northeast,completed
5422,733,2025-11-10,Midwest,completed
5423,4926,2025-10-25,West,completed
5424,423,2024-12-03,Southwest,completed
5425,2889,2025-07-13,Midwest,completed
5426,778,2026-03-12,West,completed
5427,2936,2025-05-30,West,completed
5428,4066,2025-03-23,Northeast,cancelled
5429,4665,2024-10-10,Southeast,completed
5430,1929,2025-02-04,West,completed
5431,747,2024-06-01,Northeast,completed
5432,3807,2025-10-16,West,cancelled
5433,4789,2026-02-09,Southeast,completed
5434,3172,2025-07-15,Southwest,completed
5435,1568,2026-02-23,Midwest,completed
5436,3093,2026-05-11,Southeast,completed
5437,1224,2024-04-22,West,completed
5438,3362,2024-01-09,Southeast,completed
5439,1766,2025-07-09,Northeast,completed
5440,366,2024-09-16,Midwest,completed
5441,4969,2024-10-15,Southeast,completed
5442,2697,2025-07-31,Southwest,completed
5443,110,2024-07-26,Southwest,completed
5444,232,2026-05-19,Southwest,completed
5445,407,2025-10-26,Midwest,completed
5446,1830,2026-05-06,Southwest,completed
5447,3089,2024-11-22,Northeast,completed
5448,125,2024-10-24,Northeast,completed
5449,3270,2024-12-10,West,completed
5450,3910,2026-07-17,Midwest,completed
5451,3900,2025-10-29,Southeast,completed
5452,1772,2026-06-11,West,completed
5453,3928,2024-04-09,Southeast,completed
5454,4062,2026-07-25,West,returned
5455,1191,2024-07-12,Southeast,completed
5456,319,2024-05-02,Southwest,completed
5457,805,2024-01-30,Southwest,completed
5458,843,2026-07-13,Midwest,completed
5459,4136,2026-02-09,Southeast,completed
5460,4625,2026-02-02,Southeast,cancelled
5461,1113,2024-03-13,Southwest,completed
5462,3357,2024-07-04,Southwest,completed
5463,4677,2025-06-29,Southwest,completed
5464,1485,2026-04-24,West,completed
5465,2350,2024-01-08,Northeast,completed
5466,404,2026-08-10,Northeast,completed
5467,1660,2025-11-28,Northeast,returned
5468,3912,2026-04-11,Southwest,completed
5469,4012,2024-08-09,Southwest,completed
5470,1086,2024-11-13,Northeast,completed
5471,4017,2024-08-09,Southeast,completed
5472,2445,2025-10-12,West,completed
5473,4205,2026-02-15,Midwest,cancelled
5474,973,2024-04-01,Southeast,completed
5475,4493,2025-06-13,Southeast,completed
5476,185,2025-09-15,West,completed
5477,2870,2026-03-24,West,completed
5478,4603,2024-06-01,West,completed
5479,3327,2025-07-25,Southeast,completed
5480,2909,2024-10-02,Northeast,completed
5481,417,2024-08-14,Southwest,completed
5482,1222,2024-10-26,Northeast,completed
5483,4175,2025-08-07,Northeast,completed
5484,1591,2025-12-26,West,completed
5485,4062,2026-08-21,West,completed
5486,2691,2025-10-05,West,completed
5487,4956,2024-11-21,Midwest,completed
5488,973,2025-03-07,Southeast,completed
5489,2727,2026-05-20,Southwest,completed
5490,1437,2026-05-16,Southwest,completed
5491,1641,2024-11-08,West,completed
5492,4864,2024-03-13,Northeast,completed
5493,901,2025-01-18,Southeast,completed
5494,3560,2026-04-05,Northeast,completed
5495,3462,2025-07-03,West,completed
5496,1574,2026-08-07,Midwest,completed
5497,2825,2025-08-15,Midwest,completed
5498,3134,2024-06-02,Northeast,completed
5499,2686,2025-09-19,Southeast,completed
5500,3257,2024-08-04,Midwest,completed
5501,3175,2025-09-17,West,completed
5502,188,2024-11-19,Northeast,completed
5503,2447,2024-03-11,Midwest,completed
5504,1885,2024-11-14,Northeast,completed
5505,3665,2025-02-15,Midwest,cancelled
5506,3251,2024-08-03,Southeast,completed
5507,89,2024-02-21,Northeast,completed
5508,2578,2025-05-25,Northeast,completed
5509,1357,2025-06-10,Southwest,returned
5510,1504,2025-10-18,Midwest,returned
5511,3024,2024-09-21,Northeast,completed
5512,3992,2025-03-01,Southwest,completed
5513,328,2026-02-13,Southeast,completed
5514,663,2025-11-07,Southwest,completed
5515,4374,2024-10-01,Midwest,completed
5516,653,2025-07-07,Southwest,completed
5517,874,2024-04-21,Midwest,completed
5518,756,2024-02-25,Southeast,completed
5519,2161,2024-10-02,Southeast,completed
5520,217,2026-03-12,Midwest,completed
5521,2760,2024-08-29,West,completed
5522,2390,2026-05-13,Midwest,completed
5523,3532,2026-01-19,West,completed
5524,374,2025-01-25,Southwest,returned
5525,683,2026-02-25,Midwest,completed
5526,397,2025-02-25,Northeast,completed
5527,879,2026-01-10,Southwest,completed
5528,1154,2025-09-20,Midwest,completed
5529,1777,2025-08-24,Northeast,completed
5530,622,2026-02-07,West,cancelled
5531,3271,2025-04-18,Midwest,completed
5532,4400,2025-05-27,Midwest,completed
5533,1567,2026-03-11,Southwest,completed
5534,3679,2024-12-14,Midwest,completed
5535,2314,2024-03-10,Northeast,completed
5536,3339,2026-02-23,West,completed
5537,3430,2024-04-04,Southeast,returned
5538,3750,2024-03-12,Midwest,completed
5539,34,2025-01-30,Southwest,cancelled
5540,3859,2025-06-04,Southwest,completed
5541,3827,2025-07-12,Southwest,completed
5542,568,2024-02-14,Northeast,completed
5543,95,2024-02-02,West,completed
5544,4990,2026-06-22,Northeast,completed
5545,2584,2026-08-15,West,completed
5546,2023,2024-01-22,Northeast,cancelled
5547,2638,2024-11-08,West,returned
5548,584,2024-01-30,Midwest,completed
5549,2026,2026-05-07,Midwest,completed
5550,3196,2024-01-07,Southeast,completed
5551,3839,2026-04-06,Northeast,completed
5552,1077,2026-06-10,Southwest,completed
5553,2835,2024-08-13,Southwest,completed
5554,2490,2025-07-04,Northeast,completed
5555,1495,2025-06-22,Midwest,completed
5556,4562,2026-04-10,Southeast,completed
5557,571,2025-08-31,Southwest,completed
5558,749,2024-02-27,Southeast,completed
5559,4956,2025-05-26,Midwest,returned
5560,4172,2025-07-26,Northeast,completed
5561,3073,2026-05-11,Southwest,returned
5562,4643,2024-01-18,Northeast,completed
5563,3441,2025-11-18,Midwest,completed
5564,1972,2025-03-06,Northeast,completed
5565,376,2026-08-02,Midwest,completed
5566,3309,2026-07-29,West,completed
5567,1979,2025-09-20,Southwest,completed
5568,335,2025-02-13,Midwest,completed
5569,2129,2026-01-02,Southeast,completed
5570,4056,2024-06-27,Midwest,completed
5571,1001,2026-05-21,Southwest,completed
5572,4162,2025-01-07,Southwest,completed
5573,4122,2024-11-04,West,completed
5574,3965,2024-04-27,Southeast,completed
5575,2143,2025-06-01,West,completed
5576,3020,2024-11-19,Southwest,completed
5577,1336,2024-07-03,West,completed
5578,4619,2025-02-07,Southeast,completed
5579,168,2025-02-27,Southwest,completed
5580,1797,2025-10-27,Midwest,completed
5581,3870,2024-06-23,Northeast,completed
5582,3485,2026-04-14,West,completed
5583,4407,2024-10-01,West,completed
5584,2529,2025-12-31,Southwest,completed
5585,3668,2024-07-05,West,cancelled
5586,4446,2025-10-04,Southeast,completed
5587,4466,2024-06-07,Southwest,completed
5588,1653,2025-04-20,West,completed
5589,4368,2024-10-16,Southeast,completed
5590,3704,2026-06-07,West,completed
5591,1232,2024-05-23,Southeast,completed
5592,4326,2025-09-16,Midwest,completed
5593,1781,2024-10-19,Northeast,cancelled
5594,456,2024-08-03,Midwest,completed
5595,1523,2025-03-18,Southeast,completed
5596,1947,2025-01-15,Northeast,completed
5597,565,2025-03-20,Midwest,cancelled
5598,2421,2025-06-15,Midwest,completed
5599,404,2024-07-20,Northeast,completed
5600,805,2024-04-12,Southwest,completed
5601,3760,2026-08-13,Southwest,completed
5602,1734,2025-06-16,Northeast,completed
5603,807,2025-11-15,Southeast,completed
5604,4483,2024-12-11,West,returned
5605,4467,2024-10-13,Midwest,completed
5606,1608,2026-03-10,Northeast,completed
5607,4638,2025-07-14,West,completed
5608,2709,2024-03-24,Southwest,completed
5609,3345,2025-05-20,West,returned
5610,1015,2025-12-30,Southwest,completed
5611,49,2024-01-30,Midwest,completed
5612,3347,2025-04-25,Southeast,completed
5613,4511,2025-09-16,Southwest,completed
5614,637,2025-06-02,Northeast,completed
5615,897,2024-11-05,Southwest,completed
5616,4491,2024-09-23,Southeast,completed
5617,3484,2025-10-11,Southeast,completed
5618,2015,2026-01-23,Northeast,completed
5619,4390,2026-01-01,Midwest,completed
5620,3335,2024-11-23,Southeast,completed
5621,4885,2025-02-27,Northeast,completed
5622,2707,2024-08-18,Northeast,cancelled
5623,1726,2025-07-10,Midwest,completed
5624,3671,2024-03-03,Northeast,completed
5625,4602,2025-09-03,West,completed
5626,1172,2024-10-04,Southeast,completed
5627,1427,2024-02-23,Midwest,completed
5628,2570,2024-06-06,Midwest,completed
5629,4173,2025-09-08,Midwest,cancelled
5630,377,2026-05-21,Southwest,completed
5631,1291,2025-03-28,Northeast,completed
5632,3812,2025-01-12,Southwest,completed
5633,3548,2024-10-22,Southeast,completed
5634,2623,2024-08-13,West,completed
5635,2235,2024-03-14,Midwest,completed
5636,145,2024-12-02,Southeast,completed
5637,4546,2024-01-29,Southeast,completed
5638,3210,2024-05-11,Southeast,completed
5639,200,2025-08-20,Midwest,completed
5640,3616,2025-09-01,Midwest,completed
5641,3322,2024-06-20,Southeast,completed
5642,2050,2024-09-29,Midwest,completed
5643,4489,2025-03-20,Midwest,completed
5644,2532,2024-01-21,West,completed
5645,426,2026-01-13,Midwest,completed
5646,4445,2026-07-21,West,completed
5647,2216,2026-03-21,Northeast,completed
5648,1380,2025-04-07,Midwest,completed
5649,4848,2025-02-25,Southwest,completed
5650,4117,2024-10-28,Southeast,completed
5651,2818,2024-07-30,Southeast,completed
5652,4659,2025-06-26,Midwest,completed
5653,1840,2026-01-29,West,completed
5654,4094,2024-04-25,West,completed
5655,1429,2026-07-29,West,completed
5656,4628,2024-02-01,West,completed
5657,1173,2025-09-04,Midwest,completed
5658,2393,2024-02-09,Southwest,completed
5659,4140,2026-06-28,Southwest,completed
5660,968,2026-08-02,Midwest,completed
5661,2980,2024-06-21,Southeast,completed
5662,187,2024-09-12,Northeast,completed
5663,3344,2024-04-25,Midwest,completed
5664,932,2026-04-10,Midwest,completed
5665,4472,2025-03-31,Southeast,returned
5666,3706,2026-02-10,Northeast,completed
5667,4620,2024-12-11,Southwest,completed
5668,109,2024-05-10,West,completed
5669,4846,2024-11-02,Southwest,completed
5670,895,2025-09-02,West,completed
5671,3569,2024-08-30,Northeast,completed
5672,764,2025-08-25,Northeast,completed
5673,2215,2025-01-26,Northeast,completed
5674,956,2024-01-15,Southwest,completed
5675,1081,2025-11-20,West,completed
5676,2936,2024-11-19,West,completed
5677,137,2025-09-13,Southeast,completed
5678,2604,2025-11-18,Midwest,completed
5679,555,2024-09-12,Southwest,completed
5680,1601,2024-02-07,West,completed
5681,2939,2025-04-20,Midwest,completed
5682,3611,2025-03-22,Northeast,cancelled
5683,4282,2026-03-20,West,completed
5684,2902,2025-05-29,Midwest,completed
5685,2840,2024-08-15,Northeast,completed
5686,603,2026-05-17,Southeast,completed
5687,3069,2025-01-08,Midwest,completed
5688,3995,2025-09-06,Southeast,completed
5689,4308,2024-02-28,Southeast,completed
5690,3903,2026-08-22,Northeast,completed
5691,2674,2026-05-27,Southeast,cancelled
5692,4692,2026-07-16,Midwest,completed
5693,3945,2024-10-31,Southeast,completed
5694,484,2026-02-12,Midwest,completed
5695,3889,2026-06-17,Southwest,completed
5696,3067,2025-07-07,Northeast,completed
5697,4700,2024-11-10,Northeast,completed
5698,2639,2024-07-01,Northeast,completed
5699,2469,2025-07-08,Northeast,completed
5700,2935,2026-03-30,Southwest,completed
5701,3510,2025-02-21,Northeast,completed
5702,4982,2024-07-13,Southeast,completed
5703,4423,2025-11-13,Southeast,completed
5704,754,2025-11-08,Southwest,returned
5705,4965,2024-10-28,Southeast,completed
5706,1901,2026-08-07,Midwest,cancelled
5707,1,2026-06-11,Midwest,completed
5708,588,2024-07-20,West,completed
5709,641,2025-01-21,Southwest,completed
5710,3169,2024-05-03,Southwest,returned
5711,804,2026-04-10,Southwest,cancelled
5712,2671,2025-08-31,Southeast,cancelled
5713,1405,2025-11-09,Southeast,completed
5714,2007,2026-01-27,Midwest,returned
5715,250,2024-03-12,Southeast,completed
5716,2458,2024-09-25,West,completed
5717,2847,2024-07-09,Southeast,completed
5718,127,2026-02-03,Southeast,completed
5719,4792,2025-08-29,Northeast,cancelled
5720,2945,2025-07-20,Southwest,completed
5721,2852,2025-09-17,Midwest,completed
5722,2860,2025-03-22,Southeast,completed
5723,2888,2025-08-27,Midwest,completed
5724,1623,2025-12-20,Southwest,completed
5725,627,2025-03-22,West,completed
5726,3035,2026-08-03,Southwest,completed
5727,2055,2025-11-02,West,completed
5728,1930,2026-04-08,Midwest,completed
5729,3601,2026-01-19,Northeast,completed
5730,4978,2024-02-14,West,completed
5731,739,2026-01-21,West,completed
5732,707,2024-09-23,Southeast,completed
5733,2407,2025-04-18,West,completed
5734,2735,2025-11-14,Midwest,completed
5735,1283,2024-01-12,Southeast,completed
5736,470,2024-06-12,Southeast,completed
5737,2439,2025-06-08,Northeast,completed
5738,3728,2026-01-25,Northeast,completed
5739,3902,2025-04-18,West,completed
5740,3067,2024-03-08,Northeast,completed
5741,4739,2026-08-06,Southwest,completed
5742,2421,2024-12-14,Midwest,returned
5743,2156,2025-11-20,Midwest,completed
5744,3652,2024-03-16,Northeast,cancelled
5745,1796,2026-01-24,Northeast,completed
5746,1894,2026-01-26,Midwest,returned
5747,644,2024-09-27,Southeast,completed
5748,3504,2025-12-19,Midwest,completed
5749,4186,2025-09-24,Southwest,completed
5750,888,2025-09-29,Southwest,completed
5751,3599,2024-02-01,Southeast,completed
5752,4465,2026-06-08,Southeast,completed
5753,1806,2024-06-15,Southwest,completed
5754,1171,2024-07-01,Southeast,completed
5755,1640,2024-09-14,Midwest,completed
5756,3536,2025-07-15,West,completed
5757,2944,2024-02-19,Northeast,completed
5758,2086,2024-06-26,Midwest,completed
5759,2793,2025-04-30,Southeast,completed
5760,2561,2024-09-13,Midwest,completed
5761,3167,2025-08-11,Southwest,completed
5762,591,2024-12-11,Southwest,completed
5763,2706,2025-07-29,West,completed
5764,4833,2024-03-07,Southeast,returned
5765,2322,2024-09-14,West,completed
5766,2177,2025-04-15,Southwest,returned
5767,3138,2025-07-25,Southwest,completed
5768,1784,2026-07-12,Northeast,completed
5769,3902,2025-09-17,West,completed
5770,2032,2025-09-25,Midwest,completed
5771,4992,2024-09-09,West,completed
5772,4761,2024-05-25,Midwest,completed
5773,4010,2024-01-15,Southeast,completed
5774,1883,2026-08-23,West,completed
5775,3244,2024-03-19,Northeast,completed
5776,1592,2025-09-14,Midwest,completed
5777,391,2025-03-22,Northeast,completed
5778,2298,2025-02-04,Northeast,completed
5779,965,2025-05-16,Midwest,completed
5780,747,2024-10-17,Northeast,completed
5781,2200,2024-09-05,Midwest,completed
5782,2995,2026-06-11,Midwest,returned
5783,1298,2024-07-03,West,completed
5784,1049,2025-11-13,Northeast,completed
5785,3010,2024-06-18,Southwest,completed
5786,3217,2024-07-02,West,completed
5787,4732,2024-02-29,West,completed
5788,1798,2025-01-24,Southwest,completed
5789,1140,2024-07-11,Southwest,completed
5790,1239,2026-01-16,Southwest,completed
5791,2682,2026-03-18,Southeast,completed
5792,4322,2026-05-02,Southwest,completed
5793,4138,2025-09-20,Southwest,completed
5794,2826,2025-08-18,Southwest,completed
5795,1087,2024-10-04,West,completed
5796,1620,2024-06-12,Southeast,completed
5797,1363,2025-07-21,West,completed
5798,3007,2026-02-23,Northeast,completed
5799,89,2025-11-16,Northeast,completed
5800,3388,2026-01-22,West,completed
5801,2047,2025-01-25,Southeast,completed
5802,878,2024-05-01,Southeast,completed
5803,764,2026-06-19,Northeast,completed
5804,1368,2024-07-11,Southeast,completed
5805,3315,2025-09-19,Southwest,completed
5806,3926,2025-04-19,Northeast,completed
5807,721,2025-10-15,Midwest,completed
5808,4028,2025-10-30,West,completed
5809,4769,2026-01-02,Southwest,completed
5810,381,2026-05-17,Midwest,cancelled
5811,3236,2025-05-12,Northeast,completed
5812,775,2024-08-07,Southwest,completed
5813,1434,2024-06-28,West,returned
5814,3149,2025-09-12,Southwest,completed
5815,2987,2024-08-22,Southeast,completed
5816,3362,2026-06-09,Southeast,completed
5817,1146,2024-02-16,Midwest,completed
5818,3234,2026-06-02,Southeast,completed
5819,284,2025-08-08,West,completed
5820,3673,2026-04-15,Northeast,completed
5821,1235,2025-06-08,Southeast,completed
5822,4993,2026-07-17,Southeast,completed
5823,2468,2024-08-24,Southeast,completed
5824,881,2025-07-30,West,completed
5825,3937,2024-03-21,West,completed
5826,1200,2025-08-08,Southwest,completed
5827,39,2024-12-23,Northeast,completed
5828,612,2024-11-25,Midwest,completed
5829,3676,2026-05-22,Midwest,completed
5830,1187,2025-06-04,West,completed
5831,2824,2025-05-27,Southwest,completed
5832,726,2026-07-19,Southeast,cancelled
5833,139,2025-02-06,West,completed
5834,2361,2025-03-31,Southwest,completed
5835,961,2025-07-01,Southeast,completed
5836,773,2026-05-08,Southwest,returned
5837,1906,2026-04-05,Southwest,completed
5838,4050,2025-04-10,Southeast,completed
5839,2760,2024-10-20,West,completed
5840,1177,2024-12-19,West,completed
5841,2215,2025-07-02,Northeast,completed
5842,1380,2026-05-20,Midwest,completed
5843,933,2026-01-27,Southwest,completed
5844,3222,2024-10-21,Midwest,completed
5845,3427,2025-01-01,Southeast,completed
5846,658,2025-10-05,Midwest,completed
5847,894,2026-08-09,Southwest,completed
5848,4046,2026-04-03,Northeast,completed
5849,767,2024-09-17,Northeast,completed
5850,409,2026-02-24,Midwest,completed
5851,202,2025-04-05,Southeast,completed
5852,4124,2024-08-18,West,cancelled
5853,4463,2026-03-03,Midwest,completed
5854,3878,2025-11-29,Midwest,completed
5855,1933,2024-11-26,West,completed
5856,2010,2025-10-29,Midwest,completed
5857,612,2024-10-18,Midwest,cancelled
5858,4181,2026-05-03,Southwest,completed
5859,4635,2024-09-06,West,completed
5860,4834,2025-12-14,West,completed
5861,430,2025-02-05,Southeast,completed
5862,2395,2025-04-22,West,completed
5863,3486,2024-07-02,Midwest,completed
5864,1117,2025-01-26,West,completed
5865,3659,2025-08-28,West,completed
5866,435,2024-10-21,West,completed
5867,3973,2025-08-20,West,completed
5868,674,2026-07-09,Midwest,completed
5869,4610,2026-07-29,Northeast,completed
5870,4217,2024-08-31,Northeast,cancelled
5871,2506,2024-10-01,Southeast,completed
5872,907,2025-01-25,Midwest,completed
5873,1256,2026-08-16,Northeast,completed
5874,2061,2025-10-30,West,completed
5875,759,2024-01-02,Southeast,completed
5876,4951,2024-08-21,Southeast,completed
5877,92,2025-03-01,West,completed
5878,3707,2025-10-05,West,completed
5879,582,2026-07-28,Midwest,completed
5880,1131,2025-03-19,West,completed
5881,377,2025-02-19,Southwest,completed
5882,3747,2025-01-07,Southeast,completed
5883,4900,2026-04-15,Northeast,completed
5884,2237,2025-01-26,Southeast,completed
5885,1734,2024-03-18,Northeast,completed
5886,4048,2026-05-17,Northeast,cancelled
5887,2778,2024-12-11,Southwest,completed
5888,354,2026-06-22,Southeast,completed
5889,3810,2025-01-29,Midwest,completed
5890,3637,2024-01-15,Midwest,completed
5891,2293,2026-07-18,Southeast,completed
5892,474,2026-07-09,Midwest,completed
5893,3545,2025-08-29,Northeast,returned
5894,791,2024-05-11,Southeast,completed
5895,562,2026-07-15,Southeast,completed
5896,2119,2025-01-13,Southeast,completed
5897,1134,2024-07-20,Southeast,completed
5898,2352,2026-01-27,West,completed
5899,4612,2026-07-16,Southeast,completed
5900,4062,2025-03-20,West,completed
5901,1289,2025-06-03,Southeast,completed
5902,3640,2024-10-22,Southwest,completed
5903,1957,2025-11-05,Northeast,returned
5904,456,2024-04-21,Midwest,completed
5905,2576,2026-03-07,Midwest,completed
5906,2712,2025-07-19,Midwest,completed
5907,4792,2026-06-12,Northeast,completed
5908,3640,2025-12-19,Southwest,completed
5909,431,2025-02-08,Midwest,completed
5910,2267,2024-01-15,Northeast,completed
5911,353,2025-03-19,Southeast,completed
5912,3120,2026-05-18,Southwest,completed
5913,279,2026-08-17,Southeast,completed
5914,90,2026-06-03,Southwest,completed
5915,4916,2024-06-13,Northeast,completed
5916,3985,2025-09-05,Southwest,completed
5917,484,2026-02-23,Midwest,completed
5918,899,2026-04-22,Midwest,completed
5919,331,2026-06-19,Southeast,completed
5920,3328,2025-07-04,Northeast,completed
5921,3955,2026-03-30,Southwest,completed
5922,80,2024-05-19,Northeast,completed
5923,2357,2025-11-08,Southeast,returned
5924,949,2026-02-12,Midwest,completed
5925,3118,2026-01-22,Southwest,completed
5926,4694,2024-08-08,Midwest,completed
5927,2733,2026-08-07,Midwest,completed
5928,1117,2025-06-19,West,completed
5929,4915,2025-06-07,Southeast,completed
5930,3378,2025-07-30,Southwest,completed
5931,2032,2025-05-27,Midwest,completed
5932,2096,2024-07-23,Southeast,completed
5933,1026,2024-02-12,West,completed
5934,487,2025-12-12,Southwest,completed
5935,508,2025-04-29,West,completed
5936,160,2026-08-24,West,completed
5937,2743,2025-06-18,Southwest,completed
5938,2993,2025-05-04,Southwest,returned
5939,3061,2024-09-28,Southeast,completed
5940,2426,2025-08-28,West,completed
5941,4911,2025-05-01,Southeast,completed
5942,471,2025-12-09,Northeast,completed
5943,1942,2025-04-09,Midwest,cancelled
5944,2628,2024-02-19,West,completed
5945,504,2026-02-07,Southeast,completed
5946,2231,2024-10-07,Midwest,completed
5947,3335,2026-07-22,Southeast,completed
5948,4950,2024-02-13,Northeast,completed
5949,1762,2025-10-17,Northeast,completed
5950,4168,2025-12-07,Southeast,completed
5951,668,2024-03-18,West,completed
5952,382,2025-09-16,Southwest,cancelled
5953,4288,2024-12-27,Southwest,completed
5954,2022,2025-04-29,Midwest,completed
5955,3908,2025-04-14,Southwest,completed
5956,2188,2024-02-22,Midwest,returned
5957,2219,2025-11-16,Southwest,completed
5958,3074,2025-03-28,Southeast,completed
5959,4050,2025-01-12,Southeast,completed
5960,2568,2026-01-26,Midwest,completed
5961,1367,2025-10-28,West,cancelled
5962,2959,2025-07-05,Northeast,completed
5963,4598,2024-12-08,Southeast,completed
5964,188,2024-04-25,Northeast,completed
5965,2014,2025-02-20,West,completed
5966,1917,2024-12-08,Southwest,completed
5967,154,2025-08-10,Southeast,completed
5968,1478,2025-12-24,Southeast,completed
5969,2813,2025-10-11,Midwest,returned
5970,3293,2026-08-11,West,completed
5971,3275,2026-05-03,Midwest,completed
5972,3924,2024-04-13,Midwest,completed
5973,2037,2025-05-01,Southeast,completed
5974,1647,2026-01-28,Southeast,completed
5975,2393,2026-05-17,Southwest,completed
5976,2409,2025-09-25,Midwest,completed
5977,4512,2025-06-29,Southwest,completed
5978,4356,2025-02-08,Southeast,completed
5979,3503,2026-07-19,Northeast,completed
5980,4989,2026-06-19,Northeast,returned
5981,3352,2024-03-28,Northeast,completed
5982,2128,2025-04-13,Midwest,completed
5983,2629,2025-06-07,Southwest,completed
5984,2415,2025-01-22,Southeast,completed
5985,1359,2024-05-15,Northeast,completed
5986,882,2025-06-13,Northeast,completed
5987,2156,2026-06-14,Midwest,completed
5988,670,2024-09-10,Southwest,completed
5989,850,2025-08-30,Southeast,completed
5990,2560,2026-07-01,West,completed
5991,604,2025-08-15,Northeast,returned
5992,2117,2025-06-16,Southeast,completed
5993,1961,2026-03-03,Midwest,completed
5994,4401,2025-02-21,Southwest,completed
5995,4518,2024-01-06,Midwest,completed
5996,4783,2024-09-30,West,returned
5997,4483,2026-02-15,West,returned
5998,4159,2024-10-08,Southeast,completed
5999,1323,2024-06-30,Midwest,completed
6000,3156,2024-09-07,Southeast,returned
6001,2672,2024-05-15,Northeast,completed
6002,2701,2025-02-24,West,completed
6003,2455,2025-09-28,Southeast,completed
6004,4810,2026-03-08,Southeast,completed
6005,3393,2026-07-25,Northeast,completed
6006,4303,2024-06-18,Southeast,completed
6007,1109,2026-05-19,Southwest,completed
6008,3231,2025-01-05,West,completed
6009,2896,2024-01-18,West,completed
6010,2702,2024-01-31,West,returned
6011,3770,2025-03-14,Southeast,completed
6012,177,2026-08-23,Southeast,completed
6013,3790,2025-02-02,Southeast,completed
6014,1863,2026-06-13,Midwest,completed
6015,1892,2024-12-03,Northeast,completed
6016,1875,2024-08-27,Southwest,completed
6017,4851,2026-06-29,Midwest,completed
6018,4885,2026-05-09,Northeast,cancelled
6019,766,2025-01-19,West,cancelled
6020,3573,2025-02-18,West,completed
6021,2954,2025-12-12,West,completed
6022,3479,2024-02-27,Northeast,completed
6023,4163,2025-05-22,Southeast,completed
6024,4086,2025-01-08,Southeast,completed
6025,1245,2025-10-31,West,completed
6026,4348,2024-11-10,Southwest,completed
6027,3961,2024-04-27,Southwest,completed
6028,4936,2024-11-04,Southeast,completed
6029,4493,2024-08-12,Southeast,completed
6030,485,2026-02-07,West,completed
6031,1701,2025-09-15,Southwest,completed
6032,2335,2025-04-24,Southeast,completed
6033,1449,2026-04-22,Northeast,completed
6034,4971,2024-04-25,West,completed
6035,1931,2024-01-15,Southwest,completed
6036,2101,2025-05-06,West,completed
6037,1942,2026-01-02,Midwest,completed
6038,4188,2024-11-21,West,completed
6039,933,2024-06-21,Southwest,completed
6040,835,2025-04-15,Midwest,completed
6041,3074,2025-04-20,Southeast,completed
6042,2416,2026-05-18,West,completed
6043,4793,2026-07-03,West,completed
6044,1628,2024-10-13,Southeast,completed
6045,148,2024-06-14,Midwest,completed
6046,2529,2026-02-09,Southwest,completed
6047,1975,2024-11-19,West,cancelled
6048,3018,2024-05-08,Midwest,completed
6049,277,2024-02-10,West,completed
6050,3705,2025-11-25,Southwest,completed
6051,2513,2025-11-02,Northeast,completed
6052,1639,2026-07-27,Northeast,completed
6053,1413,2025-02-19,Southeast,completed
6054,4845,2025-06-27,Southeast,completed
6055,2203,2026-06-03,Southeast,completed
6056,2323,2024-04-23,Southeast,completed
6057,2687,2025-03-13,Northeast,completed
6058,1583,2025-03-31,Southwest,completed
6059,4335,2026-01-08,West,completed
6060,4955,2024-08-07,Northeast,completed
6061,2759,2026-02-17,Northeast,cancelled
6062,1440,2024-07-13,Midwest,completed
6063,454,2026-07-19,Southeast,completed
6064,3515,2024-06-20,Southwest,completed
6065,1062,2025-11-15,West,completed
6066,706,2026-05-18,West,completed
6067,3109,2026-07-01,West,completed
6068,3192,2024-05-06,West,completed
6069,4380,2025-04-04,Northeast,completed
6070,1660,2024-09-08,Northeast,completed
6071,3099,2025-04-02,Midwest,completed
6072,4575,2026-03-19,Southwest,completed
6073,1957,2026-06-14,Northeast,completed
6074,2343,2025-01-20,Northeast,completed
6075,2886,2026-08-13,Midwest,completed
6076,2424,2024-08-10,Southeast,completed
6077,426,2024-02-13,Midwest,completed
6078,393,2025-08-02,Southwest,completed
6079,1137,2026-07-10,Northeast,completed
6080,2135,2024-04-29,Southeast,completed
6081,2870,2025-09-22,West,completed
6082,1275,2026-05-07,Southeast,completed
6083,3450,2026-05-16,Midwest,completed
6084,775,2024-06-21,Southwest,completed
6085,3846,2025-03-03,Southeast,completed
6086,2379,2025-09-07,Northeast,completed
6087,711,2025-02-12,Southwest,cancelled
6088,3478,2026-08-18,Northeast,completed
6089,3101,2025-07-19,Southeast,completed
6090,1843,2026-04-14,Southeast,completed
6091,4694,2026-03-06,Midwest,completed
6092,734,2024-10-17,Southwest,returned
6093,990,2025-12-10,Midwest,completed
6094,681,2026-01-29,West,completed
6095,4974,2025-01-12,Southeast,completed
6096,608,2025-04-01,Northeast,completed
6097,410,2025-09-28,Northeast,completed
6098,366,2026-06-07,Midwest,completed
6099,83,2024-01-23,Southwest,completed
6100,4379,2026-01-15,Southeast,completed
6101,1849,2024-10-17,West,completed
6102,3963,2024-10-22,Southwest,completed
6103,84,2024-12-22,Northeast,completed
6104,4987,2026-02-14,West,completed
6105,79,2026-01-09,West,cancelled
6106,4262,2025-08-22,Northeast,completed
6107,4380,2024-10-16,Northeast,returned
6108,2318,2026-07-05,Midwest,completed
6109,2748,2024-05-16,Midwest,completed
6110,1052,2026-01-07,Northeast,returned
6111,1968,2025-05-13,West,completed
6112,4128,2024-03-21,Southeast,completed
6113,2940,2024-07-30,West,completed
6114,2514,2024-05-05,Southeast,completed
6115,1265,2025-07-24,Southeast,cancelled
6116,2371,2024-12-17,Southeast,completed
6117,1204,2025-03-15,Midwest,completed
6118,1697,2024-03-21,Midwest,completed
6119,1722,2024-12-07,West,completed
6120,1363,2024-10-28,West,completed
6121,2151,2025-08-05,Southeast,completed
6122,3423,2025-05-29,Northeast,completed
6123,1073,2026-05-12,Midwest,completed
6124,2357,2024-03-28,Southeast,cancelled
6125,3806,2024-11-19,Southeast,completed
6126,1020,2024-01-26,West,completed
6127,1760,2026-04-16,Midwest,completed
6128,4905,2026-07-01,West,completed
6129,4105,2024-04-27,Midwest,completed
6130,1568,2025-02-20,Midwest,completed
6131,147,2024-05-14,Southwest,completed
6132,4517,2026-02-10,Midwest,completed
6133,4649,2025-04-02,Northeast,cancelled
6134,2836,2026-03-10,Midwest,completed
6135,1716,2025-10-02,Midwest,completed
6136,2582,2026-05-17,West,completed
6137,3532,2024-11-21,West,completed
6138,3614,2024-11-27,Midwest,completed
6139,1096,2024-02-15,Midwest,completed
6140,4057,2025-12-24,West,completed
6141,1852,2024-10-06,Northeast,completed
6142,4038,2024-05-20,West,completed
6143,4539,2025-08-17,Midwest,completed
6144,1080,2024-10-13,Northeast,completed
6145,646,2024-05-26,Midwest,completed
6146,3549,2025-11-11,Southwest,completed
6147,1607,2024-08-31,West,completed
6148,923,2025-10-22,Northeast,completed
6149,4583,2026-04-16,Southwest,completed
6150,4303,2026-03-20,Southeast,completed
6151,1823,2026-02-04,Northeast,completed
6152,2132,2025-10-01,West,completed
6153,706,2024-09-04,West,completed
6154,516,2026-05-13,Northeast,completed
6155,907,2024-06-17,Midwest,completed
6156,4225,2024-05-14,Midwest,completed
6157,3118,2026-04-29,Southwest,completed
6158,2269,2024-12-20,Northeast,completed
6159,2429,2024-03-05,Northeast,completed
6160,3110,2024-12-30,Southwest,completed
6161,2943,2024-10-07,Northeast,completed
6162,3001,2025-04-14,Southwest,completed
6163,1499,2025-01-22,Midwest,completed
6164,3888,2025-12-26,Southeast,completed
6165,2012,2024-05-12,Southeast,completed
6166,1160,2024-02-14,West,completed
6167,3280,2025-10-18,Midwest,completed
6168,681,2025-06-07,West,completed
6169,4544,2024-01-01,Midwest,completed
6170,1556,2024-01-09,Southwest,returned
6171,4127,2024-06-11,Southeast,completed
6172,544,2026-02-19,Southwest,completed
6173,4855,2026-08-09,West,completed
6174,635,2024-12-02,Southeast,returned
6175,2890,2024-08-13,Southeast,completed
6176,197,2026-01-27,Southeast,completed
6177,2271,2026-03-19,West,completed
6178,1072,2024-05-27,Southwest,completed
6179,2460,2025-10-02,Southeast,completed
6180,4958,2026-04-29,West,completed
6181,4546,2024-02-28,Southeast,completed
6182,257,2025-11-19,Southwest,completed
6183,4696,2024-05-31,West,completed
6184,1151,2024-08-13,Southeast,completed
6185,1050,2025-04-07,Midwest,completed
6186,2470,2026-05-13,Northeast,completed
6187,2048,2025-08-15,Northeast,completed
6188,4645,2026-04-29,Northeast,completed
6189,4628,2025-01-20,West,returned
6190,3533,2024-06-19,West,completed
6191,3726,2025-04-29,Southwest,completed
6192,3986,2026-02-09,Midwest,completed
6193,2534,2024-09-07,West,cancelled
6194,385,2024-07-25,West,completed
6195,1731,2024-09-09,Southwest,completed
6196,3528,2024-04-20,Southwest,completed
6197,1829,2025-09-13,West,completed
6198,2931,2025-03-11,Midwest,completed
6199,3598,2026-04-04,Midwest,completed
6200,2723,2024-03-24,Midwest,completed
6201,2822,2026-05-02,Midwest,completed
6202,2034,2024-03-11,Southeast,completed
6203,2519,2026-03-27,West,completed
6204,1304,2025-09-30,Southwest,completed
6205,1257,2025-08-19,Northeast,completed
6206,2934,2024-01-19,West,completed
6207,38,2024-04-10,Northeast,cancelled
6208,3805,2024-04-17,Midwest,completed
6209,1599,2024-03-16,Northeast,returned
6210,4207,2026-07-31,West,completed
6211,3018,2025-10-18,Midwest,completed
6212,913,2026-05-06,Northeast,completed
6213,4946,2024-09-07,Northeast,completed
6214,4289,2024-09-12,Midwest,completed
6215,1330,2024-02-06,Midwest,completed
6216,4392,2024-04-04,Midwest,completed
6217,168,2026-02-24,Southwest,completed
6218,149,2024-10-26,Southwest,completed
6219,2384,2024-02-28,Midwest,completed
6220,2465,2026-02-06,Southwest,completed
6221,3604,2025-08-10,Southwest,completed
6222,951,2024-11-23,Southeast,completed
6223,4872,2025-06-13,Southwest,completed
6224,4746,2024-05-03,Midwest,completed
6225,2841,2024-04-22,Northeast,completed
6226,1984,2024-04-28,West,completed
6227,3908,2025-03-05,Southwest,completed
6228,4108,2025-07-08,Northeast,completed
6229,1042,2025-04-13,West,completed
6230,2692,2026-01-02,Northeast,completed
6231,632,2026-06-03,Midwest,completed
6232,1792,2026-02-02,Southwest,completed
6233,2901,2025-10-13,Midwest,completed
6234,490,2025-01-05,Southeast,completed
6235,3840,2025-01-13,Southwest,completed
6236,210,2025-01-20,Northeast,completed
6237,261,2026-02-14,West,completed
6238,126,2025-10-28,Midwest,completed
6239,800,2025-11-21,Southwest,completed
6240,3688,2024-09-03,Southwest,completed
6241,1929,2024-07-22,West,cancelled
6242,4650,2026-07-22,Southeast,completed
6243,2739,2024-02-20,Southwest,completed
6244,160,2024-06-30,West,completed
6245,4098,2024-12-24,Northeast,completed
6246,4795,2025-02-07,West,completed
6247,104,2024-01-08,Southwest,completed
6248,3915,2024-12-14,Midwest,completed
6249,1961,2024-12-22,Midwest,completed
6250,3991,2024-06-14,West,completed
6251,4411,2024-04-12,Northeast,completed
6252,2884,2024-07-08,Southeast,completed
6253,4019,2025-10-09,Southwest,completed
6254,569,2025-04-26,Midwest,cancelled
6255,3144,2024-07-02,Midwest,completed
6256,3976,2026-04-25,Southeast,completed
6257,3694,2025-07-05,Southwest,completed
6258,4034,2026-01-18,West,completed
6259,732,2025-04-10,Northeast,completed
6260,3948,2025-01-21,Southwest,completed
6261,994,2025-05-24,Northeast,completed
6262,1689,2025-07-14,Southeast,completed
6263,775,2024-06-30,Southwest,completed
6264,2402,2024-04-14,Northeast,cancelled
6265,31,2026-02-26,Southwest,completed
6266,2417,2026-02-24,Midwest,completed
6267,4895,2025-12-24,West,completed
6268,3986,2025-10-30,Midwest,completed
6269,3892,2026-02-23,Northeast,completed
6270,3197,2026-06-27,Northeast,completed
6271,3443,2026-03-10,West,completed
6272,1477,2024-05-18,Midwest,completed
6273,3715,2024-01-05,Midwest,completed
6274,4393,2024-10-03,Midwest,cancelled
6275,1450,2025-06-14,Southeast,completed
6276,3394,2025-10-23,Northeast,completed
6277,4067,2024-06-12,West,completed
6278,739,2026-02-27,West,completed
6279,890,2024-06-06,Midwest,cancelled
6280,2098,2025-07-08,Southeast,completed
6281,2750,2026-05-23,Northeast,completed
6282,1928,2024-12-11,Southeast,completed
6283,1505,2025-05-23,Southeast,completed
6284,85,2024-01-21,Northeast,completed
6285,2636,2024-06-09,Southwest,completed
6286,4760,2024-11-20,Midwest,completed
6287,1648,2024-05-26,Southwest,completed
6288,2784,2025-03-24,Midwest,completed
6289,698,2024-07-08,Northeast,completed
6290,1112,2024-09-20,Southeast,completed
6291,4721,2026-03-06,West,completed
6292,2069,2024-02-17,West,completed
6293,1688,2025-01-25,Southwest,completed
6294,4288,2026-05-01,Southwest,cancelled
6295,3219,2025-04-01,Northeast,completed
6296,3034,2024-08-04,Southeast,completed
6297,1966,2025-11-09,Southeast,completed
6298,607,2024-03-27,Southeast,completed
6299,4669,2024-07-19,West,returned
6300,803,2025-03-13,Midwest,completed
6301,3377,2025-08-23,Midwest,completed
6302,2681,2024-01-29,Northeast,completed
6303,3199,2026-03-23,Southwest,completed
6304,3912,2025-11-09,Southwest,completed
6305,4680,2024-07-01,Northeast,completed
6306,942,2025-07-16,Midwest,completed
6307,4353,2025-08-09,Midwest,completed
6308,2196,2026-05-23,Southeast,returned
6309,3874,2025-10-26,Midwest,completed
6310,4482,2024-06-04,Southeast,completed
6311,181,2026-05-22,Southwest,completed
6312,2666,2025-06-07,Midwest,completed
6313,2781,2026-07-04,Southeast,completed
6314,3815,2026-04-28,Northeast,completed
6315,228,2025-09-29,Midwest,completed
6316,2259,2025-06-25,Southeast,completed
6317,680,2024-12-09,Northeast,completed
6318,3727,2025-07-20,West,completed
6319,1805,2024-05-05,Southwest,completed
6320,373,2025-08-11,Northeast,completed
6321,4587,2024-03-31,Southeast,completed
6322,4744,2024-09-07,Northeast,completed
6323,1224,2026-07-05,West,completed
6324,4930,2026-06-19,West,completed
6325,1011,2026-03-22,Southeast,completed
6326,3224,2026-01-14,Southwest,completed
6327,2302,2026-06-15,Midwest,completed
6328,350,2025-06-02,Southwest,completed
6329,1305,2025-06-01,Southwest,completed
6330,825,2026-01-23,Southeast,returned
6331,3343,2025-12-07,Northeast,completed
6332,4883,2024-03-13,Midwest,completed
6333,2993,2025-11-27,Southwest,completed
6334,78,2025-06-11,Northeast,completed
6335,1195,2025-08-19,West,completed
6336,2407,2025-09-04,West,completed
6337,1020,2025-03-29,West,cancelled
6338,2529,2025-01-30,Southwest,completed
6339,2143,2024-08-17,West,completed
6340,2428,2025-07-05,Midwest,cancelled
6341,4889,2024-03-08,Southwest,cancelled
6342,705,2025-10-21,Northeast,returned
6343,1158,2025-07-17,Northeast,completed
6344,3419,2024-10-21,Midwest,completed
6345,343,2025-11-01,Midwest,completed
6346,3343,2024-03-04,Northeast,completed
6347,2530,2024-12-09,West,completed
6348,570,2024-05-15,Northeast,completed
6349,3774,2026-03-14,Southwest,completed
6350,4823,2024-11-12,West,completed
6351,3931,2024-02-14,Southwest,completed
6352,4783,2024-08-05,West,completed
6353,4227,2026-08-18,Southeast,completed
6354,1010,2024-08-25,Northeast,completed
6355,1919,2026-06-10,Northeast,completed
6356,2544,2025-08-29,Northeast,completed
6357,2326,2025-03-13,Southeast,completed
6358,4921,2025-06-05,Southeast,completed
6359,3440,2025-10-26,Southeast,completed
6360,1589,2025-10-09,Midwest,completed
6361,1763,2024-04-20,Southwest,completed
6362,485,2026-06-14,West,completed
6363,4909,2026-03-17,Northeast,completed
6364,4922,2025-11-02,West,completed
6365,4228,2024-01-18,Northeast,cancelled
6366,656,2024-10-27,West,completed
6367,4143,2025-07-30,Midwest,completed
6368,3394,2024-04-09,Northeast,completed
6369,1638,2024-07-23,West,completed
6370,4159,2025-01-15,Southeast,completed
6371,264,2024-12-10,West,completed
6372,3606,2026-03-16,Southeast,completed
6373,3484,2024-03-15,Southeast,completed
6374,2129,2025-02-07,Southeast,completed
6375,4957,2024-10-26,West,completed
6376,3732,2024-04-23,Southwest,completed
6377,1058,2024-01-29,West,completed
6378,1209,2024-02-19,Midwest,completed
6379,376,2024-01-26,Midwest,completed
6380,239,2025-01-05,Southwest,completed
6381,875,2026-04-30,Midwest,completed
6382,285,2024-02-15,Northeast,completed
6383,1568,2026-03-05,Midwest,completed
6384,95,2025-06-02,West,completed
6385,1,2026-05-31,Midwest,completed
6386,4016,2026-02-25,Southeast,completed
6387,4346,2025-09-06,Southeast,completed
6388,2539,2025-10-11,Southeast,completed
6389,2805,2026-06-09,Southwest,completed
6390,2493,2025-02-11,Midwest,cancelled
6391,4120,2024-04-02,West,completed
6392,4636,2026-05-15,West,completed
6393,4717,2024-05-07,Southwest,completed
6394,4089,2024-04-16,Southwest,completed
6395,3803,2026-05-29,Midwest,completed
6396,1506,2025-04-30,Southwest,returned
6397,4566,2026-03-09,Southeast,completed
6398,4972,2026-08-09,West,cancelled
6399,4014,2025-01-30,Northeast,completed
6400,4499,2024-06-20,Midwest,completed
6401,2713,2025-11-23,Northeast,completed
6402,883,2026-03-10,Southwest,completed
6403,2476,2026-06-23,Southeast,completed
6404,3821,2026-02-08,Southeast,completed
6405,2546,2025-09-08,Southeast,completed
6406,2928,2024-06-14,West,completed
6407,1670,2024-10-06,Southwest,completed
6408,4163,2025-03-23,Southeast,returned
6409,3084,2024-05-30,Southwest,cancelled
6410,1897,2026-03-03,Southwest,completed
6411,1395,2026-05-12,Northeast,completed
6412,3617,2024-06-16,Southeast,completed
6413,4003,2024-12-07,Northeast,completed
6414,640,2025-03-09,West,completed
6415,4996,2025-03-02,Northeast,completed
6416,4866,2026-02-10,Southwest,completed
6417,3510,2024-07-27,Northeast,completed
6418,2699,2026-08-07,Midwest,returned
6419,2596,2024-02-23,West,completed
6420,2588,2024-01-06,Northeast,completed
6421,609,2026-08-01,Northeast,completed
6422,1412,2026-02-10,Southeast,completed
6423,4907,2025-08-04,Midwest,completed
6424,1414,2024-01-13,Midwest,completed
6425,1885,2025-11-08,Northeast,completed
6426,4126,2024-02-24,Northeast,cancelled
6427,2277,2024-02-05,Southeast,cancelled
6428,2126,2025-06-19,West,completed
6429,979,2026-06-21,West,completed
6430,2587,2024-01-11,Midwest,cancelled
6431,4462,2026-05-04,Midwest,completed
6432,2065,2024-05-07,Northeast,completed
6433,3642,2024-09-01,West,completed
6434,2391,2024-12-26,Southeast,completed
6435,4683,2024-06-26,Southwest,completed
6436,1212,2026-01-08,Northeast,completed
6437,4578,2025-02-26,West,completed
6438,4330,2025-12-19,Southeast,cancelled
6439,3443,2025-11-08,West,completed
6440,4180,2024-11-10,Northeast,cancelled
6441,4341,2024-02-14,Midwest,completed
6442,750,2026-06-01,Northeast,completed
6443,4864,2024-01-31,Northeast,completed
6444,1148,2025-11-25,West,completed
6445,211,2026-06-04,Southeast,completed
6446,1586,2025-05-19,West,completed
6447,492,2024-04-13,Southeast,completed
6448,329,2025-08-29,Southeast,completed
6449,3508,2025-10-25,Southwest,completed
6450,1754,2025-06-05,Southwest,returned
6451,1825,2024-01-05,Southeast,completed
6452,4566,2025-06-20,Southeast,completed
6453,2606,2025-07-18,Midwest,completed
6454,3174,2025-08-16,West,completed
6455,2087,2024-05-17,Southwest,completed
6456,2628,2026-06-20,West,completed
6457,4053,2025-04-10,Northeast,completed
6458,1846,2025-10-05,Northeast,completed
6459,442,2024-04-05,Southeast,completed
6460,1845,2025-02-09,Midwest,completed
6461,1906,2025-05-17,Southwest,cancelled
6462,1282,2025-10-25,Southwest,completed
6463,4523,2025-10-01,West,completed
6464,18,2024-08-26,Northeast,completed
6465,1526,2024-02-13,Southwest,completed
6466,2288,2025-09-08,Southwest,completed
6467,4873,2025-12-03,Midwest,completed
6468,4238,2025-05-05,Southwest,completed
6469,3654,2024-09-29,Southwest,completed
6470,2635,2024-05-31,Southeast,completed
6471,2127,2024-09-26,Southeast,completed
6472,4185,2025-07-14,Midwest,completed
6473,2250,2025-04-27,Northeast,completed
6474,3437,2024-08-07,Southwest,completed
6475,3669,2025-10-16,Northeast,completed
6476,4919,2024-09-22,Southeast,completed
6477,260,2026-02-20,Northeast,completed
6478,2777,2025-02-07,West,completed
6479,1673,2024-12-31,Midwest,completed
6480,4570,2026-01-20,Northeast,completed
6481,4118,2025-08-25,Midwest,completed
6482,2179,2026-05-16,Southwest,completed
6483,3736,2025-03-17,Southwest,completed
6484,4816,2026-06-15,Northeast,completed
6485,2824,2024-04-06,Southwest,completed
6486,3146,2025-08-20,Northeast,completed
6487,3601,2024-11-28,Northeast,completed
6488,84,2024-08-04,Northeast,completed
6489,650,2024-11-07,West,completed
6490,415,2024-02-24,West,completed
6491,4382,2024-08-20,Southeast,completed
6492,4489,2025-01-12,Midwest,completed
6493,1052,2024-05-10,Northeast,completed
6494,284,2026-02-04,West,completed
6495,650,2024-09-15,West,completed
6496,2333,2025-11-29,Southwest,completed
6497,53,2026-04-17,Northeast,completed
6498,1991,2025-03-01,Northeast,completed
6499,630,2025-03-01,West,completed
6500,1552,2025-03-09,Northeast,completed
6501,438,2024-05-31,Midwest,completed
6502,2825,2025-10-21,Midwest,completed
6503,2258,2025-01-01,Northeast,completed
6504,49,2026-05-24,Midwest,completed
6505,4672,2026-02-22,Northeast,completed
6506,1830,2026-05-29,Southwest,completed
6507,1064,2024-10-10,Northeast,completed
6508,2098,2024-07-18,Southeast,completed
6509,2605,2026-01-28,Southwest,completed
6510,3527,2024-02-19,Southwest,completed
6511,282,2025-12-25,Northeast,completed
6512,2676,2024-02-18,Midwest,completed
6513,2514,2026-03-06,Southeast,completed
6514,4691,2026-02-26,Southeast,completed
6515,2957,2026-07-02,Northeast,completed
6516,1576,2024-11-11,Southeast,completed
6517,3107,2024-10-18,West,completed
6518,1284,2024-09-11,Southwest,completed
6519,457,2024-09-30,Midwest,completed
6520,4690,2025-02-04,Midwest,completed
6521,4011,2025-03-06,West,completed
6522,3704,2024-11-18,West,completed
6523,2425,2025-12-26,Northeast,completed
6524,250,2024-10-08,Southeast,completed
6525,1668,2025-09-26,West,completed
6526,4925,2024-10-03,Midwest,completed
6527,13,2025-02-27,Southeast,completed
6528,4513,2025-03-14,Southwest,completed
6529,5000,2024-10-18,Northeast,completed
6530,2238,2024-10-09,Midwest,completed
6531,1899,2025-09-21,Midwest,completed
6532,1721,2024-10-08,Northeast,returned
6533,2641,2025-11-14,Northeast,completed
6534,4243,2024-03-31,West,cancelled
6535,2430,2024-12-08,Northeast,completed
6536,3215,2026-05-24,Northeast,completed
6537,237,2026-03-06,Northeast,completed
6538,3575,2024-05-07,Northeast,completed
6539,3295,2025-02-24,Northeast,completed
6540,1619,2025-05-01,Midwest,completed
6541,2563,2026-08-14,Southeast,completed
6542,765,2024-05-17,Midwest,completed
6543,2517,2025-09-17,West,completed
6544,2604,2026-08-14,Midwest,completed
6545,4688,2025-02-13,Northeast,completed
6546,4776,2025-07-02,Southwest,completed
6547,2123,2024-11-24,Southeast,completed
6548,99,2025-08-07,Midwest,completed
6549,384,2026-06-03,Northeast,completed
6550,2078,2025-08-07,West,completed
6551,3473,2024-01-18,Northeast,completed
6552,4493,2025-11-26,Southeast,cancelled
6553,2055,2026-01-02,West,completed
6554,1826,2024-05-11,West,completed
6555,2329,2025-06-14,Midwest,completed
6556,1045,2024-02-18,Midwest,completed
6557,1885,2025-07-17,Northeast,completed
6558,2182,2026-03-12,Midwest,completed
6559,2222,2025-09-28,Northeast,completed
6560,2624,2026-01-01,Northeast,completed
6561,2158,2026-02-11,Northeast,completed
6562,2106,2026-03-12,Southwest,completed
6563,3153,2024-06-10,Midwest,completed
6564,2430,2026-02-06,Northeast,completed
6565,2486,2024-05-09,Midwest,completed
6566,4613,2026-06-30,Northeast,completed
6567,591,2024-12-22,Southwest,completed
6568,1779,2025-12-30,Southwest,completed
6569,1970,2026-05-29,Southeast,completed
6570,3181,2024-02-05,Northeast,completed
6571,1482,2025-10-05,Southwest,completed
6572,2359,2024-03-09,West,completed
6573,1434,2024-06-23,West,completed
6574,809,2026-08-07,Northeast,completed
6575,4111,2025-08-07,Northeast,completed
6576,4491,2024-02-22,Southeast,completed
6577,3624,2024-08-20,Southwest,completed
6578,878,2025-08-22,Southeast,completed
6579,66,2025-05-22,Southwest,completed
6580,1528,2025-01-05,Midwest,completed
6581,3194,2024-04-09,Southwest,completed
6582,3129,2026-01-21,Midwest,completed
6583,3621,2026-01-19,Midwest,completed
6584,2854,2025-05-25,Midwest,cancelled
6585,894,2024-06-16,Southwest,completed
6586,4695,2024-09-04,Southwest,returned
6587,1413,2024-08-15,Southeast,completed
6588,2538,2024-01-05,Northeast,completed
6589,1706,2026-04-28,West,completed
6590,4738,2025-02-23,Southeast,completed
6591,2515,2025-01-14,Southeast,completed
6592,3312,2025-12-30,Southwest,completed
6593,954,2024-09-28,Northeast,completed
6594,1007,2025-02-25,Southeast,completed
6595,1773,2026-05-21,Southwest,completed
6596,1107,2024-08-03,Midwest,completed
6597,3145,2025-09-15,Southwest,completed
6598,915,2026-07-03,Midwest,completed
6599,2056,2024-07-13,Southwest,completed
6600,2342,2024-05-21,West,completed
6601,2840,2025-09-20,Northeast,completed
6602,412,2025-09-30,West,completed
6603,4724,2026-05-14,Southeast,completed
6604,2172,2024-03-08,Midwest,completed
6605,4469,2024-06-28,West,cancelled
6606,2312,2026-07-25,Midwest,completed
6607,3032,2026-01-20,Midwest,completed
6608,926,2024-07-11,Midwest,returned
6609,2658,2024-12-27,Northeast,completed
6610,2529,2024-09-11,Southwest,completed
6611,1840,2026-01-29,West,completed
6612,3693,2024-12-30,Southwest,completed
6613,2023,2025-07-18,Northeast,completed
6614,3578,2025-03-26,Midwest,completed
6615,220,2025-01-04,Northeast,completed
6616,2154,2024-12-02,Midwest,completed
6617,4210,2024-08-10,Midwest,completed
6618,262,2025-06-29,Northeast,completed
6619,2423,2025-12-10,Northeast,completed
6620,2595,2026-04-26,West,completed
6621,3198,2024-05-31,Midwest,completed
6622,530,2025-09-09,Southeast,cancelled
6623,1643,2026-08-08,Southwest,completed
6624,4603,2026-02-05,West,completed
6625,3397,2025-09-22,Midwest,completed
6626,1739,2025-03-29,Northeast,completed
6627,4647,2025-12-13,Northeast,completed
6628,4094,2025-02-15,West,completed
6629,3623,2025-04-15,Southwest,completed
6630,3720,2024-03-26,Midwest,completed
6631,2802,2025-03-17,Northeast,completed
6632,3941,2024-11-08,Southeast,completed
6633,220,2024-12-08,Northeast,completed
6634,3073,2024-08-29,Southwest,completed
6635,1311,2025-08-17,West,completed
6636,2006,2026-08-10,West,completed
6637,4615,2024-12-15,Northeast,completed
6638,2467,2024-12-18,Southeast,completed
6639,1690,2026-01-21,West,completed
6640,4818,2025-12-14,West,completed
6641,4851,2024-05-08,Midwest,completed
6642,3294,2025-12-30,Midwest,cancelled
6643,2273,2025-11-09,Southwest,completed
6644,3145,2025-11-07,Southwest,completed
6645,3771,2025-12-03,Southeast,completed
6646,3350,2024-01-29,Southwest,completed
6647,1616,2026-04-01,Southwest,completed
6648,2523,2024-02-11,Southwest,completed
6649,4882,2026-06-01,Southeast,completed
6650,3781,2024-03-10,Northeast,completed
6651,1591,2025-12-23,West,completed
6652,3574,2025-07-10,Southwest,completed
6653,1615,2025-07-23,Southwest,completed
6654,2776,2024-10-27,Southwest,completed
6655,2036,2024-05-07,Southwest,cancelled
6656,4187,2024-07-09,Midwest,completed
6657,2099,2025-05-01,Northeast,completed
6658,4925,2026-06-28,Midwest,completed
6659,1727,2025-09-30,West,returned
6660,1963,2024-09-26,Southwest,completed
6661,4635,2026-05-25,West,completed
6662,2748,2024-06-12,Midwest,completed
6663,3469,2026-02-04,Southeast,completed
6664,3562,2026-05-30,West,completed
6665,1918,2026-02-27,Northeast,completed
6666,280,2026-01-11,Midwest,completed
6667,4298,2025-10-29,Northeast,completed
6668,971,2025-11-19,Northeast,completed
6669,983,2024-03-04,West,completed
6670,4450,2025-11-17,Northeast,completed
6671,3161,2024-11-28,Southeast,completed
6672,1472,2026-08-13,West,cancelled
6673,1609,2025-07-30,Northeast,completed
6674,732,2024-09-27,Northeast,completed
6675,391,2025-09-07,Northeast,completed
6676,3996,2026-06-26,Midwest,completed
6677,4445,2024-04-02,West,completed
6678,2024,2025-09-09,Southeast,completed
6679,1352,2024-08-18,Southwest,completed
6680,4568,2025-07-06,Northeast,completed
6681,4866,2025-11-18,Southwest,completed
6682,1364,2024-03-23,West,completed
6683,2941,2024-01-30,Southwest,completed
6684,2377,2026-02-24,Northeast,completed
6685,4197,2024-02-21,Southeast,completed
6686,4746,2026-02-15,Midwest,completed
6687,1102,2024-10-30,Southwest,completed
6688,1738,2026-05-27,West,cancelled
6689,2676,2024-06-11,Midwest,completed
6690,613,2024-05-25,West,completed
6691,1336,2024-04-19,West,completed
6692,771,2025-01-19,Northeast,completed
6693,2984,2025-07-15,West,completed
6694,460,2025-03-04,Southwest,completed
6695,4150,2024-07-25,Northeast,completed
6696,68,2024-10-29,Midwest,completed
6697,506,2025-09-28,Midwest,completed
6698,3364,2026-02-16,Southwest,completed
6699,2221,2024-07-19,Midwest,completed
6700,679,2026-02-08,Northeast,completed
6701,335,2025-01-27,Midwest,completed
6702,3886,2024-12-14,Southwest,returned
6703,3221,2024-10-21,Southeast,completed
6704,511,2024-01-20,West,completed
6705,2479,2026-05-17,Midwest,completed
6706,2848,2024-07-24,Midwest,completed
6707,4827,2026-05-30,Southwest,completed
6708,1578,2025-12-28,West,returned
6709,3557,2024-02-02,Midwest,completed
6710,4304,2024-12-06,Southeast,completed
6711,850,2024-06-29,Southeast,completed
6712,940,2025-02-21,Southwest,completed
6713,1703,2025-03-17,Southeast,completed
6714,4522,2024-09-09,Southwest,completed
6715,4218,2024-10-17,West,completed
6716,438,2024-09-16,Midwest,completed
6717,832,2026-07-07,Southeast,completed
6718,827,2024-04-14,West,completed
6719,1157,2025-08-10,Southeast,completed
6720,726,2026-07-22,Southeast,completed
6721,2875,2026-06-27,Northeast,completed
6722,2169,2024-05-11,Northeast,cancelled
6723,1509,2024-01-07,Southwest,completed
6724,12,2025-07-30,Southeast,completed
6725,3026,2024-07-02,Southeast,completed
6726,3422,2025-03-31,Northeast,completed
6727,399,2024-08-17,Northeast,completed
6728,3878,2024-08-18,Midwest,completed
6729,4046,2024-07-03,Northeast,completed
6730,426,2025-03-04,Midwest,completed
6731,3517,2024-04-26,Southwest,completed
6732,4610,2025-08-18,Northeast,completed
6733,3870,2024-07-02,Northeast,completed
6734,3597,2025-05-29,Southeast,completed
6735,4312,2026-04-16,West,completed
6736,2768,2025-04-01,Midwest,completed
6737,4744,2024-10-22,Northeast,completed
6738,4691,2025-11-08,Southeast,completed
6739,3958,2025-01-15,Southeast,completed
6740,1781,2026-03-21,Northeast,completed
6741,2423,2026-06-09,Northeast,cancelled
6742,2913,2026-02-07,Southwest,completed
6743,960,2024-04-30,Southeast,completed
6744,3205,2024-09-23,Midwest,completed
6745,2873,2024-12-11,West,returned
6746,4267,2024-01-15,Northeast,completed
6747,1867,2024-04-03,Northeast,completed
6748,3295,2024-10-31,Northeast,completed
6749,3216,2026-05-09,Northeast,returned
6750,3359,2024-05-10,Southwest,completed
6751,4637,2024-02-06,Northeast,completed
6752,3682,2025-02-04,West,completed
6753,4198,2026-03-26,Midwest,completed
6754,3075,2025-10-07,Southwest,completed
6755,3048,2024-12-26,Southwest,completed
6756,1162,2024-05-07,Midwest,completed
6757,3300,2026-08-06,Northeast,completed
6758,1862,2025-03-23,Northeast,completed
6759,4697,2025-11-29,Northeast,completed
6760,2775,2024-10-31,Southwest,completed
6761,2056,2024-05-12,Southwest,completed
6762,410,2025-06-19,Northeast,completed
6763,4137,2025-10-14,West,completed
6764,3395,2024-04-09,Midwest,completed
6765,3258,2024-02-11,Southeast,completed
6766,3892,2026-08-05,Northeast,completed
6767,2716,2024-07-10,Midwest,completed
6768,3122,2026-02-08,West,completed
6769,111,2024-11-23,Northeast,completed
6770,1094,2024-03-15,Southwest,completed
6771,1943,2025-06-08,Northeast,completed
6772,3786,2026-07-24,Southwest,completed
6773,3388,2026-04-02,West,completed
6774,1503,2026-05-02,Northeast,completed
6775,1805,2024-07-16,Southwest,cancelled
6776,4918,2026-01-12,Southwest,completed
6777,1481,2025-04-18,Midwest,completed
6778,3800,2026-04-20,West,completed
6779,679,2024-11-17,Northeast,completed
6780,3159,2025-08-02,Northeast,completed
6781,3706,2026-02-10,Northeast,completed
6782,647,2024-08-21,Northeast,completed
6783,1086,2026-01-20,Northeast,returned
6784,1188,2025-08-29,West,completed
6785,4339,2025-10-07,Southeast,completed
6786,114,2025-08-31,Southwest,completed
6787,4960,2024-01-02,Southwest,completed
6788,3229,2024-06-26,Southwest,completed
6789,1243,2025-09-07,West,completed
6790,1603,2025-08-12,Southwest,completed
6791,3763,2024-06-10,Northeast,completed
6792,2182,2024-10-21,Midwest,completed
6793,2715,2025-08-04,Southeast,completed
6794,1090,2025-06-16,Northeast,completed
6795,138,2024-06-12,Northeast,completed
6796,3643,2025-06-08,Midwest,completed
6797,2563,2025-04-29,Southeast,completed
6798,4838,2025-03-15,Northeast,completed
6799,2660,2026-08-13,Southeast,completed
6800,2265,2025-05-13,Southwest,completed
6801,70,2025-02-06,Northeast,completed
6802,3829,2024-01-01,Southeast,returned
6803,3268,2024-12-10,Southeast,completed
6804,2704,2025-01-24,Southwest,completed
6805,324,2025-10-25,Southwest,completed
6806,1562,2024-09-15,Northeast,completed
6807,1786,2024-08-17,Southeast,completed
6808,3076,2025-07-03,Midwest,completed
6809,4543,2024-05-15,Southwest,completed
6810,3537,2025-03-08,Southeast,cancelled
6811,4307,2024-04-11,Southwest,completed
6812,394,2024-01-29,Northeast,cancelled
6813,3748,2025-04-02,Southeast,completed
6814,2118,2024-09-18,Southeast,completed
6815,2400,2025-03-03,Northeast,completed
6816,3978,2024-08-12,Northeast,completed
6817,4313,2024-10-01,Midwest,completed
6818,2541,2024-02-14,Southwest,completed
6819,1994,2026-04-27,Northeast,completed
6820,2685,2025-06-15,Midwest,completed
6821,4832,2025-11-30,Midwest,completed
6822,3620,2025-08-28,Southwest,completed
6823,4218,2025-06-24,West,completed
6824,736,2025-01-09,Southwest,completed
6825,665,2026-04-21,West,completed
6826,235,2025-04-20,West,returned
6827,1428,2026-04-27,Midwest,completed
6828,839,2025-05-01,Northeast,completed
6829,1320,2024-12-14,Southwest,completed
6830,1371,2026-01-11,Midwest,completed
6831,1443,2025-01-27,Midwest,cancelled
6832,4599,2024-02-09,Southwest,completed
6833,199,2025-12-06,West,completed
6834,1527,2024-05-24,Southwest,completed
6835,991,2025-02-22,Midwest,completed
6836,2806,2025-02-01,Southeast,completed
6837,3220,2025-06-13,West,completed
6838,860,2025-05-07,Northeast,completed
6839,2044,2025-09-06,Southeast,completed
6840,1779,2024-09-15,Southwest,completed
6841,4727,2024-11-15,Northeast,completed
6842,2061,2026-04-07,West,completed
6843,2453,2025-03-29,Northeast,completed
6844,973,2024-04-12,Southeast,completed
6845,616,2024-12-26,West,completed
6846,2546,2025-10-03,Southeast,completed
6847,2278,2025-08-22,West,completed
6848,2373,2024-06-16,Northeast,returned
6849,3965,2026-04-13,Southeast,completed
6850,224,2025-11-04,West,completed
6851,2383,2024-10-27,Southeast,cancelled
6852,3058,2026-04-27,Southeast,completed
6853,4303,2025-10-04,Southeast,completed
6854,1922,2025-08-13,Southeast,cancelled
6855,224,2026-07-24,West,completed
6856,4841,2026-07-24,Northeast,completed
6857,147,2024-12-12,Southwest,completed
6858,4575,2025-12-25,Southwest,completed
6859,1308,2025-01-24,Southwest,completed
6860,3243,2025-02-11,Midwest,completed
6861,4342,2024-10-05,Southwest,completed
6862,4989,2025-08-21,Northeast,completed
6863,3598,2024-03-14,Midwest,completed
6864,3219,2025-04-18,Northeast,completed
6865,807,2024-04-30,Southeast,completed
6866,906,2026-07-05,West,completed
6867,695,2025-05-08,Southeast,completed
6868,4155,2025-01-11,West,completed
6869,1919,2024-05-26,Northeast,completed
6870,4856,2025-05-18,West,completed
6871,2084,2024-10-24,Midwest,completed
6872,2645,2024-02-12,Southwest,completed
6873,3774,2024-06-24,Southwest,completed
6874,4484,2024-04-20,Southwest,completed
6875,3807,2025-09-22,West,completed
6876,2916,2026-08-25,Midwest,completed
6877,1428,2025-12-30,Midwest,completed
6878,531,2025-11-01,Southeast,completed
6879,3148,2025-08-06,West,completed
6880,4909,2026-05-21,Northeast,completed
6881,3131,2024-01-13,Southwest,completed
6882,1246,2025-05-21,Southeast,completed
6883,2995,2024-11-15,Midwest,completed
6884,2099,2024-10-19,Northeast,completed
6885,4258,2024-03-23,Southeast,returned
6886,2768,2026-07-27,Midwest,completed
6887,63,2024-03-06,Southwest,completed
6888,1150,2024-07-03,Southeast,completed
6889,593,2024-11-21,West,completed
6890,3078,2026-07-15,Southeast,completed
6891,2670,2025-12-29,Southeast,completed
6892,2548,2025-02-02,Northeast,returned
6893,2410,2026-04-05,Southeast,completed
6894,3548,2025-10-24,Southeast,completed
6895,670,2024-08-27,Southwest,completed
6896,580,2024-02-22,Northeast,cancelled
6897,2364,2025-02-08,West,completed
6898,3371,2026-07-09,Southwest,completed
6899,2187,2024-10-30,Southwest,completed
6900,922,2025-08-27,Northeast,completed
6901,3609,2025-10-01,West,completed
6902,2554,2026-05-19,Midwest,completed
6903,1755,2024-06-16,Southeast,completed
6904,1418,2026-04-27,Southeast,completed
6905,1407,2025-06-02,Midwest,completed
6906,630,2024-06-02,West,completed
6907,1514,2024-12-22,Southwest,completed
6908,768,2024-10-31,Southwest,completed
6909,14,2026-03-02,Southwest,returned
6910,1988,2024-05-02,Midwest,completed
6911,1465,2024-12-12,West,completed
6912,798,2024-01-17,Southwest,completed
6913,4,2025-08-30,West,completed
6914,2129,2026-07-09,Southeast,completed
6915,2118,2025-05-15,Southeast,completed
6916,2010,2024-10-18,Midwest,completed
6917,3293,2026-06-16,West,completed
6918,632,2026-02-17,Midwest,completed
6919,1210,2025-12-29,Northeast,completed
6920,2018,2025-04-08,Southeast,completed
6921,2223,2025-12-12,Southwest,completed
6922,1958,2024-01-14,Southeast,completed
6923,1583,2026-08-14,Southwest,completed
6924,2500,2025-09-24,Southwest,completed
6925,4240,2025-11-11,Northeast,completed
6926,3139,2025-02-01,Southeast,completed
6927,1180,2026-06-01,Southeast,completed
6928,214,2024-10-14,Southwest,completed
6929,4942,2024-09-15,Southeast,completed
6930,1614,2026-02-12,Southwest,completed
6931,1145,2025-02-05,Southeast,completed
6932,4101,2024-06-08,West,completed
6933,879,2025-06-14,Southwest,completed
6934,1493,2024-01-26,Northeast,completed
6935,3503,2024-09-04,Northeast,completed
6936,2792,2025-10-04,Southeast,completed
6937,4445,2024-12-07,West,completed
6938,3560,2026-02-03,Northeast,completed
6939,918,2024-08-03,Southwest,completed
6940,1529,2024-07-02,West,completed
6941,1549,2025-06-21,Southwest,completed
6942,3268,2025-01-08,Southeast,completed
6943,2761,2024-07-20,Midwest,completed
6944,3318,2026-01-19,West,completed
6945,1766,2024-06-07,Northeast,completed
6946,4224,2025-07-07,Midwest,completed
6947,4267,2026-03-24,Northeast,completed
6948,1905,2026-04-13,Southeast,completed
6949,4189,2024-08-12,Southeast,completed
6950,2194,2025-07-26,West,completed
6951,3048,2024-12-15,Southwest,completed
6952,3601,2024-10-18,Northeast,completed
6953,751,2026-08-05,Southwest,returned
6954,248,2026-01-04,West,completed
6955,1660,2024-06-23,Northeast,cancelled
6956,899,2025-08-18,Midwest,completed
6957,3523,2025-08-04,Southwest,completed
6958,812,2026-05-02,Southwest,completed
6959,4219,2026-02-07,Southeast,completed
6960,3319,2026-03-19,Northeast,completed
6961,2184,2024-11-15,Southwest,completed
6962,1013,2026-04-29,Southeast,completed
6963,2811,2026-08-17,Southwest,completed
6964,2341,2024-11-26,Midwest,completed
6965,3833,2025-04-19,Northeast,completed
6966,3656,2024-08-13,West,completed
6967,2831,2024-08-16,Southeast,returned
6968,3567,2024-06-19,Northeast,completed
6969,4972,2024-08-25,West,completed
6970,3497,2024-06-07,Southwest,completed
6971,1122,2026-01-09,Southwest,completed
6972,3460,2025-05-14,Midwest,completed
6973,1444,2024-09-05,Northeast,completed
6974,287,2025-04-25,Midwest,completed
6975,2280,2025-08-13,Midwest,completed
6976,4717,2024-03-29,Southwest,completed
6977,1685,2025-04-26,Northeast,completed
6978,3164,2026-03-17,Southwest,completed
6979,1244,2024-02-22,Midwest,completed
6980,266,2025-11-07,Northeast,completed
6981,1908,2025-03-08,West,completed
6982,3086,2024-09-05,Southeast,completed
6983,1344,2025-10-12,Midwest,completed
6984,939,2025-02-07,Southwest,completed
6985,463,2026-06-28,West,completed
6986,1132,2024-05-09,Northeast,completed
6987,2246,2024-12-26,Northeast,returned
6988,1549,2026-01-14,Southwest,completed
6989,4245,2024-04-22,Midwest,completed
6990,4280,2024-04-24,Northeast,completed
6991,4843,2024-01-30,Northeast,completed
6992,2263,2024-02-29,Midwest,completed
6993,1796,2025-12-10,Northeast,completed
6994,1110,2024-06-28,West,completed
6995,2841,2026-08-22,Northeast,completed
6996,3783,2026-07-30,West,completed
6997,4162,2025-07-06,Southwest,completed
6998,4728,2025-11-14,West,completed
6999,1048,2025-12-03,Midwest,completed
7000,1067,2024-08-06,Midwest,completed
7001,4051,2025-09-12,West,completed
7002,53,2026-08-08,Northeast,completed
7003,3266,2025-01-26,Southeast,completed
7004,4585,2025-02-06,Southwest,cancelled
7005,3018,2025-04-29,Midwest,completed
7006,4303,2024-06-24,Southeast,completed
7007,306,2025-12-22,Midwest,completed
7008,95,2026-05-02,West,completed
7009,3940,2024-05-24,Midwest,completed
7010,2813,2026-01-25,Midwest,completed
7011,4382,2024-05-04,Southeast,completed
7012,76,2026-05-09,West,completed
7013,518,2024-12-01,Northeast,completed
7014,258,2025-11-27,Southwest,completed
7015,4981,2026-07-17,Northeast,completed
7016,3108,2026-06-16,West,completed
7017,312,2026-08-07,Midwest,returned
7018,4129,2025-09-04,Northeast,completed
7019,117,2024-06-08,Southwest,completed
7020,3411,2024-01-30,Southeast,completed
7021,3173,2025-08-03,West,completed
7022,4965,2025-11-17,Southeast,completed
7023,412,2026-05-22,West,completed
7024,1896,2024-01-24,West,completed
7025,567,2024-08-22,Midwest,completed
7026,4929,2024-12-24,Southeast,completed
7027,2929,2024-05-12,Midwest,completed
7028,1232,2026-05-09,Southeast,cancelled
7029,2682,2025-03-08,Southeast,completed
7030,1139,2026-04-27,West,completed
7031,423,2026-08-14,Southwest,completed
7032,1669,2026-03-22,Northeast,completed
7033,4078,2024-02-10,Southeast,completed
7034,4427,2025-04-16,Midwest,completed
7035,3528,2025-01-14,Southwest,completed
7036,3907,2025-07-29,West,completed
7037,3655,2024-04-05,West,completed
7038,1703,2025-07-16,Southeast,completed
7039,2074,2026-05-21,Midwest,completed
7040,550,2024-08-28,Southwest,completed
7041,2954,2025-09-25,West,completed
7042,3424,2025-08-06,West,completed
7043,2987,2025-09-10,Southeast,cancelled
7044,742,2025-03-03,Southeast,returned
7045,4045,2024-11-23,Southwest,completed
7046,3388,2026-02-25,West,completed
7047,2357,2025-01-31,Southeast,completed
7048,1690,2025-06-02,West,completed
7049,1930,2024-01-05,Midwest,completed
7050,4394,2024-03-04,Southwest,completed
7051,1894,2024-05-23,Midwest,completed
7052,3350,2025-01-26,Southwest,completed
7053,2146,2026-04-03,Southwest,completed
7054,1956,2026-02-07,Southeast,completed
7055,4500,2024-08-12,Northeast,cancelled
7056,4347,2026-01-26,Northeast,completed
7057,4265,2025-02-23,Midwest,completed
7058,3906,2025-09-24,Southwest,completed
7059,3056,2024-07-02,Northeast,completed
7060,1635,2025-06-26,Southwest,completed
7061,3226,2024-05-17,Northeast,completed
7062,2775,2025-10-01,Southwest,completed
7063,4716,2024-10-29,West,completed
7064,1965,2026-01-15,Northeast,completed
7065,794,2026-06-16,Southwest,completed
7066,3590,2024-12-02,West,completed
7067,3698,2024-09-03,Midwest,completed
7068,4052,2026-04-26,Midwest,returned
7069,4747,2024-04-14,Midwest,completed
7070,3545,2025-01-09,Northeast,completed
7071,1761,2024-08-29,Midwest,completed
7072,4695,2024-02-01,Southwest,completed
7073,408,2025-08-28,West,completed
7074,3525,2024-09-11,Southeast,completed
7075,1521,2025-12-23,Southeast,completed
7076,1906,2025-11-06,Southwest,completed
7077,613,2025-11-19,West,completed
7078,4512,2026-04-08,Southwest,completed
7079,1301,2025-05-12,Southwest,completed
7080,933,2026-03-05,Southwest,completed
7081,4956,2026-03-11,Midwest,completed
7082,2001,2026-06-01,Northeast,completed
7083,3049,2024-01-12,Midwest,completed
7084,4231,2024-01-11,Southeast,completed
7085,4606,2026-02-02,West,completed
7086,3311,2024-04-19,West,completed
7087,4221,2024-05-07,Southwest,completed
7088,1647,2024-04-15,Southeast,completed
7089,3448,2024-03-17,Southeast,completed
7090,3050,2025-09-25,Southeast,completed
7091,2993,2026-08-12,Southwest,completed
7092,219,2025-07-04,Northeast,completed
7093,519,2024-03-31,West,completed
7094,1073,2025-07-27,Midwest,completed
7095,1431,2025-05-24,Southeast,completed
7096,2474,2025-10-08,Southwest,cancelled
7097,603,2024-01-04,Southeast,completed
7098,4281,2026-06-08,Northeast,completed
7099,4539,2024-04-03,Midwest,completed
7100,4215,2024-08-27,Southwest,completed
7101,455,2026-01-18,Midwest,completed
7102,2445,2025-04-11,West,completed
7103,3661,2024-03-01,Southwest,cancelled
7104,3958,2024-03-14,Southeast,completed
7105,3312,2024-01-01,Southwest,completed
7106,3357,2026-07-24,Southwest,completed
7107,3445,2025-03-01,Northeast,completed
7108,1726,2025-06-20,Midwest,completed
7109,3452,2026-02-01,West,completed
7110,3049,2026-03-09,Midwest,completed
7111,2597,2024-04-07,Northeast,completed
7112,3874,2024-01-27,Midwest,completed
7113,3895,2026-05-27,Southeast,completed
7114,2047,2025-06-20,Southeast,completed
7115,3131,2024-03-25,Southwest,completed
7116,1204,2026-01-27,Midwest,completed
7117,2106,2026-02-22,Southwest,completed
7118,4121,2026-08-02,Southwest,completed
7119,2273,2026-03-30,Southwest,completed
7120,4312,2024-07-06,West,completed
7121,4473,2024-01-01,West,completed
7122,3660,2024-01-12,Northeast,completed
7123,4077,2025-12-22,West,completed
7124,4259,2025-02-13,Midwest,completed
7125,4062,2025-02-22,West,completed
7126,723,2026-08-22,Southwest,completed
7127,4317,2025-07-08,Southeast,completed
7128,1522,2024-06-11,Midwest,completed
7129,125,2026-06-11,Northeast,completed
7130,4933,2025-08-02,Midwest,completed
7131,2563,2025-03-28,Southeast,completed
7132,909,2024-12-17,Northeast,returned
7133,4453,2024-10-31,Southwest,returned
7134,656,2024-07-01,West,completed
7135,4974,2026-08-09,Southeast,completed
7136,491,2026-05-08,Midwest,completed
7137,2825,2024-04-23,Midwest,completed
7138,953,2026-06-25,Northeast,returned
7139,4241,2026-08-19,Northeast,completed
7140,2590,2026-04-10,Southeast,completed
7141,2013,2024-09-22,Midwest,completed
7142,3916,2025-02-18,Midwest,completed
7143,1051,2026-07-11,Midwest,completed
7144,734,2024-10-11,Southwest,completed
7145,4414,2026-02-27,Southwest,completed
7146,4228,2026-01-29,Northeast,completed
7147,1970,2025-01-14,Southeast,completed
7148,275,2024-09-01,West,completed
7149,2163,2026-03-14,Southwest,completed
7150,779,2024-09-09,West,completed
7151,4442,2025-10-22,Midwest,completed
7152,1572,2024-10-22,Southwest,completed
7153,1284,2026-06-29,Southwest,completed
7154,4820,2024-01-21,Northeast,completed
7155,535,2025-09-18,Midwest,completed
7156,3341,2024-01-12,Northeast,returned
7157,792,2024-06-25,Southeast,returned
7158,4354,2026-06-22,West,completed
7159,4825,2024-06-03,Southeast,completed
7160,1011,2025-08-08,Southeast,completed
7161,79,2024-03-23,West,returned
7162,3886,2025-03-04,Southwest,completed
7163,1283,2025-08-27,Southeast,completed
7164,4297,2024-03-18,West,completed
7165,1521,2026-06-27,Southeast,cancelled
7166,1559,2024-01-01,Southwest,completed
7167,4687,2026-04-28,Southwest,completed
7168,4273,2024-03-29,Southwest,completed
7169,2586,2025-12-05,Northeast,completed
7170,2362,2024-07-02,Northeast,completed
7171,1483,2025-11-22,Midwest,returned
7172,2720,2024-01-17,Midwest,completed
7173,3385,2024-10-12,West,completed
7174,1759,2026-07-01,Midwest,completed
7175,54,2024-12-13,West,completed
7176,180,2024-11-21,Southwest,cancelled
7177,2457,2024-02-04,Southeast,returned
7178,2823,2026-01-24,West,completed
7179,1684,2024-05-25,Northeast,completed
7180,381,2026-07-26,Midwest,completed
7181,2683,2024-05-14,Southeast,completed
7182,1789,2026-01-07,Southeast,completed
7183,805,2026-03-24,Southwest,completed
7184,2793,2024-11-11,Southeast,completed
7185,671,2026-03-04,Northeast,completed
7186,1348,2026-05-27,Southwest,completed
7187,799,2024-09-12,Southeast,completed
7188,2199,2026-06-04,West,completed
7189,159,2024-01-10,Northeast,completed
7190,2924,2026-04-19,Midwest,completed
7191,619,2024-03-26,Southwest,completed
7192,2737,2026-05-15,Northeast,completed
7193,4218,2025-06-24,West,completed
7194,197,2026-07-05,Southeast,completed
7195,1459,2024-04-29,Southwest,completed
7196,1456,2024-12-15,West,completed
7197,1867,2024-10-28,Northeast,completed
7198,500,2026-05-18,Midwest,completed
7199,2608,2025-06-28,Midwest,completed
7200,1123,2025-12-31,West,completed
7201,3518,2024-06-08,West,completed
7202,4847,2026-04-09,Southwest,cancelled
7203,121,2024-05-25,Northeast,completed
7204,3021,2026-05-11,Southwest,completed
7205,4614,2024-09-23,Southeast,completed
7206,3866,2026-01-29,Midwest,completed
7207,2940,2026-01-09,West,cancelled
7208,872,2025-10-29,Southeast,completed
7209,1511,2025-04-05,Southeast,completed
7210,3522,2024-06-23,Southeast,completed
7211,78,2024-02-28,Northeast,completed
7212,4070,2024-10-01,Southwest,completed
7213,4605,2025-07-11,Southeast,completed
7214,957,2025-06-21,Southwest,completed
7215,1631,2024-12-06,Midwest,completed
7216,2328,2025-07-29,Northeast,completed
7217,3744,2025-08-29,Southwest,completed
7218,2506,2024-11-15,Southeast,completed
7219,136,2024-09-14,Southeast,completed
7220,2481,2026-06-01,Midwest,completed
7221,4545,2025-12-25,Southwest,completed
7222,3250,2025-05-12,Midwest,cancelled
7223,4789,2025-02-23,Southeast,completed
7224,834,2024-07-12,Northeast,completed
7225,1981,2026-04-23,Northeast,cancelled
7226,4799,2024-05-28,Southwest,completed
7227,2772,2024-06-29,Midwest,completed
7228,1237,2024-10-10,Northeast,completed
7229,1802,2026-01-18,Midwest,completed
7230,905,2026-01-31,Midwest,completed
7231,4388,2024-06-09,Northeast,completed
7232,1055,2025-01-02,Northeast,completed
7233,194,2026-01-04,Southwest,completed
7234,2684,2024-11-19,West,completed
7235,760,2025-05-07,Northeast,completed
7236,2020,2024-01-17,Northeast,completed
7237,2379,2024-09-19,Northeast,completed
7238,4199,2025-04-20,Southeast,cancelled
7239,2170,2025-10-31,Northeast,returned
7240,830,2024-08-27,Southeast,completed
7241,3691,2026-07-25,West,returned
7242,1579,2025-01-28,Southeast,completed
7243,864,2026-04-03,Southeast,completed
7244,184,2024-07-28,West,completed
7245,2593,2026-04-23,Northeast,completed
7246,1860,2025-03-13,Midwest,completed
7247,3805,2025-09-20,Midwest,completed
7248,4544,2026-04-16,Midwest,completed
7249,1421,2024-12-10,Southwest,cancelled
7250,875,2024-02-23,Midwest,completed
7251,2277,2024-06-14,Southeast,completed
7252,3136,2025-06-15,Southwest,completed
7253,4977,2025-04-16,Southeast,completed
7254,3631,2025-04-02,Northeast,cancelled
7255,2879,2024-07-25,Southwest,completed
7256,4028,2026-03-23,West,completed
7257,1212,2024-08-28,Northeast,completed
7258,2963,2025-07-03,Southeast,completed
7259,321,2025-01-19,Southeast,completed
7260,2922,2026-08-17,Southwest,completed
7261,3631,2026-05-03,Northeast,completed
7262,2835,2026-07-16,Southwest,completed
7263,3960,2024-10-23,Northeast,completed
7264,2204,2026-07-12,Southeast,completed
7265,3921,2026-01-19,Midwest,cancelled
7266,2673,2024-11-03,Midwest,completed
7267,421,2025-06-28,West,completed
7268,3970,2024-12-31,Southwest,completed
7269,4169,2025-07-02,Northeast,returned
7270,646,2024-05-25,Midwest,completed
7271,1739,2026-07-21,Northeast,completed
7272,2385,2025-06-28,Southwest,completed
7273,1340,2024-06-12,Southwest,completed
7274,2893,2025-10-31,Southwest,completed
7275,4936,2026-07-28,Southeast,completed
7276,2682,2026-01-13,Southeast,completed
7277,1500,2026-08-12,Southwest,completed
7278,819,2025-06-25,Southeast,completed
7279,4038,2025-04-18,West,completed
7280,744,2026-01-24,Midwest,completed
7281,2107,2025-10-08,Southwest,completed
7282,1802,2024-03-09,Midwest,completed
7283,4163,2026-03-13,Southeast,completed
7284,429,2024-02-19,Northeast,completed
7285,922,2024-02-09,Northeast,completed
7286,3857,2025-09-08,Midwest,completed
7287,1547,2024-11-08,Northeast,completed
7288,3132,2024-01-23,Southwest,completed
7289,481,2026-05-08,Northeast,completed
7290,4560,2026-01-23,Southeast,completed
7291,1725,2024-04-28,West,completed
7292,4814,2026-07-13,Midwest,completed
7293,1399,2025-10-28,West,completed
7294,1108,2026-01-29,West,cancelled
7295,4934,2026-02-13,Northeast,completed
7296,2626,2025-06-18,Northeast,completed
7297,2465,2024-10-06,Southwest,completed
7298,153,2024-05-19,Northeast,completed
7299,2610,2025-04-27,Midwest,completed
7300,524,2026-08-10,Northeast,completed
7301,2267,2024-12-22,Northeast,completed
7302,667,2024-11-07,Southeast,completed
7303,2957,2024-06-16,Northeast,completed
7304,1655,2024-11-27,Southwest,completed
7305,287,2025-12-17,Midwest,completed
7306,3577,2025-06-26,Southwest,completed
7307,3223,2025-03-15,Southwest,completed
7308,3396,2025-09-04,Southeast,cancelled
7309,1097,2026-08-04,Southwest,completed
7310,31,2025-01-28,Southwest,completed
7311,1837,2025-06-04,Southwest,completed
7312,1223,2025-03-23,Northeast,completed
7313,992,2024-10-27,Southeast,completed
7314,3648,2024-05-02,Northeast,completed
7315,174,2026-03-25,Midwest,completed
7316,435,2026-03-19,West,completed
7317,2310,2025-08-20,Midwest,completed
7318,403,2024-02-24,West,completed
7319,3438,2024-01-19,Midwest,completed
7320,3719,2024-04-09,Midwest,completed
7321,3956,2025-07-10,Midwest,completed
7322,3902,2026-07-27,West,completed
7323,3393,2025-11-12,Northeast,cancelled
7324,2822,2024-09-08,Midwest,completed
7325,1714,2025-07-30,Southwest,returned
7326,1142,2025-04-23,West,completed
7327,4541,2024-05-23,Southwest,completed
7328,1938,2025-02-08,Southwest,completed
7329,1033,2026-07-25,Midwest,completed
7330,3321,2024-08-30,Northeast,completed
7331,3277,2025-08-26,Northeast,completed
7332,475,2024-01-23,Midwest,completed
7333,1613,2026-03-23,Southwest,completed
7334,161,2024-07-01,Southwest,cancelled
7335,1186,2025-01-03,West,completed
7336,4460,2026-05-06,Southeast,completed
7337,3680,2024-07-22,Southwest,completed
7338,513,2026-04-07,West,cancelled
7339,1314,2025-10-14,Midwest,completed
7340,1572,2026-06-16,Southwest,completed
7341,1144,2026-02-08,Midwest,completed
7342,1171,2026-01-30,Southeast,completed
7343,2169,2024-05-01,Northeast,completed
7344,199,2025-07-28,West,completed
7345,304,2025-09-02,West,completed
7346,92,2024-01-07,West,completed
7347,2515,2025-12-05,Southeast,completed
7348,2271,2025-01-03,West,completed
7349,535,2025-09-16,Midwest,completed
7350,587,2025-08-21,Southeast,completed
7351,1246,2024-10-25,Southeast,returned
7352,3405,2025-03-10,Southeast,cancelled
7353,2538,2024-06-02,Northeast,completed
7354,1485,2025-06-13,West,completed
7355,4255,2025-08-04,Northeast,completed
7356,3861,2024-05-14,Southeast,completed
7357,2314,2025-07-23,Northeast,completed
7358,951,2024-09-18,Southeast,completed
7359,3961,2026-01-10,Southwest,cancelled
7360,1981,2024-08-13,Northeast,completed
7361,2738,2025-04-18,Southeast,returned
7362,2455,2025-03-16,Southeast,completed
7363,2309,2025-04-07,Northeast,completed
7364,1082,2025-03-06,Southeast,completed
7365,54,2025-05-29,West,completed
7366,221,2024-10-18,Southwest,completed
7367,4423,2025-09-04,Southeast,completed
7368,2852,2024-05-28,Midwest,completed
7369,4577,2026-05-19,West,completed
7370,2377,2024-03-26,Northeast,returned
7371,1696,2026-06-22,Southeast,cancelled
7372,1518,2024-09-03,West,completed
7373,1233,2026-06-21,West,completed
7374,2688,2026-07-19,Northeast,completed
7375,288,2025-11-11,Northeast,completed
7376,2652,2026-01-07,West,completed
7377,2227,2024-02-28,Southeast,completed
7378,705,2025-08-11,Northeast,cancelled
7379,4654,2024-12-17,Northeast,completed
7380,293,2025-09-11,Southeast,completed
7381,2429,2025-06-20,Northeast,completed
7382,1668,2024-03-23,West,completed
7383,4807,2025-03-02,Southeast,completed
7384,2873,2026-05-05,West,completed
7385,1256,2025-07-26,Northeast,completed
7386,1272,2026-05-31,Midwest,completed
7387,4843,2025-07-01,Northeast,completed
7388,207,2025-05-19,Southwest,completed
7389,1595,2024-01-31,Southwest,completed
7390,65,2024-11-04,Southwest,completed
7391,4992,2024-01-06,West,completed
7392,2455,2025-08-03,Southeast,completed
7393,4674,2025-10-16,Southeast,completed
7394,1665,2025-01-08,Northeast,completed
7395,2599,2025-04-21,West,completed
7396,416,2025-02-11,Midwest,completed
7397,1185,2025-04-11,Northeast,completed
7398,1721,2025-07-07,Northeast,completed
7399,256,2024-02-07,West,completed
7400,3952,2026-08-02,West,completed
7401,3851,2026-02-12,Midwest,completed
7402,1321,2026-02-15,Midwest,completed
7403,2557,2025-05-28,West,completed
7404,4773,2025-07-10,Southeast,completed
7405,2521,2024-04-03,Southwest,completed
7406,1367,2025-06-13,West,completed
7407,4064,2026-02-11,Midwest,completed
7408,4061,2024-09-25,West,completed
7409,3834,2026-08-09,Midwest,completed
7410,2260,2026-01-24,West,completed
7411,2718,2026-02-20,Southeast,returned
7412,4347,2025-08-28,Northeast,returned
7413,1306,2024-11-25,Southwest,completed
7414,2943,2024-12-04,Northeast,completed
7415,340,2025-06-07,West,completed
7416,2742,2024-02-19,West,completed
7417,4431,2025-05-05,Southwest,completed
7418,4713,2025-10-06,Northeast,completed
7419,447,2024-06-27,Northeast,completed
7420,4568,2025-01-14,Northeast,completed
7421,2304,2026-02-26,Southeast,completed
7422,4373,2026-08-15,West,completed
7423,918,2024-09-11,Southwest,cancelled
7424,3232,2024-09-27,Southeast,completed
7425,1211,2025-11-13,Southeast,completed
7426,2485,2024-05-04,Northeast,completed
7427,2991,2025-04-06,Southeast,completed
7428,2796,2024-07-04,Southwest,completed
7429,3745,2026-01-23,Southeast,completed
7430,4255,2025-10-16,Northeast,completed
7431,3816,2024-02-03,Midwest,completed
7432,2549,2025-03-11,Northeast,completed
7433,4727,2024-02-03,Northeast,completed
7434,4223,2024-05-12,Southwest,completed
7435,575,2024-03-06,Midwest,completed
7436,1047,2025-08-25,Northeast,completed
7437,1775,2025-07-21,Midwest,completed
7438,572,2024-04-15,Southeast,completed
7439,4190,2024-06-05,Southwest,completed
7440,4414,2024-09-26,Southwest,completed
7441,2716,2025-06-20,Midwest,completed
7442,373,2025-11-06,Northeast,completed
7443,3975,2024-07-30,Southwest,completed
7444,3880,2024-07-08,Southeast,completed
7445,4775,2025-01-09,Southeast,completed
7446,672,2025-12-04,Southeast,completed
7447,2145,2024-05-04,Northeast,completed
7448,2198,2025-09-30,Southwest,cancelled
7449,3155,2025-10-31,Midwest,completed
7450,3280,2026-07-29,Midwest,completed
7451,3116,2025-07-27,Northeast,completed
7452,1816,2024-05-19,West,returned
7453,4834,2025-06-02,West,completed
7454,907,2024-01-04,Midwest,completed
7455,185,2024-12-31,West,returned
7456,3387,2024-07-17,West,completed
7457,3502,2024-06-02,Southeast,completed
7458,3088,2024-01-13,Southwest,completed
7459,750,2024-03-20,Northeast,completed
7460,372,2024-01-18,Southeast,completed
7461,1607,2026-03-10,West,completed
7462,483,2026-05-09,Southeast,returned
7463,4921,2025-06-23,Southeast,completed
7464,1468,2025-04-12,West,completed
7465,4961,2024-06-15,Midwest,completed
7466,1464,2025-02-24,Southeast,completed
7467,3001,2026-04-28,Southwest,completed
7468,1980,2026-04-24,Northeast,completed
7469,2189,2025-10-31,Southeast,completed
7470,2937,2024-06-09,West,completed
7471,3149,2025-09-09,Southwest,completed
7472,3698,2024-11-30,Midwest,completed
7473,2807,2024-04-12,Midwest,completed
7474,2823,2024-08-18,West,completed
7475,1817,2025-06-06,Northeast,completed
7476,769,2025-01-23,Southwest,completed
7477,4512,2025-04-21,Southwest,completed
7478,1963,2025-03-01,Southwest,completed
7479,2986,2024-03-12,Midwest,completed
7480,3676,2025-01-30,Midwest,completed
7481,4785,2025-01-19,Southwest,cancelled
7482,2718,2024-01-27,Southeast,completed
7483,671,2025-05-12,Northeast,completed
7484,941,2025-03-22,Southeast,completed
7485,196,2024-11-14,Southeast,completed
7486,2914,2026-02-03,Southeast,completed
7487,282,2024-07-13,Northeast,completed
7488,4327,2024-07-25,Midwest,completed
7489,3470,2025-03-12,Midwest,completed
7490,2607,2024-01-26,West,completed
7491,671,2026-04-17,Northeast,completed
7492,549,2025-06-04,Midwest,completed
7493,4800,2024-07-18,Southeast,completed
7494,3602,2025-07-13,West,completed
7495,2050,2026-02-17,Midwest,completed
7496,61,2024-01-04,Midwest,cancelled
7497,1640,2025-06-02,Midwest,completed
7498,2970,2025-03-01,Northeast,completed
7499,2620,2025-03-06,Southeast,completed
7500,3291,2025-10-21,Southwest,completed
7501,908,2026-05-13,Southwest,completed
7502,2774,2024-07-09,Southeast,completed
7503,556,2025-02-24,Southwest,completed
7504,3633,2024-10-19,Southeast,completed
7505,4827,2026-07-17,Southwest,completed
7506,634,2025-07-21,Southeast,completed
7507,1834,2024-02-22,Southwest,completed
7508,2087,2025-06-16,Southwest,completed
7509,4398,2024-11-22,Midwest,completed
7510,3922,2026-01-04,West,completed
7511,3344,2026-04-14,Midwest,completed
7512,2941,2025-11-09,Southwest,completed
7513,3513,2024-12-02,Southwest,completed
7514,4400,2025-10-20,Midwest,completed
7515,1618,2025-03-26,Midwest,completed
7516,3386,2025-11-06,West,completed
7517,2105,2024-08-16,Southwest,completed
7518,1583,2026-07-25,Southwest,completed
7519,1716,2026-07-07,Midwest,completed
7520,4508,2025-06-25,Northeast,completed
7521,4792,2025-12-05,Northeast,completed
7522,2642,2024-11-23,Southeast,completed
7523,3990,2026-06-21,West,completed
7524,1340,2026-08-25,Southwest,completed
7525,4839,2025-09-16,Southeast,completed
7526,2538,2024-07-28,Northeast,cancelled
7527,4086,2026-01-01,Southeast,completed
7528,2332,2025-08-03,Midwest,returned
7529,828,2026-06-04,Midwest,completed
7530,883,2024-12-22,Southwest,completed
7531,2789,2025-04-21,West,completed
7532,4024,2024-04-10,West,completed
7533,2520,2025-08-16,West,completed
7534,2566,2025-02-21,Midwest,completed
7535,2223,2026-03-31,Southwest,completed
7536,3693,2024-03-23,Southwest,completed
7537,1407,2026-08-20,Midwest,completed
7538,4886,2025-07-31,Southwest,completed
7539,4413,2025-09-18,Southeast,cancelled
7540,2514,2026-03-28,Southeast,completed
7541,3514,2024-12-31,Southeast,completed
7542,4821,2024-01-07,Northeast,completed
7543,4604,2024-05-14,West,completed
7544,4420,2026-02-01,Southwest,completed
7545,4251,2025-07-07,Southwest,completed
7546,96,2024-06-14,West,completed
7547,2264,2026-05-05,Midwest,completed
7548,968,2025-03-24,Midwest,completed
7549,1347,2025-05-09,Northeast,completed
7550,268,2025-12-14,Northeast,completed
7551,4528,2024-12-11,Midwest,completed
7552,4171,2024-08-17,Midwest,cancelled
7553,1608,2025-06-25,Northeast,completed
7554,491,2024-12-02,Midwest,completed
7555,1658,2024-05-04,Northeast,cancelled
7556,1712,2024-09-19,Southwest,completed
7557,4844,2025-04-14,Northeast,completed
7558,2346,2024-07-18,Southeast,completed
7559,2724,2025-11-15,West,completed
7560,3344,2024-09-29,Midwest,completed
7561,4099,2026-02-04,West,completed
7562,1462,2024-03-22,West,completed
7563,3270,2025-12-10,West,completed
7564,4680,2024-12-14,Northeast,completed
7565,4556,2024-01-02,Midwest,completed
7566,1207,2024-05-03,Southwest,completed
7567,1241,2025-03-24,Midwest,completed
7568,1555,2026-03-22,Southeast,completed
7569,2912,2025-12-11,Midwest,completed
7570,238,2024-11-09,Northeast,completed
7571,1784,2024-05-14,Northeast,completed
7572,4556,2025-07-03,Midwest,cancelled
7573,4180,2025-03-09,Northeast,completed
7574,129,2026-07-31,West,completed
7575,2353,2024-09-12,West,cancelled
7576,1595,2024-01-25,Southwest,completed
7577,203,2024-12-07,Southeast,cancelled
7578,1232,2025-05-07,Southeast,completed
7579,1612,2025-11-13,West,completed
7580,340,2024-12-10,West,completed
7581,2124,2024-02-05,Southwest,completed
7582,2314,2025-06-15,Northeast,completed
7583,4273,2026-02-10,Southwest,completed
7584,706,2025-07-29,West,completed
7585,2475,2024-05-31,Southwest,completed
7586,3099,2024-04-28,Midwest,completed
7587,109,2026-03-08,West,completed
7588,2888,2026-04-06,Midwest,completed
7589,1931,2026-07-31,Southwest,completed
7590,1696,2026-06-21,Southeast,completed
7591,3734,2024-01-22,Midwest,completed
7592,1500,2024-10-03,Southwest,completed
7593,3312,2025-04-19,Southwest,completed
7594,35,2024-12-27,Southwest,completed
7595,2865,2024-01-09,Southeast,completed
7596,1662,2026-05-11,Midwest,completed
7597,2859,2025-01-20,Northeast,completed
7598,3855,2026-01-28,Midwest,completed
7599,3254,2026-02-07,West,completed
7600,437,2024-01-10,West,completed
7601,3505,2024-01-26,Southeast,completed
7602,1294,2024-08-16,Northeast,completed
7603,2421,2024-07-24,Midwest,completed
7604,1653,2024-09-05,West,completed
7605,1836,2024-09-16,Southwest,completed
7606,4214,2025-12-31,Midwest,completed
7607,4898,2024-08-26,West,completed
7608,2099,2024-05-15,Northeast,completed
7609,3325,2026-07-08,Southwest,completed
7610,3489,2025-09-02,Midwest,returned
7611,4994,2024-12-10,Midwest,completed
7612,455,2024-11-22,Midwest,returned
7613,3740,2024-12-19,Southwest,completed
7614,3784,2025-03-24,West,completed
7615,2720,2025-01-18,Midwest,completed
7616,1726,2025-06-03,Midwest,completed
7617,4796,2026-02-17,Midwest,completed
7618,4375,2024-02-24,Midwest,completed
7619,1692,2026-03-20,West,completed
7620,1304,2024-06-14,Southwest,completed
7621,1760,2024-05-20,Midwest,completed
7622,2005,2025-01-28,Southwest,completed
7623,4017,2024-06-28,Southeast,completed
7624,3417,2025-10-06,Midwest,completed
7625,2504,2026-05-08,Southwest,completed
7626,4453,2026-05-20,Southwest,completed
7627,3208,2024-08-28,Midwest,completed
7628,957,2026-05-20,Southwest,completed
7629,2097,2025-04-25,Southeast,completed
7630,3187,2024-04-30,Southeast,completed
7631,2872,2024-05-10,Southwest,completed
7632,2007,2026-06-04,Midwest,completed
7633,4938,2024-07-01,Southeast,returned
7634,2272,2026-05-29,Midwest,completed
7635,4653,2025-01-27,Southwest,completed
7636,4536,2025-07-13,Southwest,completed
7637,1149,2024-08-09,Southeast,completed
7638,4132,2025-03-09,West,completed
7639,3327,2024-11-12,Southeast,completed
7640,410,2025-06-26,Northeast,completed
7641,1076,2025-08-13,West,returned
7642,3623,2024-06-12,Southwest,completed
7643,1958,2026-08-06,Southeast,completed
7644,4441,2024-05-05,West,completed
7645,2292,2025-02-10,Midwest,completed
7646,1704,2024-01-08,Northeast,completed
7647,577,2026-01-15,Southwest,completed
7648,1268,2024-02-12,Midwest,cancelled
7649,2667,2026-02-23,Midwest,completed
7650,4720,2024-10-23,West,completed
7651,1129,2024-10-09,Midwest,completed
7652,2061,2024-08-14,West,completed
7653,4273,2025-12-20,Southwest,cancelled
7654,2071,2024-08-23,Southwest,completed
7655,3504,2025-03-04,Midwest,completed
7656,3615,2026-04-24,West,completed
7657,1466,2024-09-17,Northeast,completed
7658,79,2025-10-30,West,completed
7659,35,2026-06-27,Southwest,completed
7660,3504,2024-07-30,Midwest,completed
7661,1161,2025-09-06,West,completed
7662,3783,2026-02-13,West,completed
7663,4342,2026-03-28,Southwest,completed
7664,3888,2026-07-01,Southeast,cancelled
7665,3163,2024-09-09,Southeast,completed
7666,4628,2026-01-29,West,completed
7667,69,2025-01-28,Northeast,completed
7668,3129,2024-08-07,Midwest,completed
7669,396,2024-05-25,Midwest,completed
7670,794,2025-02-10,Southwest,completed
7671,802,2025-11-17,Southwest,completed
7672,2132,2024-08-03,West,completed
7673,4907,2024-10-25,Midwest,completed
7674,1794,2024-03-28,West,completed
7675,4424,2025-02-27,Southwest,completed
7676,4467,2024-05-02,Midwest,returned
7677,3652,2024-06-28,Northeast,completed
7678,2814,2026-07-14,Midwest,completed
7679,4197,2024-05-21,Southeast,completed
7680,1255,2024-05-06,Midwest,completed
7681,3290,2025-05-09,Northeast,completed
7682,4898,2025-03-04,West,returned
7683,1060,2025-10-16,West,completed
7684,4609,2026-01-10,West,completed
7685,2573,2025-03-10,Southwest,completed
7686,1792,2025-10-13,Southwest,completed
7687,4706,2025-02-24,Midwest,completed
7688,3747,2025-02-18,Southeast,completed
7689,4657,2024-08-23,Midwest,completed
7690,3141,2025-04-15,West,completed
7691,4859,2025-01-19,Southwest,completed
7692,3611,2024-11-14,Northeast,completed
7693,230,2025-04-13,Southwest,completed
7694,4676,2026-05-26,Northeast,completed
7695,1890,2025-07-04,West,completed
7696,595,2025-09-01,Southwest,completed
7697,1320,2024-07-13,Southwest,completed
7698,1964,2026-05-06,Southeast,returned
7699,1079,2024-05-30,Southeast,completed
7700,3927,2025-08-03,West,completed
7701,1900,2025-02-25,Southeast,completed
7702,1526,2025-01-24,Southwest,completed
7703,2499,2026-02-27,Southwest,completed
7704,4299,2025-09-04,Southwest,completed
7705,1988,2024-01-06,Midwest,completed
7706,527,2025-12-01,Southeast,completed
7707,4942,2025-02-12,Southeast,completed
7708,2938,2026-07-25,Northeast,completed
7709,2000,2024-04-21,Northeast,completed
7710,112,2025-12-31,West,returned
7711,3123,2024-03-01,Northeast,completed
7712,2879,2025-08-14,Southwest,completed
7713,3144,2026-03-22,Midwest,completed
7714,4803,2024-07-14,West,completed
7715,2499,2025-05-19,Southwest,returned
7716,306,2024-11-30,Midwest,completed
7717,3438,2025-09-27,Midwest,completed
7718,4736,2024-01-30,Southeast,completed
7719,2352,2024-09-24,West,completed
7720,4117,2024-02-17,Southeast,completed
7721,1771,2024-02-28,Midwest,completed
7722,4742,2025-08-24,Northeast,returned
7723,1376,2024-12-18,Southeast,completed
7724,2279,2026-04-12,Northeast,completed
7725,3854,2025-10-13,Southeast,completed
7726,1883,2024-02-27,West,completed
7727,1757,2025-04-09,Midwest,completed
7728,2918,2025-07-08,Southwest,completed
7729,4392,2026-07-13,Midwest,completed
7730,734,2026-07-13,Southwest,returned
7731,322,2024-11-28,Southwest,completed
7732,55,2026-06-16,Southwest,completed
7733,4294,2024-04-07,Southwest,completed
7734,766,2024-09-20,West,completed
7735,3197,2025-02-10,Northeast,completed
7736,2527,2024-07-01,Midwest,completed
7737,612,2025-12-25,Midwest,completed
7738,2678,2025-11-19,Southwest,completed
7739,4896,2026-06-03,Southwest,completed
7740,71,2024-02-23,West,completed
7741,1438,2025-05-16,Southwest,completed
7742,52,2026-07-08,Northeast,completed
7743,335,2026-04-30,Midwest,completed
7744,4880,2026-08-06,Southeast,cancelled
7745,3501,2024-12-27,Northeast,completed
7746,398,2024-10-24,Southeast,completed
7747,1509,2026-05-08,Southwest,completed
7748,4591,2026-06-16,Midwest,completed
7749,1479,2024-04-06,Northeast,completed
7750,2552,2025-06-17,Northeast,completed
7751,2645,2026-08-25,Southwest,completed
7752,534,2025-07-27,West,completed
7753,1862,2025-01-05,Northeast,cancelled
7754,4754,2025-06-22,Southeast,completed
7755,1414,2024-03-05,Midwest,returned
7756,2418,2026-01-01,West,completed
7757,3397,2024-03-25,Midwest,completed
7758,2593,2025-02-15,Northeast,completed
7759,3331,2025-07-04,Southwest,completed
7760,232,2024-02-03,Southwest,completed
7761,2641,2024-10-12,Northeast,completed
7762,900,2026-04-19,Southwest,returned
7763,3713,2024-07-02,Southwest,completed
7764,60,2024-12-28,Northeast,completed
7765,340,2024-08-23,West,completed
7766,3011,2024-01-25,Southwest,completed
7767,530,2024-05-25,Southeast,completed
7768,2105,2024-10-05,Southwest,completed
7769,1468,2025-01-05,West,completed
7770,2180,2026-02-28,Southeast,returned
7771,2989,2025-12-23,Southwest,completed
7772,680,2024-05-23,Northeast,completed
7773,666,2025-08-21,Midwest,completed
7774,3924,2024-04-19,Midwest,completed
7775,3869,2024-07-15,Midwest,returned
7776,2468,2026-01-31,Southeast,completed
7777,3244,2025-02-08,Northeast,completed
7778,1414,2024-03-09,Midwest,completed
7779,4041,2024-01-06,Southwest,completed
7780,2355,2024-03-30,Northeast,completed
7781,1079,2026-05-08,Southeast,completed
7782,3554,2024-06-21,Southeast,completed
7783,4402,2025-05-28,Midwest,completed
7784,4062,2025-11-17,West,completed
7785,2705,2026-04-21,West,completed
7786,3942,2024-03-21,Northeast,completed
7787,1137,2026-05-21,Northeast,completed
7788,412,2025-01-09,West,completed
7789,2897,2025-02-26,Southwest,completed
7790,4760,2025-05-06,Midwest,completed
7791,2528,2024-03-12,Midwest,completed
7792,1240,2025-11-21,West,returned
7793,359,2025-07-01,West,completed
7794,1224,2024-08-08,West,completed
7795,4099,2024-02-13,West,completed
7796,2221,2025-12-13,Midwest,completed
7797,3780,2025-03-13,West,completed
7798,3269,2025-01-31,Midwest,completed
7799,41,2026-01-26,Southeast,completed
7800,1843,2024-05-03,Southeast,completed
7801,2532,2024-03-31,West,completed
7802,2021,2024-07-13,Midwest,completed
7803,4128,2025-03-29,Southeast,completed
7804,2174,2025-04-03,Northeast,completed
7805,4874,2025-05-18,Midwest,completed
7806,4478,2025-05-29,West,completed
7807,3794,2025-04-13,Midwest,completed
7808,587,2025-10-01,Southeast,completed
7809,3748,2024-02-06,Southeast,completed
7810,2234,2025-04-09,Northeast,completed
7811,4019,2025-02-27,Southwest,completed
7812,86,2026-05-22,Midwest,completed
7813,89,2024-06-17,Northeast,completed
7814,1085,2024-11-01,Midwest,completed
7815,1225,2026-04-26,West,completed
7816,1975,2025-07-06,West,completed
7817,540,2026-02-23,Southeast,completed
7818,3100,2026-07-13,Southeast,completed
7819,2498,2026-03-19,West,completed
7820,95,2024-10-08,West,completed
7821,3207,2024-12-03,Midwest,completed
7822,2350,2024-08-07,Northeast,completed
7823,1615,2025-05-05,Southwest,completed
7824,2886,2024-01-30,Midwest,returned
7825,2142,2024-08-19,West,completed
7826,4861,2025-11-17,Midwest,completed
7827,987,2024-06-12,Southeast,completed
7828,1209,2025-07-09,Midwest,completed
7829,2745,2025-07-17,West,completed
7830,3129,2025-09-21,Midwest,returned
7831,628,2024-07-29,Southeast,completed
7832,576,2024-02-11,Midwest,completed
7833,4674,2025-10-14,Southeast,completed
7834,3560,2025-03-20,Northeast,completed
7835,1858,2024-10-17,Midwest,completed
7836,2968,2024-03-08,West,completed
7837,2823,2024-03-29,West,completed
7838,1730,2024-04-12,Southeast,completed
7839,1257,2026-02-06,Northeast,cancelled
7840,3786,2026-04-20,Southwest,completed
7841,4969,2025-01-16,Southeast,completed
7842,1117,2025-04-06,West,completed
7843,4540,2025-07-29,West,completed
7844,4459,2024-02-23,Midwest,completed
7845,2571,2024-01-29,West,completed
7846,3718,2024-10-03,Northeast,completed
7847,3892,2026-01-01,Northeast,completed
7848,1204,2025-02-21,Midwest,completed
7849,341,2025-07-26,Northeast,completed
7850,4537,2024-09-02,Southwest,completed
7851,852,2025-01-07,Southeast,returned
7852,4077,2024-07-04,West,completed
7853,4102,2024-04-22,Northeast,completed
7854,4581,2026-01-27,West,completed
7855,4373,2025-04-26,West,returned
7856,300,2026-02-12,Southeast,completed
7857,3580,2024-01-09,West,completed
7858,4946,2026-03-27,Northeast,completed
7859,3040,2024-01-25,Southwest,completed
7860,3135,2026-03-25,Southwest,completed
7861,81,2026-01-28,Southeast,completed
7862,2227,2024-07-31,Southeast,completed
7863,839,2026-08-19,Northeast,completed
7864,4151,2025-02-09,Southeast,completed
7865,2649,2026-03-11,Northeast,completed
7866,3421,2025-06-20,Northeast,completed
7867,1892,2024-05-22,Northeast,completed
7868,3263,2025-07-10,Southwest,completed
7869,4409,2024-12-22,Southeast,completed
7870,2402,2026-05-16,Northeast,completed
7871,846,2025-12-20,Southwest,completed
7872,3592,2026-04-19,Northeast,completed
7873,833,2024-08-08,Southeast,completed
7874,843,2025-03-28,Midwest,completed
7875,576,2024-01-20,Midwest,completed
7876,3952,2024-09-30,West,completed
7877,3112,2026-03-10,Southeast,completed
7878,3082,2026-02-28,Northeast,completed
7879,4967,2024-05-25,Southwest,completed
7880,3535,2026-08-05,West,completed
7881,1801,2024-04-05,Northeast,completed
7882,3245,2025-07-03,Northeast,completed
7883,1973,2025-09-16,Southeast,completed
7884,1829,2026-03-17,West,completed
7885,3771,2024-10-05,Southeast,completed
7886,645,2025-05-14,Midwest,completed
7887,4590,2024-08-01,Southeast,completed
7888,1097,2024-12-13,Southwest,completed
7889,1063,2026-05-04,Southwest,cancelled
7890,550,2026-06-18,Southwest,completed
7891,4136,2024-11-11,Southeast,completed
7892,4479,2025-12-31,Northeast,completed
7893,779,2025-10-31,West,completed
7894,2789,2026-07-27,West,completed
7895,209,2025-05-06,Midwest,completed
7896,2299,2024-11-16,Northeast,completed
7897,4818,2026-06-17,West,completed
7898,2859,2025-12-05,Northeast,completed
7899,53,2024-12-27,Northeast,completed
7900,2054,2025-11-07,West,completed
7901,343,2024-12-09,Midwest,completed
7902,2922,2024-04-11,Southwest,completed
7903,684,2026-07-02,Southeast,cancelled
7904,1780,2026-08-17,Midwest,completed
7905,1428,2026-05-29,Midwest,completed
7906,1438,2026-05-14,Southwest,completed
7907,2843,2025-11-21,Southeast,cancelled
7908,4289,2024-01-14,Midwest,completed
7909,3260,2025-04-13,West,completed
7910,1001,2025-05-26,Southwest,completed
7911,2499,2025-03-24,Southwest,completed
7912,2966,2026-02-25,Midwest,cancelled
7913,1894,2025-02-07,Midwest,completed
7914,1561,2025-12-15,Midwest,completed
7915,901,2025-10-30,Southeast,completed
7916,2290,2025-11-18,Southwest,completed
7917,3192,2026-06-15,West,completed
7918,3106,2024-11-07,Midwest,completed
7919,2588,2025-04-10,Northeast,returned
7920,4086,2024-01-28,Southeast,completed
7921,2322,2024-08-03,West,completed
7922,3313,2025-10-01,Northeast,completed
7923,1250,2024-10-04,Midwest,cancelled
7924,316,2024-12-25,Southeast,completed
7925,619,2024-03-27,Southwest,completed
7926,901,2025-10-21,Southeast,completed
7927,3796,2024-02-14,Southwest,returned
7928,4669,2025-05-30,West,completed
7929,3509,2026-06-24,Southwest,completed
7930,684,2025-07-28,Southeast,completed
7931,2618,2025-12-13,Southwest,completed
7932,149,2024-09-16,Southwest,completed
7933,2548,2025-12-07,Northeast,returned
7934,3728,2024-09-01,Northeast,returned
7935,923,2025-09-08,Northeast,completed
7936,1972,2025-04-23,Northeast,completed
7937,1294,2025-03-02,Northeast,completed
7938,563,2025-07-14,Southeast,completed
7939,3011,2025-03-26,Southwest,completed
7940,366,2025-10-06,Midwest,completed
7941,280,2024-12-11,Midwest,completed
7942,4972,2024-01-03,West,completed
7943,3246,2024-11-01,Northeast,completed
7944,4592,2026-01-07,Southwest,completed
7945,1316,2026-07-15,Southwest,returned
7946,2797,2024-08-12,Southwest,completed
7947,2625,2025-04-27,Southeast,completed
7948,142,2024-12-17,Northeast,completed
7949,4007,2024-09-01,Midwest,completed
7950,722,2024-07-29,Southeast,completed
7951,1547,2025-01-01,Northeast,completed
7952,641,2025-06-08,Southwest,completed
7953,1113,2024-06-28,Southwest,completed
7954,303,2025-07-03,Southwest,completed
7955,2787,2025-06-01,Northeast,completed
7956,2932,2025-12-02,Northeast,completed
7957,1579,2026-07-07,Southeast,completed
7958,93,2024-03-22,Midwest,completed
7959,4453,2024-08-05,Southwest,completed
7960,3842,2025-08-27,West,completed
7961,1696,2025-06-15,Southeast,completed
7962,3080,2026-01-22,Northeast,completed
7963,2771,2024-11-15,West,completed
7964,2918,2024-02-10,Southwest,completed
7965,3527,2025-11-19,Southwest,completed
7966,4682,2025-02-09,Southeast,completed
7967,589,2025-10-06,Southwest,completed
7968,3501,2024-07-07,Northeast,completed
7969,3225,2026-06-14,West,completed
7970,2005,2026-07-06,Southwest,completed
7971,1164,2024-12-04,Southeast,completed
7972,4712,2026-03-13,Southeast,completed
7973,1459,2025-03-06,Southwest,completed
7974,4028,2024-03-18,West,completed
7975,3754,2025-05-07,West,completed
7976,1143,2024-06-23,West,completed
7977,2635,2024-04-15,Southeast,completed
7978,3347,2024-09-20,Southeast,completed
7979,4688,2026-08-04,Northeast,cancelled
7980,4899,2024-10-20,Midwest,completed
7981,4795,2025-06-22,West,returned
7982,991,2026-07-30,Midwest,cancelled
7983,3684,2024-07-03,West,cancelled
7984,3446,2025-02-09,Midwest,completed
7985,1848,2024-03-28,Midwest,completed
7986,31,2025-10-19,Southwest,completed
7987,2722,2026-06-13,West,completed
7988,4184,2025-06-26,Southeast,completed
7989,3223,2024-02-27,Southwest,completed
7990,27,2024-05-20,Northeast,completed
7991,1075,2024-10-12,Southeast,completed
7992,1369,2025-06-12,Midwest,completed
7993,3112,2024-05-13,Southeast,completed
7994,1953,2024-09-25,Southeast,completed
7995,2187,2025-02-16,Southwest,completed
7996,4922,2024-04-13,West,completed
7997,2146,2025-08-22,Southwest,completed
7998,1735,2024-03-04,West,completed
7999,2616,2024-12-16,Southeast,completed
8000,4276,2024-07-09,Southwest,completed
8001,2294,2026-05-23,Midwest,completed
8002,306,2026-01-19,Midwest,completed
8003,4406,2024-11-21,West,completed
8004,3402,2025-07-03,Midwest,completed
8005,3761,2026-06-19,West,completed
8006,2548,2026-05-27,Northeast,completed
8007,886,2024-04-07,Southeast,completed
8008,1336,2026-06-24,West,completed
8009,2145,2026-05-21,Northeast,completed
8010,3039,2026-05-29,Southwest,completed
8011,4772,2024-12-05,West,completed
8012,3579,2025-02-11,Southwest,completed
8013,1591,2026-06-11,West,completed
8014,1589,2025-03-04,Midwest,completed
8015,4299,2024-04-05,Southwest,completed
8016,4763,2025-10-31,Southwest,completed
8017,1771,2024-09-16,Midwest,completed
8018,3293,2026-02-08,West,completed
8019,3880,2024-04-04,Southeast,completed
8020,3617,2025-07-27,Southeast,completed
8021,331,2024-01-18,Southeast,completed
8022,3339,2024-11-09,West,returned
8023,3070,2025-03-28,Southwest,completed
8024,1324,2026-02-26,Northeast,completed
8025,2480,2025-02-18,Northeast,completed
8026,1041,2024-11-07,Northeast,completed
8027,2323,2024-11-11,Southeast,returned
8028,4245,2024-07-26,Midwest,completed
8029,2507,2026-04-30,Northeast,completed
8030,1652,2024-10-08,Midwest,completed
8031,378,2025-06-16,West,completed
8032,4939,2025-02-26,West,completed
8033,968,2025-06-11,Midwest,completed
8034,1021,2025-06-11,Northeast,completed
8035,4781,2024-05-21,Northeast,completed
8036,4429,2025-08-27,Northeast,completed
8037,3465,2025-05-15,Midwest,completed
8038,2953,2024-12-18,West,completed
8039,1019,2024-09-01,West,completed
8040,1955,2024-02-22,Northeast,completed
8041,3711,2025-08-06,Southeast,completed
8042,3741,2025-04-30,Southeast,completed
8043,1003,2025-09-18,Midwest,completed
8044,4759,2025-03-15,West,returned
8045,1900,2024-09-15,Southeast,completed
8046,2692,2024-02-17,Northeast,completed
8047,3194,2025-05-28,Southwest,completed
8048,4845,2024-12-06,Southeast,completed
8049,1970,2024-07-23,Southeast,completed
8050,2263,2024-07-27,Midwest,returned
8051,1650,2024-03-30,Midwest,completed
8052,2573,2024-01-10,Southwest,returned
8053,2407,2024-10-05,West,completed
8054,718,2024-07-08,West,completed
8055,1719,2025-05-16,Southwest,completed
8056,4622,2025-07-30,Southeast,completed
8057,2037,2025-09-25,Southeast,completed
8058,1209,2026-06-18,Midwest,completed
8059,2872,2025-03-29,Southwest,cancelled
8060,2097,2025-11-10,Southeast,cancelled
8061,2085,2025-09-09,Southeast,completed
8062,3235,2025-04-15,Southwest,completed
8063,4640,2026-05-01,Southwest,completed
8064,4831,2026-07-31,West,completed
8065,1911,2024-02-03,Midwest,completed
8066,1252,2024-05-09,Southeast,completed
8067,3427,2025-02-28,Southeast,completed
8068,2940,2026-05-28,West,completed
8069,2131,2025-11-16,Northeast,completed
8070,3692,2026-02-16,Midwest,completed
8071,733,2024-08-19,Midwest,completed
8072,1446,2025-05-13,Southeast,completed
8073,1599,2024-09-26,Northeast,completed
8074,1035,2025-01-20,Midwest,returned
8075,2839,2024-03-16,Midwest,completed
8076,4714,2026-07-02,Southeast,completed
8077,3316,2024-04-24,Northeast,completed
8078,4634,2024-09-06,West,completed
8079,3142,2025-07-19,Midwest,completed
8080,675,2025-12-03,West,completed
8081,283,2024-03-08,Southeast,completed
8082,4299,2024-04-25,Southwest,completed
8083,4996,2024-09-24,Northeast,completed
8084,1429,2024-06-13,West,completed
8085,1765,2024-09-05,Midwest,completed
8086,4540,2024-12-06,West,completed
8087,4315,2024-08-12,Southwest,completed
8088,1875,2024-07-29,Southwest,completed
8089,980,2024-09-04,Midwest,completed
8090,1335,2026-05-16,Southeast,completed
8091,1608,2026-05-27,Northeast,completed
8092,1788,2026-05-25,Northeast,completed
8093,618,2025-07-14,Midwest,completed
8094,930,2025-03-19,Southwest,completed
8095,4237,2024-05-21,Midwest,completed
8096,1386,2025-03-14,Northeast,completed
8097,3317,2025-11-19,Midwest,completed
8098,4132,2024-03-05,West,completed
8099,941,2025-04-23,Southeast,completed
8100,4553,2025-09-30,Southwest,completed
8101,4657,2026-08-09,Midwest,completed
8102,1994,2025-07-31,Northeast,completed
8103,4444,2024-10-26,Northeast,completed
8104,1398,2026-01-01,Northeast,completed
8105,3529,2025-05-13,Northeast,completed
8106,3213,2024-01-05,Southwest,completed
8107,5,2026-03-26,West,completed
8108,4667,2026-01-10,Northeast,returned
8109,2548,2024-05-15,Northeast,completed
8110,3148,2026-06-14,West,completed
8111,446,2024-06-11,West,completed
8112,3298,2024-10-07,Southeast,completed
8113,4462,2026-06-13,Midwest,completed
8114,2184,2024-01-26,Southwest,completed
8115,1278,2024-01-08,West,completed
8116,2239,2024-03-22,Southeast,completed
8117,3147,2025-01-25,Southeast,returned
8118,2529,2026-02-11,Southwest,cancelled
8119,3779,2024-06-14,Southwest,completed
8120,3459,2024-08-22,Midwest,returned
8121,2748,2025-01-26,Midwest,completed
8122,4350,2024-01-15,Midwest,cancelled
8123,44,2024-02-28,Southeast,cancelled
8124,2166,2024-09-23,Midwest,completed
8125,4273,2025-11-04,Southwest,completed
8126,4619,2024-03-09,Southeast,cancelled
8127,1735,2024-02-16,West,completed
8128,1905,2024-11-17,Southeast,completed
8129,2180,2025-04-09,Southeast,completed
8130,3409,2024-01-28,Southwest,completed
8131,681,2024-02-25,West,completed
8132,902,2026-01-17,Southwest,completed
8133,4036,2024-04-27,Southeast,completed
8134,2618,2024-01-23,Southwest,completed
8135,4379,2024-07-08,Southeast,completed
8136,1726,2026-06-23,Midwest,completed
8137,4300,2026-08-19,West,completed
8138,2216,2025-09-24,Northeast,completed
8139,4222,2025-01-07,Midwest,completed
8140,2959,2026-07-30,Northeast,completed
8141,2529,2025-03-04,Southwest,completed
8142,2365,2025-02-11,West,completed
8143,3335,2025-09-24,Southeast,completed
8144,4440,2025-07-02,West,completed
8145,3398,2024-07-31,Southeast,completed
8146,3322,2026-03-24,Southeast,completed
8147,2989,2025-07-03,Southwest,completed
8148,818,2024-06-03,Southeast,completed
8149,2248,2026-02-23,Midwest,completed
8150,4604,2024-11-07,West,completed
8151,4142,2026-06-02,West,completed
8152,3007,2025-07-29,Northeast,completed
8153,1641,2026-06-06,West,completed
8154,2025,2026-05-05,Northeast,completed
8155,1873,2024-12-27,Northeast,completed
8156,367,2024-01-18,West,completed
8157,4748,2025-12-14,West,completed
8158,686,2026-03-19,West,completed
8159,1665,2026-02-10,Northeast,completed
8160,4515,2025-02-27,West,completed
8161,822,2026-03-22,West,completed
8162,697,2025-02-22,Southeast,completed
8163,342,2024-08-22,Northeast,completed
8164,977,2024-03-31,Midwest,completed
8165,2139,2024-09-19,Southwest,completed
8166,3277,2024-06-07,Northeast,completed
8167,3987,2025-08-07,Northeast,completed
8168,3879,2025-07-18,Southeast,completed
8169,651,2026-05-13,Midwest,completed
8170,1818,2026-06-19,West,completed
8171,2834,2024-12-09,West,completed
8172,3089,2025-05-23,Northeast,completed
8173,4770,2026-02-06,Southwest,completed
8174,3774,2025-11-11,Southwest,returned
8175,653,2026-05-20,Southwest,completed
8176,2363,2025-02-20,Southwest,returned
8177,4739,2025-02-17,Southwest,completed
8178,2960,2025-04-29,Southwest,completed
8179,3609,2024-09-06,West,completed
8180,4606,2024-10-10,West,completed
8181,1701,2024-12-31,Southwest,completed
8182,1952,2024-01-11,Southwest,completed
8183,4275,2025-07-06,Northeast,completed
8184,2843,2025-06-23,Southeast,completed
8185,3294,2026-03-07,Midwest,completed
8186,2349,2026-06-27,Northeast,completed
8187,4998,2024-05-22,Southeast,completed
8188,3446,2025-02-19,Midwest,completed
8189,529,2024-09-28,West,completed
8190,4735,2024-08-08,West,completed
8191,3000,2024-10-30,Northeast,completed
8192,2873,2026-07-28,West,completed
8193,2215,2024-08-24,Northeast,completed
8194,6,2025-08-22,Midwest,completed
8195,77,2026-06-10,Northeast,completed
8196,2430,2025-06-06,Northeast,completed
8197,4398,2025-07-05,Midwest,completed
8198,4986,2026-08-11,Southwest,completed
8199,1602,2025-05-26,Northeast,completed
8200,204,2025-03-07,Northeast,completed
8201,3146,2025-08-09,Northeast,completed
8202,945,2026-01-20,Southwest,completed
8203,924,2024-07-21,Southwest,completed
8204,2062,2024-08-29,Southeast,completed
8205,4221,2026-08-02,Southwest,completed
8206,383,2024-04-18,Southwest,completed
8207,4827,2026-02-20,Southwest,completed
8208,4845,2024-02-20,Southeast,completed
8209,3349,2025-07-07,Northeast,returned
8210,2814,2024-07-09,Midwest,completed
8211,65,2024-08-19,Southwest,completed
8212,1773,2024-06-19,Southwest,completed
8213,2852,2024-05-26,Midwest,completed
8214,4483,2024-07-18,West,completed
8215,3530,2025-03-25,Northeast,completed
8216,3221,2026-04-02,Southeast,completed
8217,596,2024-05-24,West,completed
8218,1019,2025-01-04,West,cancelled
8219,1392,2026-06-03,West,completed
8220,3631,2025-11-30,Northeast,completed
8221,4309,2026-04-15,West,completed
8222,4157,2026-01-12,Midwest,completed
8223,578,2026-02-26,Midwest,completed
8224,1454,2025-10-19,Southwest,cancelled
8225,1347,2024-02-28,Northeast,completed
8226,1308,2025-07-25,Southwest,completed
8227,1473,2025-01-09,Southwest,completed
8228,3411,2024-10-08,Southeast,completed
8229,3535,2025-02-01,West,cancelled
8230,2402,2025-04-17,Northeast,completed
8231,4595,2026-01-05,Midwest,completed
8232,310,2026-08-11,Midwest,completed
8233,3555,2025-02-28,West,completed
8234,3356,2025-05-22,Southwest,completed
8235,606,2026-07-22,Northeast,completed
8236,3958,2025-10-14,Southeast,completed
8237,3102,2025-10-21,West,completed
8238,674,2024-07-20,Midwest,completed
8239,1174,2024-05-14,Midwest,completed
8240,4957,2024-12-29,West,completed
8241,1642,2025-03-11,Southeast,completed
8242,905,2025-05-17,Midwest,completed
8243,2271,2024-06-16,West,completed
8244,346,2026-08-24,Southeast,completed
8245,3068,2025-01-02,Southwest,completed
8246,3103,2024-02-02,Midwest,completed
8247,1773,2025-11-18,Southwest,completed
8248,2925,2025-08-24,Southwest,completed
8249,3084,2025-05-13,Southwest,completed
8250,514,2025-05-02,Midwest,returned
8251,823,2025-01-03,Southeast,completed
8252,3438,2024-11-18,Midwest,completed
8253,470,2024-07-19,Southeast,completed
8254,4495,2026-04-10,Northeast,completed
8255,4925,2024-05-02,Midwest,completed
8256,3438,2026-06-10,Midwest,completed
8257,4281,2024-03-22,Northeast,completed
8258,59,2025-09-30,Southwest,cancelled
8259,2304,2025-08-20,Southeast,completed
8260,803,2024-08-29,Midwest,completed
8261,2689,2025-01-02,Southeast,completed
8262,2584,2026-06-09,West,completed
8263,3262,2026-05-24,Northeast,returned
8264,203,2024-01-23,Southeast,completed
8265,3670,2024-05-14,West,completed
8266,3480,2025-04-25,Southeast,completed
8267,618,2026-08-12,Midwest,cancelled
8268,1758,2024-01-07,Southwest,completed
8269,1003,2025-07-02,Midwest,completed
8270,3989,2025-02-21,West,completed
8271,3809,2026-07-16,Midwest,completed
8272,3567,2024-09-26,Northeast,completed
8273,219,2026-01-10,Northeast,completed
8274,1102,2025-10-29,Southwest,completed
8275,2399,2024-02-19,Midwest,completed
8276,2682,2026-04-03,Southeast,completed
8277,2684,2025-07-20,West,completed
8278,1535,2026-04-15,West,completed
8279,3621,2026-01-22,Midwest,completed
8280,316,2024-07-08,Southeast,completed
8281,1665,2024-04-21,Northeast,completed
8282,4039,2025-10-17,Midwest,completed
8283,3623,2025-04-09,Southwest,completed
8284,3338,2024-04-17,Northeast,completed
8285,938,2025-02-12,West,completed
8286,3805,2024-10-11,Midwest,completed
8287,2843,2025-12-28,Southeast,completed
8288,162,2024-12-29,Southeast,completed
8289,4984,2024-06-17,West,completed
8290,2742,2024-01-09,West,completed
8291,1683,2024-10-01,Northeast,completed
8292,3141,2026-04-14,West,completed
8293,1743,2024-01-15,Southwest,completed
8294,2158,2024-06-19,Northeast,completed
8295,751,2025-12-26,Southwest,cancelled
8296,4435,2026-01-14,Southeast,completed
8297,4733,2024-08-03,Southeast,cancelled
8298,340,2024-10-23,West,completed
8299,2934,2025-07-17,West,completed
8300,967,2024-04-01,West,returned
8301,417,2024-07-16,Southwest,completed
8302,937,2025-11-25,Northeast,completed
8303,3200,2025-06-21,Northeast,completed
8304,543,2025-03-04,Northeast,completed
8305,1896,2025-01-26,West,completed
8306,2315,2024-08-26,Midwest,returned
8307,1248,2026-03-07,Midwest,completed
8308,1640,2025-07-29,Midwest,completed
8309,3647,2026-07-26,West,completed
8310,4932,2024-10-15,Northeast,completed
8311,3804,2024-01-20,West,completed
8312,4498,2025-04-08,Southeast,completed
8313,4906,2026-05-26,Midwest,completed
8314,2486,2024-12-09,Midwest,completed
8315,838,2025-02-20,Southeast,completed
8316,2942,2025-09-13,West,completed
8317,693,2024-02-12,Southwest,completed
8318,1650,2026-06-25,Midwest,completed
8319,653,2026-03-23,Southwest,completed
8320,4760,2024-08-11,Midwest,completed
8321,4967,2025-12-18,Southwest,returned
8322,1618,2025-09-06,Midwest,completed
8323,4176,2026-07-03,Northeast,completed
8324,1652,2024-05-21,Midwest,returned
8325,2621,2024-03-07,Northeast,completed
8326,151,2025-04-15,Midwest,completed
8327,933,2025-06-29,Southwest,completed
8328,391,2026-02-14,Northeast,returned
8329,131,2026-01-10,Northeast,cancelled
8330,1273,2024-09-26,West,cancelled
8331,2066,2024-12-04,Southeast,completed
8332,676,2024-03-07,Northeast,completed
8333,3662,2025-05-10,Southwest,completed
8334,2839,2025-01-04,Midwest,completed
8335,331,2025-12-17,Southeast,completed
8336,2969,2025-03-26,Southwest,completed
8337,4467,2025-03-20,Midwest,completed
8338,569,2024-06-20,Midwest,completed
8339,287,2025-05-22,Midwest,completed
8340,4053,2025-10-14,Northeast,completed
8341,3261,2026-03-10,Midwest,completed
8342,4004,2026-08-21,Midwest,completed
8343,1841,2024-10-26,West,completed
8344,3246,2024-01-11,Northeast,completed
8345,1651,2026-01-23,West,completed
8346,368,2025-04-29,Southeast,completed
8347,2987,2026-08-05,Southeast,completed
8348,2717,2026-06-08,West,completed
8349,3176,2025-06-28,Southeast,completed
8350,1560,2025-01-21,Southeast,completed
8351,43,2025-07-21,Northeast,completed
8352,3948,2025-12-10,Southwest,completed
8353,4303,2026-06-16,Southeast,completed
8354,793,2024-03-15,West,completed
8355,4618,2026-02-09,Southwest,completed
8356,1659,2026-07-23,Southeast,returned
8357,4513,2024-10-28,Southwest,completed
8358,871,2026-05-31,Midwest,completed
8359,3714,2025-04-29,Southwest,completed
8360,4450,2026-08-01,Northeast,completed
8361,1128,2024-01-21,Northeast,completed
8362,3565,2024-05-19,Northeast,completed
8363,1374,2025-07-27,Southeast,completed
8364,4997,2024-01-15,Southwest,completed
8365,1188,2024-10-30,West,completed
8366,4654,2025-12-01,Northeast,completed
8367,283,2024-12-09,Southeast,completed
8368,1077,2025-07-24,Southwest,completed
8369,2794,2026-01-04,West,completed
8370,2885,2024-07-26,Southwest,completed
8371,2141,2024-08-30,Northeast,completed
8372,4496,2025-07-11,Southeast,completed
8373,457,2024-05-29,Midwest,completed
8374,4687,2025-03-20,Southwest,completed
8375,2936,2025-02-12,West,completed
8376,4056,2025-05-07,Midwest,completed
8377,1898,2026-05-15,Northeast,completed
8378,334,2026-08-04,Southeast,completed
8379,2348,2026-04-28,Southwest,returned
8380,3929,2024-11-06,West,cancelled
8381,3038,2026-05-28,West,completed
8382,4324,2025-10-03,West,cancelled
8383,1488,2024-06-28,Northeast,completed
8384,1520,2026-07-27,West,completed
8385,1247,2026-01-31,Midwest,returned
8386,399,2026-07-25,Northeast,cancelled
8387,1212,2024-10-08,Northeast,completed
8388,1044,2025-01-13,West,returned
8389,3644,2025-07-06,Southeast,completed
8390,1064,2026-02-16,Northeast,completed
8391,2814,2024-03-06,Midwest,completed
8392,2231,2024-04-16,Midwest,completed
8393,1472,2025-09-08,West,completed
8394,815,2026-06-17,Midwest,completed
8395,2897,2024-02-24,Southwest,cancelled
8396,1986,2024-09-07,Southeast,completed
8397,234,2024-09-30,Southwest,completed
8398,392,2025-02-14,Southeast,completed
8399,1958,2025-10-23,Southeast,returned
8400,2725,2024-06-16,Southwest,completed
8401,878,2024-05-17,Southeast,completed
8402,4034,2024-05-24,West,completed
8403,4819,2025-09-07,Southwest,returned
8404,4951,2025-09-14,Southeast,completed
8405,1241,2024-09-09,Midwest,completed
8406,4866,2024-04-30,Southwest,completed
8407,2159,2026-02-01,Midwest,completed
8408,3569,2024-09-05,Northeast,completed
8409,472,2025-04-19,Southwest,completed
8410,4078,2024-05-20,Southeast,completed
8411,1111,2025-10-19,Midwest,completed
8412,509,2026-05-17,Midwest,completed
8413,2184,2026-06-02,Southwest,completed
8414,2948,2025-04-19,West,completed
8415,507,2025-08-29,Southwest,completed
8416,3471,2024-05-23,Northeast,completed
8417,2899,2025-06-27,West,cancelled
8418,805,2025-11-11,Southwest,completed
8419,3387,2024-10-25,West,completed
8420,1891,2024-02-09,Southeast,completed
8421,1220,2024-11-12,Southwest,completed
8422,2507,2024-07-19,Northeast,completed
8423,4059,2026-06-27,Northeast,completed
8424,3835,2024-12-04,Midwest,completed
8425,3504,2025-05-26,Midwest,completed
8426,696,2024-10-23,Midwest,completed
8427,3428,2024-11-29,Northeast,completed
8428,2974,2025-11-29,Southwest,completed
8429,3215,2024-11-29,Northeast,completed
8430,1573,2026-04-19,Southeast,completed
8431,958,2025-11-03,Southwest,completed
8432,3363,2025-05-09,Southeast,completed
8433,650,2024-08-22,West,completed
8434,4331,2024-04-07,West,completed
8435,4803,2025-01-13,West,completed
8436,2450,2025-06-22,Northeast,completed
8437,4724,2024-03-21,Southeast,completed
8438,3989,2024-12-20,West,completed
8439,3197,2024-11-23,Northeast,completed
8440,779,2025-02-09,West,completed
8441,2044,2024-02-11,Southeast,completed
8442,2593,2024-03-14,Northeast,completed
8443,4443,2026-02-03,Southeast,completed
8444,2140,2024-07-26,Southwest,completed
8445,4596,2024-05-16,West,completed
8446,2353,2025-08-25,West,completed
8447,2642,2024-08-15,Southeast,completed
8448,3088,2025-12-23,Southwest,completed
8449,3447,2025-06-09,Northeast,completed
8450,4240,2026-02-13,Northeast,completed
8451,3391,2024-12-04,Southeast,completed
8452,1070,2025-09-29,Southwest,completed
8453,4045,2025-01-31,Southwest,completed
8454,128,2025-04-21,Northeast,completed
8455,4478,2024-01-28,West,completed
8456,3917,2026-01-13,West,completed
8457,2560,2025-05-24,West,completed
8458,2959,2025-03-20,Northeast,completed
8459,2011,2026-07-09,Southeast,completed
8460,1401,2025-03-01,Northeast,completed
8461,89,2025-08-01,Northeast,cancelled
8462,1290,2025-06-14,West,completed
8463,4656,2024-04-02,Southwest,completed
8464,2647,2024-09-01,Southeast,completed
8465,286,2025-11-21,Southwest,completed
8466,2096,2024-10-09,Southeast,returned
8467,4789,2024-05-19,Southeast,completed
8468,231,2025-10-16,Northeast,completed
8469,2162,2024-10-15,Northeast,completed
8470,3806,2026-07-22,Southeast,completed
8471,1081,2025-04-05,West,completed
8472,1363,2024-01-31,West,completed
8473,2300,2026-07-21,Southeast,completed
8474,4786,2026-02-02,Southeast,completed
8475,3506,2025-10-08,Southwest,returned
8476,4621,2025-10-05,Northeast,returned
8477,3383,2024-11-22,Midwest,completed
8478,4631,2024-01-09,Southeast,completed
8479,3424,2025-11-25,West,returned
8480,1747,2026-02-11,Midwest,completed
8481,2983,2026-08-13,Midwest,cancelled
8482,3078,2024-10-01,Southeast,completed
8483,148,2025-07-18,Midwest,completed
8484,4223,2025-08-29,Southwest,completed
8485,4343,2025-07-24,West,returned
8486,3504,2026-03-23,Midwest,completed
8487,3426,2025-03-09,Southwest,completed
8488,2629,2026-05-14,Southwest,cancelled
8489,4306,2024-01-28,Southeast,completed
8490,551,2026-08-20,Southwest,returned
8491,895,2026-02-20,West,completed
8492,1998,2024-12-12,Northeast,cancelled
8493,1116,2024-10-05,Southeast,completed
8494,1506,2025-12-02,Southwest,completed
8495,3995,2025-10-22,Southeast,completed
8496,4162,2024-05-19,Southwest,completed
8497,3195,2025-03-16,Southeast,completed
8498,417,2026-04-25,Southwest,completed
8499,4570,2025-10-27,Northeast,completed
8500,2782,2025-06-30,Southeast,returned
8501,3645,2025-12-17,Midwest,completed
8502,2051,2025-05-31,Midwest,completed
8503,3260,2025-07-28,West,completed
8504,742,2025-05-04,Southeast,completed
8505,4606,2025-03-19,West,completed
8506,4470,2024-06-21,Midwest,completed
8507,4867,2024-10-30,Northeast,completed
8508,1544,2025-07-29,Southwest,completed
8509,1549,2024-03-02,Southwest,completed
8510,313,2025-01-02,West,completed
8511,3658,2024-09-18,Southeast,completed
8512,364,2026-02-23,Northeast,completed
8513,2504,2024-09-03,Southwest,completed
8514,2108,2024-04-24,Midwest,completed
8515,2576,2026-03-26,Midwest,completed
8516,2192,2024-05-17,Southeast,cancelled
8517,2939,2024-07-08,Midwest,completed
8518,3578,2026-05-14,Midwest,completed
8519,3151,2024-11-02,Northeast,completed
8520,3065,2025-06-01,Southwest,completed
8521,1436,2026-04-03,Southeast,completed
8522,503,2024-05-21,Midwest,completed
8523,4601,2026-06-12,Southeast,completed
8524,662,2025-07-31,Midwest,completed
8525,4694,2025-11-12,Midwest,completed
8526,1155,2025-03-26,Midwest,completed
8527,2654,2026-08-20,Midwest,completed
8528,4173,2024-01-21,Midwest,completed
8529,782,2025-11-02,Northeast,completed
8530,4410,2024-04-27,Southeast,completed
8531,217,2025-11-07,Midwest,completed
8532,4463,2025-04-23,Midwest,completed
8533,3681,2025-09-29,West,completed
8534,3181,2026-02-09,Northeast,completed
8535,4900,2025-07-06,Northeast,completed
8536,1781,2025-12-11,Northeast,completed
8537,4409,2024-03-16,Southeast,returned
8538,3696,2025-02-09,West,completed
8539,2005,2025-03-19,Southwest,completed
8540,3946,2026-06-21,Southwest,completed
8541,134,2024-02-29,Midwest,completed
8542,53,2024-12-17,Northeast,completed
8543,4358,2024-04-20,Southwest,completed
8544,1216,2025-05-03,Southwest,completed
8545,2407,2025-02-25,West,completed
8546,2843,2025-04-03,Southeast,completed
8547,823,2025-04-20,Southeast,completed
8548,3487,2025-11-22,Southeast,cancelled
8549,1598,2024-12-29,Northeast,completed
8550,3366,2026-06-15,Northeast,completed
8551,476,2025-04-16,West,completed
8552,1091,2026-07-26,Northeast,completed
8553,3879,2025-05-13,Southeast,completed
8554,648,2025-04-07,Southwest,completed
8555,2361,2024-07-15,Southwest,completed
8556,4820,2024-09-25,Northeast,completed
8557,3097,2026-02-22,Southwest,completed
8558,4156,2026-06-05,Southwest,completed
8559,1825,2024-03-26,Southeast,completed
8560,780,2025-03-03,Southwest,completed
8561,3940,2025-05-25,Midwest,completed
8562,1337,2024-01-08,West,completed
8563,4806,2024-04-13,Northeast,completed
8564,4558,2024-10-10,West,completed
8565,769,2024-11-14,Southwest,completed
8566,4460,2024-02-04,Southeast,completed
8567,31,2026-06-06,Southwest,completed
8568,1108,2024-10-25,West,completed
8569,3544,2025-12-07,Southeast,completed
8570,2425,2024-05-05,Northeast,completed
8571,3923,2026-03-28,Midwest,returned
8572,1115,2025-03-22,Southwest,completed
8573,3207,2025-03-24,Midwest,completed
8574,405,2024-09-25,West,completed
8575,3677,2025-01-16,Southeast,completed
8576,2755,2026-02-17,Northeast,completed
8577,2934,2026-01-13,West,completed
8578,148,2024-02-01,Midwest,completed
8579,4513,2026-07-15,Southwest,completed
8580,2277,2024-09-08,Southeast,completed
8581,1299,2024-12-10,Northeast,completed
8582,1149,2025-08-20,Southeast,completed
8583,4709,2026-04-10,Southwest,completed
8584,2414,2024-08-26,Southwest,completed
8585,906,2025-12-11,West,completed
8586,1973,2026-08-09,Southeast,completed
8587,3759,2026-03-22,West,completed
8588,2848,2024-01-08,Midwest,completed
8589,4321,2025-09-23,Southwest,completed
8590,1538,2024-07-12,Southwest,returned
8591,2809,2025-08-01,West,completed
8592,2071,2025-08-30,Southwest,completed
8593,187,2025-05-17,Northeast,completed
8594,4806,2024-10-20,Northeast,completed
8595,4210,2024-11-14,Midwest,completed
8596,3596,2025-03-25,Northeast,completed
8597,1066,2025-03-12,Northeast,completed
8598,160,2024-05-23,West,completed
8599,2194,2026-05-02,West,completed
8600,1203,2026-06-15,West,completed
8601,4474,2024-10-17,West,completed
8602,251,2025-11-11,Southeast,completed
8603,4352,2026-01-20,Southwest,completed
8604,818,2026-05-24,Southeast,completed
8605,1850,2024-06-17,Southwest,completed
8606,2203,2026-03-03,Southeast,completed
8607,2591,2026-06-05,Southwest,completed
8608,4871,2025-09-23,Northeast,completed
8609,1870,2024-09-07,Southeast,completed
8610,310,2025-04-15,Midwest,completed
8611,2743,2026-03-01,Southwest,completed
8612,4567,2026-04-22,West,completed
8613,4180,2024-06-11,Northeast,completed
8614,3497,2025-01-30,Southwest,completed
8615,239,2025-04-04,Southwest,completed
8616,1967,2024-11-27,Northeast,completed
8617,4736,2025-04-27,Southeast,completed
8618,4898,2024-06-29,West,completed
8619,2838,2025-03-22,Northeast,completed
8620,78,2026-06-01,Northeast,completed
8621,3542,2026-04-19,Northeast,completed
8622,1236,2026-05-19,Southeast,completed
8623,1332,2026-05-21,Midwest,completed
8624,499,2025-01-14,Northeast,completed
8625,4415,2024-06-29,Midwest,completed
8626,2623,2026-03-05,West,completed
8627,1261,2024-08-11,Southwest,completed
8628,3492,2025-12-18,West,completed
8629,4306,2024-09-27,Southeast,completed
8630,2976,2024-06-23,Northeast,returned
8631,81,2024-03-19,Southeast,completed
8632,1289,2025-09-28,Southeast,completed
8633,4125,2026-02-12,Southeast,completed
8634,2918,2026-06-16,Southwest,completed
8635,330,2026-02-07,West,completed
8636,2593,2026-02-07,Northeast,completed
8637,4692,2025-01-12,Midwest,cancelled
8638,2215,2024-11-10,Northeast,completed
8639,2251,2024-11-23,Midwest,completed
8640,4911,2026-07-23,Southeast,completed
8641,3992,2024-04-22,Southwest,completed
8642,2333,2025-10-08,Southwest,completed
8643,1592,2025-09-06,Midwest,cancelled
8644,4150,2025-03-27,Northeast,completed
8645,1394,2024-03-20,Southeast,completed
8646,4289,2025-08-01,Midwest,completed
8647,2974,2024-04-08,Southwest,completed
8648,2425,2025-06-15,Northeast,completed
8649,1747,2025-06-21,Midwest,completed
8650,3263,2025-12-06,Southwest,completed
8651,2022,2026-07-14,Midwest,completed
8652,1890,2026-06-26,West,completed
8653,3200,2024-02-18,Northeast,returned
8654,3225,2024-01-11,West,completed
8655,1704,2025-01-26,Northeast,completed
8656,1348,2024-02-03,Southwest,completed
8657,1807,2026-04-14,West,completed
8658,2721,2026-05-02,Midwest,cancelled
8659,3546,2024-08-25,Southeast,completed
8660,2028,2025-08-30,Southwest,completed
8661,1614,2026-08-15,Southwest,cancelled
8662,4834,2025-01-04,West,completed
8663,2592,2026-02-18,Northeast,completed
8664,657,2024-07-17,West,completed
8665,4601,2026-02-26,Southeast,cancelled
8666,4960,2025-01-02,Southwest,completed
8667,4087,2026-02-19,Southeast,completed
8668,32,2025-07-06,Northeast,completed
8669,313,2024-10-21,West,completed
8670,3942,2025-07-24,Northeast,completed
8671,1424,2025-05-07,West,completed
8672,4705,2025-08-10,Midwest,returned
8673,2897,2025-02-01,Southwest,completed
8674,1848,2025-12-25,Midwest,completed
8675,237,2026-08-08,Northeast,completed
8676,1068,2026-08-11,Midwest,completed
8677,941,2026-04-26,Southeast,completed
8678,4811,2025-12-08,Southeast,returned
8679,2034,2026-03-15,Southeast,completed
8680,74,2025-06-16,Southeast,completed
8681,4620,2024-09-23,Southwest,completed
8682,995,2025-12-06,Northeast,cancelled
8683,44,2024-03-19,Southeast,completed
8684,4073,2025-12-15,Northeast,completed
8685,2408,2025-05-05,Northeast,completed
8686,240,2025-05-26,Midwest,completed
8687,4791,2025-10-28,Southeast,completed
8688,736,2024-03-24,Southwest,completed
8689,2172,2025-03-14,Midwest,completed
8690,138,2024-04-24,Northeast,completed
8691,4073,2025-07-11,Northeast,completed
8692,3564,2024-04-15,Midwest,completed
8693,803,2024-10-14,Midwest,completed
8694,4161,2024-02-12,Midwest,completed
8695,308,2025-12-04,Southeast,completed
8696,2301,2024-11-26,Southeast,completed
8697,4524,2025-12-09,Southeast,completed
8698,344,2026-08-07,West,completed
8699,4584,2026-07-15,West,completed
8700,2470,2025-12-12,Northeast,completed
8701,4776,2025-09-06,Southwest,completed
8702,1892,2026-03-25,Northeast,completed
8703,2560,2025-07-14,West,completed
8704,228,2025-10-28,Midwest,completed
8705,1876,2024-11-16,Midwest,completed
8706,1209,2024-06-21,Midwest,completed
8707,4285,2025-03-10,Northeast,completed
8708,4044,2025-10-02,Southwest,completed
8709,1800,2024-09-27,Southeast,completed
8710,2707,2024-01-07,Northeast,completed
8711,2764,2026-07-21,Midwest,completed
8712,1964,2024-03-03,Southeast,completed
8713,4650,2025-05-04,Southeast,completed
8714,1011,2026-08-02,Southeast,returned
8715,601,2026-01-18,Midwest,completed
8716,1685,2025-07-04,Northeast,completed
8717,4115,2024-12-20,Midwest,completed
8718,2030,2024-02-20,Southeast,completed
8719,3665,2024-01-23,Midwest,completed
8720,1429,2025-01-11,West,completed
8721,1225,2024-03-29,West,completed
8722,3674,2024-12-30,West,completed
8723,2284,2026-01-10,Southwest,completed
8724,1305,2024-06-06,Southwest,completed
8725,793,2025-07-24,West,completed
8726,4335,2025-02-17,West,cancelled
8727,3824,2026-06-18,Northeast,completed
8728,2183,2025-03-16,Northeast,completed
8729,75,2025-07-31,Midwest,completed
8730,2736,2024-09-22,West,returned
8731,621,2024-05-30,Midwest,completed
8732,1078,2025-10-12,West,cancelled
8733,2690,2024-06-15,West,completed
8734,3295,2025-04-10,Northeast,cancelled
8735,3427,2024-06-30,Southeast,completed
8736,3627,2026-03-26,Midwest,completed
8737,1052,2025-11-17,Northeast,completed
8738,3631,2026-05-17,Northeast,completed
8739,1360,2025-06-26,Southeast,completed
8740,210,2025-03-08,Northeast,completed
8741,4690,2026-06-11,Midwest,completed
8742,3181,2026-06-03,Northeast,completed
8743,3786,2024-09-29,Southwest,returned
8744,3365,2026-07-19,Midwest,completed
8745,1234,2024-07-11,Southwest,completed
8746,2980,2025-05-08,Southeast,completed
8747,2116,2025-06-21,West,completed
8748,4542,2024-08-22,Midwest,completed
8749,918,2024-10-07,Southwest,cancelled
8750,425,2024-09-27,Midwest,completed
8751,1636,2024-01-30,Southeast,completed
8752,3572,2025-10-30,Southwest,completed
8753,1742,2025-08-01,Northeast,completed
8754,4383,2024-02-18,Southwest,completed
8755,2073,2025-11-06,Northeast,completed
8756,4392,2025-10-09,Midwest,completed
8757,4687,2025-04-08,Southwest,completed
8758,3075,2024-04-30,Southwest,completed
8759,1255,2024-09-12,Midwest,completed
8760,4699,2025-01-23,Midwest,completed
8761,1690,2025-07-15,West,completed
8762,2047,2026-01-02,Southeast,completed
8763,1818,2025-01-14,West,returned
8764,3191,2025-12-04,Northeast,completed
8765,4637,2026-06-09,Northeast,completed
8766,2118,2025-11-28,Southeast,completed
8767,4663,2025-06-06,West,completed
8768,2879,2026-07-22,Southwest,returned
8769,2921,2024-05-26,Southeast,completed
8770,368,2024-01-24,Southeast,returned
8771,2826,2024-11-10,Southwest,completed
8772,712,2026-03-09,Southeast,completed
8773,423,2024-04-19,Southwest,completed
8774,721,2026-03-07,Midwest,completed
8775,3878,2024-02-10,Midwest,completed
8776,4279,2024-04-20,Southwest,completed
8777,549,2024-05-21,Midwest,completed
8778,4454,2026-03-25,Northeast,completed
8779,156,2024-05-09,Southeast,cancelled
8780,4555,2024-10-13,Southeast,completed
8781,3235,2025-03-31,Southwest,completed
8782,1711,2024-12-25,West,returned
8783,412,2024-03-01,West,completed
8784,69,2025-11-14,Northeast,completed
8785,1752,2024-12-14,Northeast,cancelled
8786,1769,2026-06-26,Southwest,completed
8787,4897,2025-08-10,Southeast,completed
8788,2434,2025-09-02,Southwest,completed
8789,3914,2026-04-18,West,completed
8790,3555,2025-06-03,West,completed
8791,3868,2025-05-21,West,completed
8792,72,2026-01-09,West,cancelled
8793,4269,2025-04-05,Southwest,completed
8794,643,2026-05-17,West,completed
8795,3969,2026-06-06,Southeast,completed
8796,3842,2024-03-22,West,completed
8797,2166,2026-06-15,Midwest,completed
8798,901,2024-07-16,Southeast,completed
8799,3925,2025-10-31,Midwest,completed
8800,2643,2024-09-22,Southwest,completed
8801,4103,2025-03-02,Northeast,completed
8802,3264,2024-03-07,Southwest,completed
8803,3442,2024-07-28,West,completed
8804,2317,2024-11-27,Southwest,completed
8805,4362,2024-11-10,Northeast,completed
8806,4306,2025-08-02,Southeast,completed
8807,3507,2026-02-10,Midwest,completed
8808,936,2026-03-28,Northeast,cancelled
8809,4277,2024-10-09,Southwest,completed
8810,674,2024-05-12,Midwest,completed
8811,1038,2026-02-02,Southwest,completed
8812,2220,2026-06-02,West,completed
8813,583,2025-02-28,West,completed
8814,2621,2025-09-29,Northeast,completed
8815,4621,2024-11-01,Northeast,completed
8816,1798,2025-12-07,Southwest,completed
8817,796,2024-10-01,West,cancelled
8818,2293,2025-09-21,Southeast,completed
8819,118,2024-11-12,West,completed
8820,4944,2025-11-07,West,completed
8821,4831,2026-04-29,West,completed
8822,69,2026-07-26,Northeast,completed
8823,4933,2025-05-11,Midwest,returned
8824,148,2025-08-17,Midwest,completed
8825,1932,2026-02-25,Midwest,cancelled
8826,1780,2025-10-29,Midwest,completed
8827,2031,2025-11-10,West,completed
8828,481,2024-01-29,Northeast,cancelled
8829,1531,2026-06-06,Midwest,completed
8830,777,2024-06-04,Southeast,completed
8831,1668,2024-10-19,West,completed
8832,4614,2024-10-13,Southeast,completed
8833,3477,2024-05-21,Southeast,completed
8834,1472,2025-04-15,West,completed
8835,3354,2026-01-02,Southwest,completed
8836,4617,2026-08-11,Southwest,completed
8837,2259,2024-07-01,Southeast,completed
8838,2314,2026-06-04,Northeast,completed
8839,2854,2024-08-17,Midwest,completed
8840,365,2024-02-28,Midwest,completed
8841,386,2025-07-24,Southwest,completed
8842,4889,2024-08-04,Southwest,completed
8843,2150,2026-04-18,West,completed
8844,2768,2024-11-30,Midwest,completed
8845,2990,2025-08-13,Southeast,completed
8846,4584,2024-04-13,West,completed
8847,641,2024-02-09,Southwest,completed
8848,563,2025-05-28,Southeast,cancelled
8849,280,2026-01-05,Midwest,completed
8850,1284,2025-12-18,Southwest,completed
8851,4546,2024-08-06,Southeast,completed
8852,969,2024-08-05,Midwest,completed
8853,367,2025-03-11,West,completed
8854,1594,2024-12-14,Northeast,completed
8855,2233,2024-09-22,Midwest,completed
8856,3444,2024-12-16,Midwest,completed
8857,2035,2026-01-27,West,completed
8858,1735,2026-07-19,West,completed
8859,2297,2026-07-31,West,returned
8860,775,2025-08-12,Southwest,completed
8861,4003,2024-04-30,Northeast,completed
8862,3353,2026-07-16,Southeast,completed
8863,4433,2024-10-22,Midwest,cancelled
8864,1613,2024-11-20,Southwest,completed
8865,4798,2025-10-05,Southwest,completed
8866,862,2024-03-05,Midwest,completed
8867,978,2025-07-31,Southwest,completed
8868,1298,2024-08-08,West,completed
8869,696,2025-06-29,Midwest,completed
8870,1940,2024-02-10,Southeast,completed
8871,3626,2025-11-04,West,completed
8872,2305,2025-10-05,Southeast,completed
8873,3420,2025-04-13,Southwest,returned
8874,2792,2026-02-14,Southeast,completed
8875,3653,2026-01-02,Southeast,completed
8876,4344,2026-06-04,West,completed
8877,1893,2024-11-18,Northeast,completed
8878,2662,2025-02-09,Midwest,completed
8879,1053,2025-07-13,Northeast,completed
8880,3787,2026-03-31,West,completed
8881,3085,2026-07-04,Southwest,completed
8882,2969,2024-02-17,Southwest,completed
8883,1933,2024-04-29,West,completed
8884,2331,2024-09-17,Southwest,completed
8885,3909,2024-11-13,Southeast,completed
8886,2057,2024-06-15,Southeast,completed
8887,4657,2026-08-23,Midwest,completed
8888,3740,2024-01-21,Southwest,completed
8889,9,2024-11-20,Southwest,completed
8890,1748,2026-08-12,Midwest,completed
8891,4987,2026-05-13,West,returned
8892,2866,2024-08-27,Midwest,completed
8893,3645,2024-03-23,Midwest,returned
8894,3973,2024-01-16,West,completed
8895,3409,2026-05-02,Southwest,completed
8896,4137,2024-11-14,West,completed
8897,2148,2025-04-10,West,cancelled
8898,1405,2024-05-01,Southeast,completed
8899,760,2024-10-14,Northeast,completed
8900,834,2025-05-27,Northeast,completed
8901,2505,2024-06-19,West,completed
8902,3053,2026-04-25,Midwest,cancelled
8903,3713,2026-03-10,Southwest,completed
8904,868,2026-07-30,Northeast,returned
8905,2200,2025-10-18,Midwest,completed
8906,4492,2024-10-25,Northeast,completed
8907,399,2024-03-20,Northeast,completed
8908,667,2026-08-16,Southeast,completed
8909,2533,2025-06-05,Southwest,completed
8910,315,2026-05-18,Northeast,completed
8911,4204,2026-06-28,Southeast,completed
8912,2055,2024-02-21,West,completed
8913,1582,2025-12-01,Southeast,completed
8914,1547,2024-05-13,Northeast,completed
8915,4319,2025-08-21,West,completed
8916,4882,2024-06-29,Southeast,completed
8917,830,2026-06-03,Southeast,cancelled
8918,4771,2024-09-29,Midwest,completed
8919,3674,2025-08-04,West,completed
8920,1488,2024-04-22,Northeast,completed
8921,2588,2025-07-13,Northeast,completed
8922,4220,2024-02-03,Midwest,completed
8923,3063,2024-08-17,Southeast,completed
8924,482,2024-05-03,Northeast,completed
8925,329,2025-06-21,Southeast,completed
8926,3728,2025-08-27,Northeast,completed
8927,3389,2024-09-28,West,completed
8928,1980,2026-03-24,Northeast,completed
8929,84,2025-02-03,Northeast,completed
8930,2404,2024-04-16,Midwest,completed
8931,4905,2026-07-15,West,completed
8932,2355,2026-03-25,Northeast,completed
8933,4579,2026-02-08,West,completed
8934,3453,2026-01-15,Southwest,completed
8935,2689,2026-06-21,Southeast,returned
8936,3460,2025-10-18,Midwest,completed
8937,2205,2026-04-24,Northeast,completed
8938,769,2026-02-14,Southwest,completed
8939,2314,2025-08-02,Northeast,completed
8940,4951,2025-10-30,Southeast,completed
8941,4994,2026-04-07,Midwest,completed
8942,2232,2025-08-12,Southeast,returned
8943,673,2025-01-01,Northeast,completed
8944,1998,2025-11-02,Northeast,completed
8945,1768,2026-03-31,Southwest,completed
8946,4055,2025-12-10,Midwest,completed
8947,1449,2025-08-25,Northeast,completed
8948,2453,2024-12-21,Northeast,completed
8949,1450,2025-03-19,Southeast,completed
8950,958,2024-04-22,Southwest,completed
8951,4451,2025-05-12,Southwest,completed
8952,2206,2025-08-21,Midwest,completed
8953,3046,2024-01-07,Southeast,completed
8954,3420,2025-09-28,Southwest,completed
8955,4149,2025-08-18,West,completed
8956,524,2026-01-22,Northeast,completed
8957,2248,2024-06-08,Midwest,completed
8958,1538,2025-03-03,Southwest,completed
8959,4191,2025-06-27,West,completed
8960,2765,2025-07-11,Southeast,completed
8961,1009,2024-08-14,Midwest,completed
8962,4584,2024-05-04,West,returned
8963,3172,2026-02-08,Southwest,completed
8964,2552,2026-04-11,Northeast,completed
8965,2885,2024-10-10,Southwest,completed
8966,2270,2026-03-06,Midwest,completed
8967,1023,2026-07-24,Midwest,completed
8968,2297,2025-08-31,West,completed
8969,604,2026-04-19,Northeast,completed
8970,4472,2024-05-09,Southeast,completed
8971,1931,2026-07-11,Southwest,completed
8972,4057,2024-10-20,West,completed
8973,1554,2024-02-02,Southeast,completed
8974,1765,2026-05-02,Midwest,completed
8975,1627,2026-07-29,Midwest,completed
8976,366,2024-03-31,Midwest,completed
8977,2350,2025-02-11,Northeast,completed
8978,3898,2024-03-18,Northeast,completed
8979,822,2024-01-23,West,completed
8980,281,2024-09-08,West,completed
8981,911,2026-01-03,Southeast,completed
8982,4354,2025-06-05,West,completed
8983,4793,2024-02-04,West,completed
8984,2219,2024-01-05,Southwest,completed
8985,1088,2024-05-13,Northeast,returned
8986,1748,2026-02-24,Midwest,completed
8987,1196,2025-04-01,Southwest,completed
8988,4859,2026-08-12,Southwest,completed
8989,4141,2025-10-31,Southwest,completed
8990,3994,2024-03-11,Southeast,completed
8991,390,2026-01-24,Southeast,completed
8992,1644,2026-02-25,Midwest,completed
8993,3303,2024-12-03,Northeast,completed
8994,1736,2025-07-22,West,completed
8995,1778,2025-07-18,West,completed
8996,1955,2025-01-23,Northeast,completed
8997,4402,2024-05-05,Midwest,completed
8998,4209,2024-03-30,Southeast,completed
8999,2866,2025-05-21,Midwest,completed
9000,172,2025-09-14,Midwest,completed
9001,2027,2025-10-10,West,completed
9002,2882,2024-01-31,Midwest,completed
9003,502,2025-05-21,Northeast,completed
9004,3505,2025-06-14,Southeast,completed
9005,635,2026-06-24,Southeast,completed
9006,4529,2025-04-19,Northeast,completed
9007,4665,2026-01-22,Southeast,completed
9008,2001,2025-02-08,Northeast,completed
9009,2841,2026-03-08,Northeast,cancelled
9010,3892,2025-10-28,Northeast,completed
9011,780,2025-09-06,Southwest,completed
9012,3472,2025-10-12,Northeast,completed
9013,2430,2025-05-07,Northeast,completed
9014,4126,2024-08-06,Northeast,completed
9015,4512,2024-04-13,Southwest,completed
9016,4502,2024-08-05,Northeast,completed
9017,3960,2024-04-04,Northeast,completed
9018,3747,2025-07-08,Southeast,completed
9019,4675,2026-01-02,Southwest,completed
9020,4414,2024-04-16,Southwest,completed
9021,2745,2025-10-10,West,returned
9022,255,2024-05-12,Northeast,completed
9023,2580,2024-02-18,Midwest,completed
9024,3770,2025-08-24,Southeast,completed
9025,2943,2025-11-27,Northeast,completed
9026,3197,2026-01-20,Northeast,completed
9027,1303,2025-02-21,Northeast,completed
9028,2583,2025-10-06,Northeast,completed
9029,3705,2025-12-27,Southwest,completed
9030,255,2025-02-06,Northeast,completed
9031,2557,2025-10-12,West,completed
9032,2830,2024-07-14,Northeast,completed
9033,3627,2025-05-16,Midwest,completed
9034,1566,2026-03-16,Northeast,completed
9035,4627,2026-06-02,West,completed
9036,3678,2026-04-18,Midwest,cancelled
9037,2561,2026-04-27,Midwest,completed
9038,268,2025-02-27,Northeast,completed
9039,576,2024-01-06,Midwest,completed
9040,4007,2026-06-02,Midwest,completed
9041,835,2024-09-11,Midwest,completed
9042,3467,2024-06-23,Northeast,completed
9043,1998,2025-06-14,Northeast,completed
9044,3488,2024-01-26,Southeast,completed
9045,1955,2024-05-23,Northeast,completed
9046,3368,2024-09-23,Southeast,completed
9047,3366,2024-08-16,Northeast,completed
9048,4767,2025-10-10,Midwest,completed
9049,3635,2025-11-24,Midwest,returned
9050,4395,2024-07-12,Southeast,completed
9051,4779,2024-01-07,Southwest,completed
9052,425,2024-09-01,Midwest,completed
9053,111,2026-04-05,Northeast,completed
9054,3000,2026-07-13,Northeast,completed
9055,3892,2025-05-02,Northeast,completed
9056,1640,2026-02-06,Midwest,completed
9057,947,2026-06-28,Northeast,completed
9058,1221,2025-05-31,Southwest,returned
9059,912,2024-05-06,Southwest,completed
9060,1337,2025-08-13,West,completed
9061,3784,2024-12-20,West,cancelled
9062,3788,2025-07-06,Southeast,completed
9063,4775,2024-01-15,Southeast,completed
9064,1154,2026-02-28,Midwest,completed
9065,2430,2026-01-10,Northeast,cancelled
9066,3807,2026-07-31,West,completed
9067,1934,2026-04-17,Southeast,completed
9068,1471,2024-12-01,West,completed
9069,2824,2024-07-15,Southwest,completed
9070,3404,2024-11-04,Midwest,completed
9071,1033,2025-09-09,Midwest,completed
9072,4128,2024-03-08,Southeast,completed
9073,4766,2024-03-28,Southeast,completed
9074,495,2026-05-22,Northeast,completed
9075,1536,2025-11-13,Southeast,completed
9076,4531,2025-08-18,Southeast,completed
9077,4352,2024-12-15,Southwest,completed
9078,4911,2024-11-14,Southeast,completed
9079,2374,2024-08-17,West,cancelled
9080,1258,2024-09-18,West,completed
9081,1585,2025-06-19,West,completed
9082,3506,2025-10-07,Southwest,completed
9083,2743,2025-07-30,Southwest,completed
9084,4271,2025-08-20,Southeast,completed
9085,121,2026-02-05,Northeast,completed
9086,1139,2025-11-08,West,completed
9087,1673,2024-02-03,Midwest,completed
9088,35,2025-05-10,Southwest,completed
9089,4220,2025-02-22,Midwest,completed
9090,3070,2026-01-04,Southwest,cancelled
9091,132,2025-07-12,Southwest,completed
9092,4336,2024-06-15,Southeast,completed
9093,4802,2024-04-26,West,completed
9094,4780,2024-10-17,Southeast,completed
9095,161,2024-01-23,Southwest,completed
9096,728,2025-08-25,Southeast,completed
9097,2707,2025-03-28,Northeast,completed
9098,511,2026-02-28,West,completed
9099,237,2025-11-22,Northeast,completed
9100,3129,2026-03-20,Midwest,completed
9101,2206,2024-04-17,Midwest,completed
9102,391,2024-10-13,Northeast,cancelled
9103,1884,2024-05-10,Southwest,completed
9104,3655,2026-07-17,West,completed
9105,147,2024-09-28,Southwest,completed
9106,1596,2025-12-03,West,completed
9107,2093,2026-02-15,Southwest,completed
9108,4056,2025-01-13,Midwest,completed
9109,47,2025-11-28,Midwest,completed
9110,3997,2025-03-17,Midwest,cancelled
9111,3231,2026-08-18,West,completed
9112,4597,2024-10-26,West,completed
9113,2652,2026-02-08,West,completed
9114,1175,2025-04-25,Southwest,completed
9115,4145,2024-04-23,West,completed
9116,1832,2026-07-10,Northeast,completed
9117,4387,2026-05-24,West,completed
9118,1327,2024-08-28,Northeast,completed
9119,4341,2024-09-28,Midwest,completed
9120,4235,2025-12-06,Midwest,completed
9121,2885,2025-03-20,Southwest,returned
9122,2122,2026-01-16,Southeast,completed
9123,21,2025-02-19,West,completed
9124,3913,2026-06-15,Southwest,completed
9125,4048,2025-09-05,Northeast,completed
9126,3604,2024-10-11,Southwest,completed
9127,2633,2024-07-11,Midwest,completed
9128,4535,2025-12-26,Southeast,completed
9129,2262,2025-01-10,Northeast,completed
9130,2320,2024-10-04,West,completed
9131,280,2025-06-26,Midwest,completed
9132,1470,2024-01-09,West,completed
9133,1695,2024-04-26,Midwest,completed
9134,2314,2026-04-29,Northeast,completed
9135,1880,2024-06-26,Southeast,completed
9136,2222,2025-05-07,Northeast,completed
9137,1303,2025-06-22,Northeast,completed
9138,2627,2026-07-18,Southwest,completed
9139,2197,2024-02-19,Midwest,completed
9140,1801,2025-07-11,Northeast,completed
9141,3165,2025-03-21,Northeast,completed
9142,1044,2025-02-10,West,completed
9143,4296,2024-07-23,West,completed
9144,4278,2025-02-06,Southeast,completed
9145,4864,2025-01-10,Northeast,cancelled
9146,2233,2025-07-13,Midwest,completed
9147,911,2024-12-15,Southeast,completed
9148,4052,2025-06-04,Midwest,completed
9149,4773,2025-09-01,Southeast,completed
9150,1550,2024-08-10,Midwest,completed
9151,540,2024-01-27,Southeast,completed
9152,4154,2024-03-09,Midwest,completed
9153,1153,2026-01-19,West,completed
9154,1290,2025-07-20,West,completed
9155,1102,2026-07-20,Southwest,completed
9156,4824,2025-07-18,Midwest,completed
9157,4171,2026-05-29,Midwest,completed
9158,1213,2026-08-22,Southwest,completed
9159,2977,2025-10-30,Southwest,completed
9160,1064,2025-05-26,Northeast,completed
9161,1394,2025-11-18,Southeast,completed
9162,1486,2025-10-04,West,completed
9163,2319,2025-02-03,Midwest,completed
9164,3089,2024-12-20,Northeast,completed
9165,1148,2024-01-29,West,completed
9166,1033,2025-01-03,Midwest,completed
9167,4396,2024-11-22,Northeast,completed
9168,3964,2025-07-11,West,completed
9169,3099,2025-05-27,Midwest,completed
9170,1756,2024-07-02,Southeast,completed
9171,4306,2026-05-16,Southeast,completed
9172,2981,2024-01-02,Midwest,completed
9173,3046,2026-01-17,Southeast,completed
9174,530,2024-06-01,Southeast,completed
9175,3758,2024-09-01,Midwest,completed
9176,4133,2025-01-12,Northeast,returned
9177,1764,2025-07-15,Southeast,completed
9178,3807,2024-08-15,West,completed
9179,3807,2025-10-13,West,completed
9180,1185,2026-07-17,Northeast,completed
9181,2043,2025-10-13,Midwest,completed
9182,4850,2025-01-19,Southwest,completed
9183,3417,2025-02-11,Midwest,completed
9184,3846,2024-11-12,Southeast,completed
9185,1970,2024-03-22,Southeast,completed
9186,2396,2024-11-23,Southwest,cancelled
9187,1935,2025-10-08,Southeast,completed
9188,3485,2024-07-29,West,completed
9189,2437,2026-07-19,Northeast,completed
9190,261,2025-10-07,West,returned
9191,1785,2024-12-02,Northeast,completed
9192,4942,2025-02-19,Southeast,completed
9193,2552,2024-05-17,Northeast,completed
9194,4168,2025-11-29,Southeast,completed
9195,1068,2025-03-25,Midwest,completed
9196,4347,2024-04-13,Northeast,completed
9197,762,2025-08-28,Southwest,completed
9198,4963,2024-07-10,Midwest,completed
9199,3302,2024-12-26,Southeast,completed
9200,3787,2024-10-05,West,completed
9201,2182,2025-03-31,Midwest,completed
9202,1572,2026-02-13,Southwest,completed
9203,133,2025-02-27,Northeast,completed
9204,2255,2024-10-06,West,completed
9205,3960,2024-04-26,Northeast,completed
9206,492,2025-03-07,Southeast,completed
9207,3139,2026-04-28,Southeast,completed
9208,4408,2025-04-01,Northeast,completed
9209,695,2024-02-08,Southeast,completed
9210,3522,2026-07-31,Southeast,completed
9211,328,2026-08-13,Southeast,completed
9212,2357,2026-05-22,Southeast,completed
9213,3427,2024-01-12,Southeast,completed
9214,697,2024-10-14,Southeast,completed
9215,2285,2025-01-31,Southwest,completed
9216,3615,2025-01-12,West,returned
9217,528,2024-12-26,West,completed
9218,3569,2025-10-20,Northeast,completed
9219,3509,2025-04-29,Southwest,completed
9220,4951,2026-02-03,Southeast,completed
9221,4678,2025-07-20,Midwest,completed
9222,1007,2025-05-01,Southeast,completed
9223,2694,2024-09-12,Midwest,completed
9224,1601,2025-12-16,West,returned
9225,268,2024-09-03,Northeast,completed
9226,2657,2025-07-15,Southeast,completed
9227,2704,2025-09-03,Southwest,completed
9228,738,2025-03-10,Northeast,completed
9229,2495,2025-03-03,Southeast,completed
9230,1000,2025-04-23,Southwest,completed
9231,4195,2025-08-19,Northeast,completed
9232,914,2026-03-26,West,completed
9233,1260,2025-07-31,Midwest,completed
9234,4424,2024-01-31,Southwest,completed
9235,3749,2025-12-06,Midwest,completed
9236,3512,2024-05-10,West,completed
9237,2940,2025-03-21,West,completed
9238,369,2025-11-16,Midwest,completed
9239,4809,2024-07-16,West,completed
9240,3897,2024-09-23,Northeast,completed
9241,1406,2026-07-29,Northeast,completed
9242,199,2026-02-07,West,completed
9243,1355,2025-04-28,Southeast,completed
9244,3743,2026-04-30,Southeast,completed
9245,2082,2025-06-21,West,completed
9246,680,2024-05-09,Northeast,completed
9247,4559,2024-11-03,Southeast,completed
9248,262,2025-10-06,Northeast,completed
9249,1169,2025-10-30,Southwest,completed
9250,1591,2024-07-31,West,completed
9251,4817,2024-12-03,Midwest,completed
9252,538,2025-12-13,Southeast,completed
9253,1921,2026-03-29,Southwest,completed
9254,573,2025-02-11,Southeast,completed
9255,2416,2024-08-15,West,completed
9256,1946,2025-02-16,Midwest,cancelled
9257,2112,2024-03-05,West,cancelled
9258,2959,2026-06-17,Northeast,completed
9259,4151,2024-07-31,Southeast,cancelled
9260,4622,2026-03-05,Southeast,completed
9261,4575,2025-07-02,Southwest,completed
9262,3200,2024-02-07,Northeast,completed
9263,4005,2026-05-22,West,completed
9264,4948,2024-10-10,Midwest,returned
9265,2924,2025-08-14,Midwest,completed
9266,1061,2026-04-07,Northeast,returned
9267,4722,2026-01-15,Southwest,cancelled
9268,4163,2024-10-28,Southeast,completed
9269,3608,2025-08-03,Midwest,completed
9270,2681,2024-08-18,Northeast,completed
9271,4760,2025-10-13,Midwest,completed
9272,2072,2025-08-31,Southeast,completed
9273,2458,2024-12-05,West,completed
9274,2075,2024-10-07,Southeast,completed
9275,3403,2024-09-11,Southeast,completed
9276,4999,2024-06-21,Southwest,completed
9277,307,2024-09-23,Southeast,completed
9278,3198,2025-05-04,Midwest,cancelled
9279,1228,2025-06-22,Midwest,completed
9280,2508,2026-06-07,West,completed
9281,359,2026-02-06,West,completed
9282,1553,2024-01-14,Southwest,completed
9283,1264,2024-01-28,Midwest,completed
9284,2259,2025-10-24,Southeast,completed
9285,1362,2024-06-30,West,completed
9286,3926,2024-07-25,Northeast,returned
9287,2965,2026-01-18,Southwest,completed
9288,4362,2026-02-04,Northeast,completed
9289,1162,2024-06-03,Midwest,completed
9290,3389,2026-06-09,West,completed
9291,2873,2025-06-12,West,returned
9292,2504,2025-03-25,Southwest,completed
9293,2057,2026-07-09,Southeast,completed
9294,1042,2025-05-05,West,completed
9295,3639,2025-09-17,Southeast,completed
9296,3585,2025-07-22,Midwest,completed
9297,3858,2025-09-26,Northeast,completed
9298,1046,2024-11-16,Northeast,completed
9299,2697,2024-01-22,Southwest,completed
9300,3660,2025-07-22,Northeast,completed
9301,1104,2024-04-04,Midwest,completed
9302,4740,2025-01-15,Northeast,completed
9303,264,2024-05-06,West,completed
9304,4588,2025-01-07,Southwest,completed
9305,55,2026-08-07,Southwest,completed
9306,2846,2024-01-17,West,completed
9307,1277,2024-07-05,Southwest,completed
9308,774,2024-05-01,Southwest,completed
9309,3704,2025-01-16,West,completed
9310,1343,2024-02-20,Midwest,completed
9311,341,2024-09-22,Northeast,completed
9312,548,2026-08-20,Northeast,completed
9313,780,2025-02-24,Southwest,completed
9314,2381,2024-01-14,West,completed
9315,1834,2025-03-02,Southwest,completed
9316,2066,2024-11-07,Southeast,completed
9317,2521,2026-03-25,Southwest,completed
9318,3999,2026-02-20,Midwest,completed
9319,2539,2025-08-09,Southeast,completed
9320,11,2025-01-17,Midwest,completed
9321,2132,2025-09-06,West,cancelled
9322,1226,2025-05-06,Midwest,completed
9323,3935,2025-04-22,Southwest,completed
9324,3103,2026-05-17,Midwest,completed
9325,3500,2025-09-02,West,cancelled
9326,1051,2026-03-22,Midwest,completed
9327,3258,2024-11-01,Southeast,completed
9328,2491,2026-03-19,West,completed
9329,4400,2026-06-14,Midwest,completed
9330,1303,2024-02-22,Northeast,completed
9331,334,2024-07-15,Southeast,completed
9332,1979,2026-02-12,Southwest,completed
9333,2286,2024-02-21,Midwest,cancelled
9334,4366,2025-05-18,Northeast,completed
9335,2757,2024-09-23,West,completed
9336,2396,2025-01-23,Southwest,completed
9337,2989,2024-07-15,Southwest,completed
9338,3921,2025-01-08,Midwest,cancelled
9339,4526,2025-06-12,Northeast,cancelled
9340,1612,2024-02-14,West,completed
9341,1754,2026-02-09,Southwest,completed
9342,2617,2026-04-26,Southwest,completed
9343,4683,2024-05-03,Southwest,cancelled
9344,2293,2024-03-21,Southeast,completed
9345,2293,2026-01-18,Southeast,completed
9346,1054,2026-05-09,Southwest,completed
9347,3517,2024-11-14,Southwest,completed
9348,3427,2026-05-17,Southeast,completed
9349,4347,2025-03-03,Northeast,completed
9350,3199,2024-07-14,Southwest,completed
9351,3215,2025-05-19,Northeast,completed
9352,3579,2026-06-16,Southwest,completed
9353,1232,2025-02-16,Southeast,returned
9354,3345,2024-10-17,West,completed
9355,1794,2024-12-25,West,completed
9356,160,2025-08-13,West,cancelled
9357,3145,2024-02-16,Southwest,completed
9358,2179,2025-12-29,Southwest,completed
9359,778,2025-07-30,West,completed
9360,1559,2025-07-01,Southwest,completed
9361,44,2024-07-14,Southeast,completed
9362,2522,2024-04-23,Midwest,returned
9363,2916,2024-01-11,Midwest,returned
9364,4217,2025-05-03,Northeast,completed
9365,2040,2024-08-13,Southeast,completed
9366,2178,2025-11-28,Southeast,completed
9367,1456,2025-05-05,West,cancelled
9368,789,2026-04-07,West,completed
9369,3901,2024-05-12,Southwest,completed
9370,4090,2024-03-11,West,completed
9371,1843,2026-01-20,Southeast,completed
9372,21,2025-08-31,West,completed
9373,1365,2026-07-28,Midwest,completed
9374,3058,2025-07-26,Southeast,completed
9375,4831,2024-05-08,West,completed
9376,336,2025-11-03,Midwest,completed
9377,2963,2026-02-26,Southeast,completed
9378,2863,2024-09-29,West,completed
9379,178,2024-12-13,Southwest,completed
9380,3781,2025-07-20,Northeast,completed
9381,977,2026-06-11,Midwest,completed
9382,255,2025-05-18,Northeast,completed
9383,2463,2025-11-12,West,completed
9384,4430,2025-03-10,Northeast,completed
9385,1029,2024-09-15,West,completed
9386,509,2025-01-14,Midwest,cancelled
9387,3949,2024-05-08,Southwest,completed
9388,2705,2026-05-30,West,completed
9389,4769,2026-06-12,Southwest,completed
9390,1493,2025-08-17,Northeast,completed
9391,1032,2024-12-11,Northeast,completed
9392,4211,2026-02-13,Midwest,completed
9393,4704,2024-06-25,Southwest,completed
9394,2618,2024-03-04,Southwest,completed
9395,3046,2026-01-31,Southeast,completed
9396,3716,2025-12-13,Southeast,completed
9397,3490,2025-12-11,Southeast,completed
9398,809,2024-07-30,Northeast,completed
9399,3223,2025-06-12,Southwest,completed
9400,4923,2024-03-21,Southwest,completed
9401,541,2025-12-28,West,completed
9402,2173,2025-12-08,Midwest,completed
9403,2307,2025-11-26,West,completed
9404,755,2026-03-09,Midwest,completed
9405,1075,2024-02-14,Southeast,cancelled
9406,1259,2024-03-03,Southwest,completed
9407,4979,2026-02-12,Northeast,completed
9408,3324,2026-04-19,West,completed
9409,1646,2026-07-15,Southwest,completed
9410,556,2024-02-14,Southwest,completed
9411,326,2024-05-11,Midwest,completed
9412,667,2025-03-10,Southeast,completed
9413,4571,2024-02-13,Midwest,returned
9414,1109,2024-08-23,Southwest,completed
9415,2393,2025-04-13,Southwest,completed
9416,1364,2026-03-01,West,completed
9417,4900,2024-06-12,Northeast,completed
9418,3524,2026-01-10,Southeast,completed
9419,4292,2026-05-17,Southwest,completed
9420,1746,2025-05-29,Midwest,completed
9421,4943,2026-04-18,West,completed
9422,1462,2024-04-22,West,completed
9423,3902,2024-12-19,West,completed
9424,4088,2024-08-23,Midwest,completed
9425,4279,2025-10-06,Southwest,cancelled
9426,234,2024-11-04,Southwest,completed
9427,393,2024-01-22,Southwest,completed
9428,3138,2025-12-07,Southwest,completed
9429,4191,2026-07-10,West,completed
9430,2583,2024-05-27,Northeast,completed
9431,2864,2024-07-03,Northeast,completed
9432,827,2024-02-17,West,completed
9433,901,2026-07-11,Southeast,completed
9434,2514,2025-09-07,Southeast,completed
9435,3343,2026-06-06,Northeast,returned
9436,2179,2024-09-09,Southwest,completed
9437,4600,2025-04-02,Northeast,completed
9438,4526,2024-10-05,Northeast,completed
9439,3046,2024-08-31,Southeast,completed
9440,2295,2025-06-10,West,returned
9441,4713,2024-10-29,Northeast,completed
9442,3009,2024-08-19,Midwest,completed
9443,2913,2025-01-25,Southwest,completed
9444,342,2025-07-02,Northeast,completed
9445,2408,2025-11-09,Northeast,completed
9446,588,2025-06-22,West,completed
9447,4960,2026-07-11,Southwest,completed
9448,3261,2024-08-10,Midwest,completed
9449,3215,2024-02-15,Northeast,completed
9450,4984,2024-11-07,West,completed
9451,3198,2026-08-22,Midwest,completed
9452,413,2025-05-11,Midwest,completed
9453,516,2026-03-17,Northeast,completed
9454,392,2025-06-18,Southeast,completed
9455,1774,2024-05-16,Midwest,completed
9456,646,2024-12-31,Midwest,completed
9457,4826,2024-02-22,Southeast,completed
9458,656,2025-05-27,West,completed
9459,2262,2024-12-21,Northeast,completed
9460,4957,2025-12-17,West,completed
9461,2407,2025-10-18,West,completed
9462,3468,2026-04-09,West,completed
9463,3780,2025-05-20,West,completed
9464,4727,2024-03-29,Northeast,completed
9465,3671,2026-08-14,Northeast,completed
9466,2083,2024-09-21,Southwest,completed
9467,1626,2024-02-06,West,returned
9468,1300,2026-04-19,Midwest,completed
9469,4518,2026-03-24,Midwest,completed
9470,4675,2026-04-27,Southwest,completed
9471,1972,2024-02-28,Northeast,completed
9472,2654,2026-03-25,Midwest,completed
9473,2192,2026-01-18,Southeast,completed
9474,3491,2025-10-02,Northeast,completed
9475,92,2026-08-07,West,completed
9476,4697,2025-05-24,Northeast,completed
9477,163,2025-04-04,Northeast,completed
9478,4438,2026-01-04,Southeast,completed
9479,3094,2024-06-09,Southeast,completed
9480,4419,2025-05-07,Southwest,completed
9481,4473,2025-10-15,West,completed
9482,3203,2024-11-05,West,completed
9483,3742,2024-09-13,West,completed
9484,4101,2026-08-03,West,completed
9485,1056,2025-05-20,West,completed
9486,379,2024-05-20,Northeast,completed
9487,3804,2024-04-04,West,completed
9488,1562,2025-05-03,Northeast,cancelled
9489,2138,2025-08-27,West,completed
9490,2121,2025-03-22,West,completed
9491,3453,2024-07-25,Southwest,completed
9492,3878,2026-03-05,Midwest,completed
9493,2134,2026-05-30,Southwest,completed
9494,2687,2025-01-24,Northeast,completed
9495,2729,2025-06-17,Midwest,completed
9496,4533,2025-10-03,Southeast,completed
9497,1269,2025-01-30,Southeast,completed
9498,4513,2025-11-19,Southwest,completed
9499,862,2024-04-11,Midwest,completed
9500,1012,2025-12-01,Southwest,returned
9501,2373,2024-12-10,Northeast,completed
9502,372,2024-04-12,Southeast,completed
9503,2957,2026-08-20,Northeast,completed
9504,380,2025-06-07,Northeast,completed
9505,592,2024-03-01,Southeast,completed
9506,4049,2025-04-08,Northeast,completed
9507,511,2024-05-06,West,completed
9508,4889,2025-01-03,Southwest,completed
9509,3064,2026-05-17,Midwest,completed
9510,3104,2024-06-01,Midwest,returned
9511,2718,2024-03-23,Southeast,completed
9512,2135,2025-01-18,Southeast,completed
9513,4463,2026-03-25,Midwest,cancelled
9514,728,2024-05-21,Southeast,returned
9515,4936,2026-05-11,Southeast,completed
9516,1187,2025-04-28,West,completed
9517,1801,2026-06-01,Northeast,completed
9518,4681,2025-07-17,Northeast,completed
9519,1109,2025-03-07,Southwest,completed
9520,1757,2026-03-04,Midwest,completed
9521,4485,2024-08-07,Northeast,completed
9522,3212,2026-01-07,West,completed
9523,3350,2024-09-06,Southwest,completed
9524,3458,2025-12-14,Southwest,completed
9525,4434,2026-04-05,Midwest,completed
9526,157,2025-05-22,Southwest,completed
9527,2944,2024-04-18,Northeast,completed
9528,4779,2026-03-15,Southwest,completed
9529,3350,2025-06-30,Southwest,completed
9530,4585,2025-11-02,Southwest,completed
9531,305,2026-02-02,Southeast,completed
9532,2247,2025-09-06,Midwest,completed
9533,3063,2024-04-19,Southeast,completed
9534,2922,2025-11-22,Southwest,completed
9535,3727,2025-09-26,West,completed
9536,592,2024-03-30,Southeast,completed
9537,1388,2025-02-14,West,completed
9538,2483,2025-08-20,Southeast,cancelled
9539,1103,2025-11-08,Midwest,completed
9540,1894,2024-12-06,Midwest,completed
9541,2692,2025-01-27,Northeast,completed
9542,3123,2025-05-21,Northeast,completed
9543,1497,2025-12-18,Northeast,completed
9544,4964,2026-08-03,Northeast,completed
9545,4314,2024-03-18,Northeast,completed
9546,1387,2026-06-16,West,completed
9547,3270,2025-12-23,West,completed
9548,1757,2024-09-19,Midwest,completed
9549,4403,2025-09-27,Northeast,completed
9550,3562,2026-06-29,West,completed
9551,1719,2025-08-26,Southwest,completed
9552,1944,2026-01-24,Southwest,completed
9553,1679,2025-09-12,West,completed
9554,2118,2024-04-02,Southeast,returned
9555,2559,2025-02-20,West,completed
9556,2444,2024-04-16,Midwest,completed
9557,1132,2024-07-25,Northeast,completed
9558,1938,2024-12-26,Southwest,completed
9559,1245,2024-01-11,West,returned
9560,3615,2025-02-21,West,completed
9561,436,2024-07-31,Northeast,completed
9562,1727,2026-04-13,West,completed
9563,2404,2024-05-22,Midwest,completed
9564,1289,2024-11-02,Southeast,completed
9565,2864,2024-08-23,Northeast,completed
9566,198,2024-07-11,Northeast,completed
9567,607,2024-08-12,Southeast,completed
9568,3664,2026-03-14,Northeast,completed
9569,1167,2024-04-09,Northeast,completed
9570,462,2025-03-07,Midwest,completed
9571,4669,2025-04-26,West,completed
9572,3822,2024-09-24,Southwest,completed
9573,2129,2024-08-06,Southeast,completed
9574,1709,2025-11-21,Northeast,completed
9575,4246,2026-01-02,Southeast,completed
9576,4123,2025-12-15,West,completed
9577,1614,2025-03-22,Southwest,completed
9578,764,2025-05-24,Northeast,completed
9579,4042,2026-07-27,Southeast,completed
9580,4331,2024-01-29,West,completed
9581,1594,2025-10-04,Northeast,completed
9582,3636,2026-03-07,Southwest,completed
9583,219,2026-05-17,Northeast,completed
9584,4122,2024-01-26,West,completed
9585,2552,2025-11-16,Northeast,completed
9586,320,2025-07-05,West,completed
9587,1956,2026-05-13,Southeast,cancelled
9588,2681,2025-03-08,Northeast,completed
9589,948,2025-08-18,Midwest,completed
9590,1329,2024-11-23,Southeast,completed
9591,892,2025-01-10,Southeast,completed
9592,3132,2025-08-11,Southwest,completed
9593,2447,2024-01-09,Midwest,returned
9594,3837,2026-02-01,Southeast,completed
9595,661,2025-05-06,Southeast,completed
9596,1841,2024-10-10,West,completed
9597,3303,2025-02-03,Northeast,cancelled
9598,2705,2025-06-03,West,completed
9599,4941,2024-02-03,West,completed
9600,3690,2025-06-27,Midwest,completed
9601,4432,2025-07-08,West,cancelled
9602,1704,2025-12-25,Northeast,returned
9603,2642,2025-01-15,Southeast,completed
9604,1842,2024-09-21,West,completed
9605,3764,2025-01-23,Southwest,completed
9606,1411,2024-06-05,Northeast,completed
9607,974,2024-12-31,Southeast,completed
9608,4517,2024-07-25,Midwest,completed
9609,3478,2025-03-23,Northeast,completed
9610,964,2025-09-29,Southeast,completed
9611,2763,2024-04-27,Midwest,completed
9612,687,2024-03-17,West,completed
9613,4826,2024-11-30,Southeast,completed
9614,3915,2024-12-07,Midwest,completed
9615,4164,2026-04-27,Midwest,completed
9616,2408,2025-11-16,Northeast,completed
9617,1811,2026-04-23,Northeast,completed
9618,717,2025-04-01,Midwest,completed
9619,673,2025-01-25,Northeast,completed
9620,781,2025-10-26,Midwest,completed
9621,3101,2024-04-28,Southeast,returned
9622,818,2026-05-23,Southeast,completed
9623,832,2024-05-14,Southeast,completed
9624,1227,2024-06-05,Southwest,completed
9625,1944,2026-05-31,Southwest,completed
9626,858,2024-07-01,Southeast,completed
9627,2541,2026-07-19,Southwest,completed
9628,4662,2026-06-12,West,completed
9629,68,2025-10-14,Midwest,completed
9630,1740,2024-10-13,Midwest,completed
9631,3199,2024-11-21,Southwest,completed
9632,604,2025-11-25,Northeast,completed
9633,4692,2026-08-17,Midwest,completed
9634,1062,2024-02-19,West,completed
9635,401,2025-05-03,Midwest,completed
9636,890,2026-08-09,Midwest,completed
9637,1423,2024-12-30,Southwest,completed
9638,3141,2025-02-22,West,completed
9639,4222,2025-07-27,Midwest,completed
9640,1281,2024-12-12,West,completed
9641,201,2026-03-13,West,completed
9642,725,2025-01-10,Southwest,completed
9643,1551,2025-12-19,Southeast,completed
9644,3223,2024-04-08,Southwest,completed
9645,1787,2025-04-02,Southeast,completed
9646,462,2025-06-23,Midwest,completed
9647,2586,2024-10-27,Northeast,completed
9648,3547,2025-01-16,Southwest,completed
9649,1905,2025-06-17,Southeast,completed
9650,993,2024-02-27,Northeast,completed
9651,1352,2024-08-14,Southwest,completed
9652,4704,2025-03-26,Southwest,completed
9653,560,2026-04-27,Midwest,completed
9654,749,2025-07-02,Southeast,completed
9655,4631,2025-10-01,Southeast,completed
9656,464,2026-03-22,Northeast,completed
9657,1478,2024-06-13,Southeast,completed
9658,669,2025-12-19,West,cancelled
9659,3799,2024-07-28,Southwest,completed
9660,3527,2026-08-23,Southwest,completed
9661,522,2025-07-03,Northeast,completed
9662,4688,2024-05-02,Northeast,completed
9663,2641,2025-04-28,Northeast,completed
9664,719,2024-05-23,Southeast,completed
9665,673,2025-02-16,Northeast,completed
9666,3048,2024-08-08,Southwest,completed
9667,4221,2024-10-26,Southwest,completed
9668,3293,2026-08-20,West,completed
9669,4581,2024-05-26,West,completed
9670,932,2025-06-04,Midwest,completed
9671,4299,2024-11-07,Southwest,completed
9672,2728,2024-10-02,Southwest,completed
9673,933,2026-02-10,Southwest,completed
9674,1725,2024-07-10,West,completed
9675,3660,2026-05-09,Northeast,completed
9676,1599,2026-05-29,Northeast,completed
9677,3662,2024-03-11,Southwest,completed
9678,1189,2024-08-13,Southwest,completed
9679,4095,2024-10-01,Southwest,completed
9680,3963,2024-06-08,Southwest,completed
9681,1360,2026-03-02,Southeast,completed
9682,2333,2025-09-11,Southwest,completed
9683,752,2024-06-08,West,completed
9684,1851,2025-01-20,Northeast,completed
9685,1187,2024-10-01,West,completed
9686,1212,2024-06-21,Northeast,completed
9687,2553,2026-01-18,Southwest,completed
9688,2174,2026-04-16,Northeast,completed
9689,4562,2025-11-29,Southeast,completed
9690,3070,2026-07-29,Southwest,completed
9691,3192,2026-05-12,West,completed
9692,2490,2026-05-30,Northeast,completed
9693,487,2024-05-09,Southwest,cancelled
9694,3109,2025-10-08,West,completed
9695,4012,2024-04-12,Southwest,completed
9696,2997,2024-12-14,Midwest,completed
9697,3163,2025-09-14,Southeast,completed
9698,877,2024-10-25,Northeast,completed
9699,2253,2025-08-26,Northeast,completed
9700,642,2026-05-25,Southwest,completed
9701,3267,2025-03-06,Midwest,completed
9702,387,2026-01-17,Northeast,completed
9703,430,2026-03-28,Southeast,completed
9704,838,2025-03-26,Southeast,completed
9705,551,2024-07-18,Southwest,completed
9706,4653,2024-01-19,Southwest,completed
9707,2651,2024-06-29,Southeast,completed
9708,4479,2025-01-24,Northeast,completed
9709,2623,2025-08-27,West,completed
9710,2773,2025-01-02,West,completed
9711,3130,2025-02-11,Southeast,completed
9712,2680,2024-09-27,West,cancelled
9713,2984,2024-04-13,West,completed
9714,4740,2025-01-29,Northeast,cancelled
9715,2417,2025-04-05,Midwest,completed
9716,4160,2026-07-10,West,completed
9717,733,2024-08-23,Midwest,completed
9718,304,2025-02-11,West,returned
9719,1467,2026-04-17,Midwest,completed
9720,1475,2024-04-01,Southwest,cancelled
9721,2684,2025-05-03,West,completed
9722,2800,2025-05-26,Southwest,completed
9723,2973,2026-02-09,Southeast,completed
9724,4973,2024-09-09,West,completed
9725,1650,2026-04-10,Midwest,completed
9726,527,2025-05-19,Southeast,completed
9727,1474,2024-10-22,Northeast,completed
9728,2191,2026-03-11,Southwest,returned
9729,4258,2024-12-27,Southeast,completed
9730,1172,2025-02-13,Southeast,completed
9731,1360,2024-06-19,Southeast,completed
9732,2311,2024-10-11,West,completed
9733,3226,2024-10-30,Northeast,completed
9734,1210,2026-07-23,Northeast,completed
9735,3514,2024-09-29,Southeast,completed
9736,206,2025-07-03,West,completed
9737,2354,2024-06-22,Northeast,returned
9738,3899,2025-11-19,West,completed
9739,3567,2024-04-15,Northeast,completed
9740,1622,2026-03-01,Southeast,completed
9741,1476,2025-10-29,Southeast,completed
9742,1109,2026-06-02,Southwest,completed
9743,1088,2024-07-27,Northeast,completed
9744,697,2025-11-25,Southeast,completed
9745,375,2024-05-17,Southeast,completed
9746,2968,2025-05-28,West,completed
9747,4580,2025-06-17,West,completed
9748,3504,2024-03-15,Midwest,completed
9749,1432,2026-07-07,Southwest,completed
9750,2475,2024-01-29,Southwest,completed
9751,405,2024-03-17,West,completed
9752,1038,2025-10-05,Southwest,cancelled
9753,4065,2025-07-02,Southwest,completed
9754,4898,2024-05-03,West,completed
9755,3855,2024-04-16,Midwest,returned
9756,4432,2024-08-26,West,completed
9757,2318,2024-04-09,Midwest,completed
9758,4123,2026-01-27,West,completed
9759,4008,2026-06-27,Southeast,completed
9760,4993,2024-10-17,Southeast,completed
9761,1855,2024-08-22,Northeast,completed
9762,2999,2024-01-07,West,completed
9763,1345,2026-07-19,Midwest,completed
9764,2839,2024-10-18,Midwest,completed
9765,2290,2026-08-18,Southwest,completed
9766,2075,2024-11-10,Southeast,completed
9767,3415,2025-10-20,West,cancelled
9768,261,2024-12-13,West,completed
9769,1526,2024-03-12,Southwest,completed
9770,417,2025-01-09,Southwest,completed
9771,1095,2025-08-24,Midwest,completed
9772,4852,2026-02-14,Midwest,completed
9773,3077,2024-05-23,West,completed
9774,346,2025-01-25,Southeast,completed
9775,4873,2024-06-01,Midwest,completed
9776,3915,2024-01-20,Midwest,completed
9777,1461,2024-02-17,Midwest,completed
9778,3549,2025-07-26,Southwest,completed
9779,1050,2026-05-22,Midwest,cancelled
9780,4461,2024-04-02,Midwest,completed
9781,1272,2025-02-24,Midwest,completed
9782,1323,2025-04-22,Midwest,completed
9783,4755,2025-03-15,Southwest,completed
9784,4223,2024-02-13,Southwest,completed
9785,521,2024-04-17,West,completed
9786,2745,2024-09-15,West,completed
9787,1587,2024-11-16,Southwest,completed
9788,3565,2026-03-01,Northeast,returned
9789,3073,2025-10-22,Southwest,completed
9790,1362,2025-11-25,West,returned
9791,2085,2024-09-07,Southeast,completed
9792,2158,2024-03-05,Northeast,completed
9793,2687,2025-03-09,Northeast,completed
9794,3852,2025-03-02,Southwest,completed
9795,4561,2025-08-04,Midwest,completed
9796,1937,2026-02-01,Southeast,completed
9797,3835,2024-12-26,Midwest,completed
9798,1698,2025-11-16,West,returned
9799,1397,2024-09-15,West,completed
9800,4679,2025-08-10,Southwest,completed
9801,2525,2025-02-16,Southeast,completed
9802,2339,2024-05-23,Southwest,completed
9803,3013,2026-01-19,Midwest,completed
9804,2606,2024-12-12,Midwest,completed
9805,75,2025-12-02,Midwest,completed
9806,2911,2025-02-14,Northeast,completed
9807,703,2026-02-09,Midwest,completed
9808,3760,2026-03-31,Southwest,completed
9809,3409,2026-02-03,Southwest,completed
9810,3860,2024-06-05,Northeast,completed
9811,1670,2024-06-18,Southwest,completed
9812,2479,2025-07-17,Midwest,completed
9813,4677,2024-06-11,Southwest,returned
9814,1859,2024-03-30,Northeast,completed
9815,571,2026-01-01,Southwest,completed
9816,4794,2024-06-07,West,completed
9817,218,2024-05-11,Midwest,completed
9818,1194,2024-05-19,Northeast,completed
9819,3349,2024-08-11,Northeast,completed
9820,2315,2024-07-29,Midwest,completed
9821,3208,2026-08-10,Midwest,completed
9822,3791,2026-03-10,Southeast,completed
9823,2422,2024-07-30,Southeast,completed
9824,1572,2025-09-15,Southwest,completed
9825,4471,2024-06-12,Southwest,cancelled
9826,3889,2025-02-21,Southwest,cancelled
9827,96,2025-04-12,West,completed
9828,1228,2025-02-10,Midwest,completed
9829,3521,2026-03-26,Southeast,completed
9830,351,2026-05-09,Southwest,completed
9831,1795,2026-01-20,Northeast,completed
9832,1602,2025-11-23,Northeast,completed
9833,3554,2024-03-08,Southeast,completed
9834,3376,2026-07-26,Southeast,completed
9835,2656,2024-07-04,West,completed
9836,2039,2026-06-28,Midwest,completed
9837,873,2024-02-02,Southeast,completed
9838,2644,2026-06-12,West,completed
9839,3825,2026-01-30,Northeast,completed
9840,3887,2024-10-16,West,completed
9841,682,2026-04-11,Southwest,completed
9842,365,2025-04-29,Midwest,completed
9843,1249,2024-04-15,Southeast,returned
9844,3460,2026-05-15,Midwest,completed
9845,421,2024-10-14,West,completed
9846,1196,2024-03-28,Southwest,completed
9847,726,2026-01-08,Southeast,completed
9848,2478,2026-07-23,Northeast,completed
9849,659,2024-08-02,Southwest,completed
9850,652,2024-09-19,Southeast,completed
9851,3265,2026-01-18,West,completed
9852,2994,2025-03-29,Southeast,completed
9853,1558,2026-01-27,Southeast,completed
9854,3446,2024-10-11,Midwest,completed
9855,3905,2024-12-11,Northeast,completed
9856,2665,2024-11-23,Midwest,completed
9857,3918,2024-06-17,Northeast,completed
9858,3515,2024-07-17,Southwest,completed
9859,2757,2026-03-12,West,completed
9860,259,2025-11-25,Midwest,completed
9861,4455,2026-05-02,Southwest,completed
9862,2887,2026-06-17,West,completed
9863,1467,2025-04-28,Midwest,completed
9864,4086,2025-12-04,Southeast,completed
9865,2588,2026-04-28,Northeast,completed
9866,930,2026-02-18,Southwest,completed
9867,906,2024-12-24,West,completed
9868,303,2024-12-29,Southwest,completed
9869,3716,2025-04-26,Southeast,completed
9870,2069,2025-03-29,West,completed
9871,4009,2025-11-23,Southeast,returned
9872,717,2025-12-20,Midwest,completed
9873,3957,2025-08-03,Northeast,completed
9874,1723,2025-06-22,West,completed
9875,4078,2025-07-31,Southeast,completed
9876,2587,2025-04-08,Midwest,completed
9877,586,2024-05-15,Southeast,completed
9878,4689,2024-10-10,West,completed
9879,1380,2024-09-01,Midwest,completed
9880,1590,2025-02-12,Southeast,cancelled
9881,696,2025-02-24,Midwest,completed
9882,2348,2024-06-04,Southwest,completed
9883,1903,2025-01-09,Midwest,completed
9884,3021,2025-03-09,Southwest,completed
9885,2979,2026-06-04,Southwest,completed
9886,2649,2025-12-31,Northeast,completed
9887,2893,2024-04-25,Southwest,completed
9888,4244,2024-03-15,Southwest,completed
9889,3314,2026-02-28,Northeast,completed
9890,3113,2024-01-07,Southwest,completed
9891,462,2026-07-03,Midwest,completed
9892,640,2025-05-22,West,completed
9893,673,2024-09-21,Northeast,completed
9894,4768,2025-02-28,Northeast,completed
9895,3903,2025-07-17,Northeast,completed
9896,3984,2025-02-25,Midwest,completed
9897,1852,2026-01-19,Northeast,completed
9898,715,2025-11-17,Midwest,completed
9899,2940,2025-07-21,West,completed
9900,1102,2026-05-17,Southwest,completed
9901,4114,2024-11-29,Northeast,completed
9902,3977,2024-05-22,Northeast,completed
9903,3110,2026-02-12,Southwest,completed
9904,2294,2024-05-08,Midwest,completed
9905,2724,2025-05-09,West,completed
9906,963,2025-09-27,Midwest,completed
9907,877,2024-02-27,Northeast,completed
9908,195,2024-08-08,Southwest,completed
9909,4803,2026-01-10,West,completed
9910,4852,2024-10-08,Midwest,completed
9911,2423,2025-05-23,Northeast,completed
9912,4024,2024-12-07,West,completed
9913,615,2026-07-06,Southwest,completed
9914,449,2024-05-13,West,completed
9915,4943,2026-04-25,West,completed
9916,1584,2025-01-06,West,completed
9917,3887,2024-10-26,West,completed
9918,647,2025-11-11,Northeast,cancelled
9919,696,2026-06-04,Midwest,completed
9920,2562,2024-10-07,Southeast,completed
9921,1654,2026-03-08,West,cancelled
9922,3934,2024-08-17,Northeast,completed
9923,1163,2024-02-13,Northeast,completed
9924,2536,2024-12-04,Northeast,completed
9925,1297,2024-08-31,West,completed
9926,1525,2026-03-15,Southwest,completed
9927,968,2026-02-03,Midwest,completed
9928,1299,2024-07-14,Northeast,completed
9929,3121,2024-05-23,Southeast,completed
9930,1028,2024-10-06,West,completed
9931,1005,2024-04-20,West,completed
9932,449,2025-04-28,West,completed
9933,3763,2026-06-29,Northeast,completed
9934,3013,2026-05-06,Midwest,completed
9935,1110,2026-02-05,West,completed
9936,737,2025-05-01,West,completed
9937,3375,2025-09-07,West,completed
9938,337,2026-05-22,Southwest,completed
9939,3390,2024-12-27,West,completed
9940,4796,2026-06-09,Midwest,completed
9941,2527,2026-07-09,Midwest,completed
9942,4495,2026-02-24,Northeast,completed
9943,2935,2026-03-27,Southwest,completed
9944,4267,2024-11-04,Northeast,completed
9945,840,2024-05-22,Southwest,returned
9946,1602,2026-08-17,Northeast,completed
9947,2122,2025-06-15,Southeast,completed
9948,3941,2024-02-17,Southeast,completed
9949,4521,2024-10-28,Southeast,completed
9950,2234,2024-11-13,Northeast,completed
9951,4982,2024-04-06,Southeast,completed
9952,3298,2024-06-28,Southeast,completed
9953,4476,2025-08-20,Southeast,completed
9954,4393,2025-03-18,Midwest,completed
9955,3296,2024-02-14,Southeast,completed
9956,3791,2025-01-23,Southeast,completed
9957,2344,2026-05-17,Midwest,completed
9958,3410,2026-05-10,Northeast,completed
9959,1299,2025-03-30,Northeast,completed
9960,3606,2026-06-23,Southeast,completed
9961,2893,2025-05-28,Southwest,completed
9962,211,2025-03-22,Southeast,completed
9963,4028,2025-11-18,West,completed
9964,626,2025-02-17,Midwest,completed
9965,1378,2025-11-14,Southwest,completed
9966,536,2024-11-29,Southwest,completed
9967,3233,2026-04-29,Midwest,completed
9968,4311,2025-10-20,West,returned
9969,27,2025-04-10,Northeast,completed
9970,392,2024-05-12,Southeast,completed
9971,3754,2026-02-25,West,completed
9972,1270,2026-05-19,West,completed
9973,1772,2024-06-11,West,returned
9974,510,2026-01-14,Southwest,completed
9975,195,2025-12-22,Southwest,returned
9976,2424,2026-02-15,Southeast,completed
9977,465,2024-02-16,Midwest,completed
9978,142,2026-06-21,Northeast,completed
9979,1455,2025-11-25,Southwest,completed
9980,3175,2026-01-06,West,completed
9981,4780,2026-08-09,Southeast,completed
9982,1733,2026-07-25,Midwest,completed
9983,2655,2024-06-28,West,completed
9984,1207,2024-04-02,Southwest,completed
9985,3713,2025-09-11,Southwest,completed
9986,4650,2024-01-25,Southeast,completed
9987,1367,2026-06-30,West,completed
9988,2381,2025-11-30,West,completed
9989,3607,2026-01-10,Midwest,completed
9990,1180,2024-12-18,Southeast,completed
9991,787,2024-01-03,Southeast,cancelled
9992,549,2026-01-03,Midwest,completed
9993,644,2026-05-18,Southeast,completed
9994,1355,2024-05-21,Southeast,completed
9995,630,2024-08-07,West,returned
9996,3194,2025-10-22,Southwest,completed
9997,1455,2025-09-27,Southwest,completed
9998,801,2026-08-10,Southeast,completed
9999,1320,2024-12-30,Southwest,completed
10000,130,2026-08-18,Southeast,completed
10001,2453,2025-01-13,Northeast,cancelled
10002,4248,2026-05-21,West,completed
10003,2505,2024-06-09,West,completed
10004,624,2024-07-24,Northeast,completed
10005,1882,2025-09-19,Southeast,completed
10006,1197,2026-03-08,Southwest,cancelled
10007,2974,2025-02-25,Southwest,completed
10008,4082,2024-11-14,Southeast,completed
10009,3998,2026-07-18,Southwest,completed
10010,1326,2026-02-10,Southeast,completed
10011,2940,2025-02-24,West,completed
10012,196,2025-06-27,Southeast,returned
10013,3496,2024-04-26,Southeast,completed
10014,4943,2025-04-12,West,completed
10015,1475,2026-08-25,Southwest,returned
10016,2393,2026-03-21,Southwest,completed
10017,3451,2024-08-18,Midwest,completed
10018,1363,2024-03-06,West,completed
10019,4495,2026-03-03,Northeast,completed
10020,1988,2024-02-28,Midwest,completed
10021,4526,2026-06-26,Northeast,completed
10022,431,2025-08-23,Midwest,completed
10023,3606,2026-07-22,Southeast,completed
10024,4274,2024-02-03,Southwest,completed
10025,2047,2024-04-23,Southeast,completed
10026,4238,2025-08-29,Southwest,cancelled
10027,2263,2024-03-18,Midwest,cancelled
10028,113,2025-05-07,Southwest,completed
10029,2533,2024-07-05,Southwest,completed
10030,3588,2026-04-23,Midwest,completed
10031,129,2026-02-09,West,cancelled
10032,4876,2024-08-12,Midwest,completed
10033,3600,2025-10-19,Midwest,completed
10034,3519,2024-04-11,Southwest,completed
10035,1250,2026-05-21,Midwest,completed
10036,2143,2025-02-25,West,completed
10037,4555,2024-11-07,Southeast,completed
10038,3700,2026-03-13,Midwest,returned
10039,2830,2024-03-13,Northeast,completed
10040,3189,2025-11-21,Southwest,completed
10041,1346,2026-08-25,Northeast,completed
10042,1384,2025-03-16,Southwest,returned
10043,2563,2024-12-14,Southeast,completed
10044,4539,2026-04-15,Midwest,completed
10045,2269,2025-10-09,Northeast,completed
10046,2885,2024-09-04,Southwest,completed
10047,2907,2024-03-24,Midwest,completed
10048,3949,2026-06-12,Southwest,completed
10049,4829,2024-11-24,Northeast,completed
10050,1788,2025-01-27,Northeast,completed
10051,3403,2024-01-09,Southeast,returned
10052,453,2026-01-09,Northeast,completed
10053,617,2024-08-07,Midwest,completed
10054,1490,2025-04-12,Midwest,completed
10055,789,2026-05-02,West,completed
10056,2054,2025-05-08,West,completed
10057,4374,2024-07-29,Midwest,completed
10058,70,2024-09-04,Northeast,completed
10059,3881,2024-12-23,Southwest,completed
10060,4313,2025-03-27,Midwest,completed
10061,4335,2026-04-29,West,completed
10062,3787,2024-03-04,West,completed
10063,3912,2025-11-09,Southwest,completed
10064,348,2025-03-31,Southwest,completed
10065,3884,2025-12-30,Northeast,completed
10066,2967,2024-04-09,Northeast,completed
10067,3034,2025-10-06,Southeast,completed
10068,196,2025-01-21,Southeast,completed
10069,1134,2025-04-12,Southeast,completed
10070,2691,2025-08-28,West,completed
10071,1384,2026-08-17,Southwest,completed
10072,4080,2025-03-20,Northeast,completed
10073,1018,2024-08-01,Midwest,completed
10074,23,2025-02-27,Southwest,completed
10075,3765,2025-11-21,Northeast,completed
10076,4022,2025-08-25,Southwest,completed
10077,1418,2025-06-10,Southeast,completed
10078,909,2024-12-25,Northeast,completed
10079,1678,2024-03-22,Midwest,returned
10080,2728,2025-10-05,Southwest,completed
10081,436,2025-12-25,Northeast,completed
10082,23,2025-12-16,Southwest,completed
10083,4325,2024-01-09,Northeast,returned
10084,4471,2024-08-17,Southwest,completed
10085,664,2024-03-31,Southwest,completed
10086,2631,2024-04-25,Southeast,completed
10087,2956,2024-10-03,Southeast,completed
10088,1934,2025-08-07,Southeast,completed
10089,4623,2025-01-28,Southeast,completed
10090,4490,2024-05-21,West,completed
10091,363,2025-10-02,Northeast,completed
10092,3516,2024-12-23,Midwest,completed
10093,3118,2025-12-25,Southwest,completed
10094,442,2024-03-12,Southeast,completed
10095,3503,2024-01-21,Northeast,completed
10096,3878,2026-06-03,Midwest,completed
10097,3871,2024-09-17,Southeast,completed
10098,2860,2024-07-29,Southeast,completed
10099,1795,2026-01-13,Northeast,completed
10100,4287,2025-11-05,Southeast,cancelled
10101,4205,2026-04-08,Midwest,completed
10102,3362,2026-05-03,Southeast,completed
10103,752,2024-11-24,West,completed
10104,3261,2025-03-24,Midwest,completed
10105,3067,2024-04-30,Northeast,cancelled
10106,3379,2026-08-13,Midwest,completed
10107,493,2025-09-16,Southwest,completed
10108,41,2025-08-25,Southeast,completed
10109,1025,2026-02-28,Southwest,completed
10110,1225,2024-01-29,West,completed
10111,47,2026-05-25,Midwest,completed
10112,1346,2024-08-22,Northeast,completed
10113,870,2025-11-13,West,completed
10114,4052,2025-05-01,Midwest,completed
10115,1922,2025-11-10,Southeast,completed
10116,3327,2024-11-11,Southeast,completed
10117,4198,2026-03-19,Midwest,completed
10118,664,2025-01-19,Southwest,completed
10119,366,2025-08-23,Midwest,cancelled
10120,96,2025-03-18,West,completed
10121,2374,2026-02-02,West,completed
10122,3799,2025-04-08,Southwest,completed
10123,2018,2026-02-22,Southeast,completed
10124,2365,2024-03-21,West,cancelled
10125,1959,2024-10-24,Northeast,completed
10126,1144,2025-07-13,Midwest,completed
10127,3179,2026-08-09,Midwest,completed
10128,60,2026-02-23,Northeast,completed
10129,563,2026-07-21,Southeast,completed
10130,1408,2026-02-11,Southwest,completed
10131,512,2024-08-15,West,completed
10132,3192,2025-12-27,West,completed
10133,3133,2025-08-18,Southwest,completed
10134,1917,2026-08-07,Southwest,cancelled
10135,195,2025-10-17,Southwest,completed
10136,3819,2024-11-22,Midwest,completed
10137,2414,2024-03-12,Southwest,cancelled
10138,1786,2026-05-07,Southeast,completed
10139,493,2026-02-18,Southwest,completed
10140,3064,2025-04-02,Midwest,completed
10141,4966,2024-11-27,Midwest,returned
10142,3736,2024-10-21,Southwest,completed
10143,2214,2024-09-28,West,completed
10144,4644,2026-06-16,Southeast,completed
10145,579,2026-08-18,Southeast,completed
10146,4777,2026-08-04,Northeast,completed
10147,3861,2024-02-12,Southeast,completed
10148,223,2024-10-24,Southwest,completed
10149,500,2026-05-30,Midwest,completed
10150,4810,2024-10-19,Southeast,completed
10151,513,2025-07-08,West,completed
10152,900,2026-03-11,Southwest,completed
10153,1693,2024-08-30,West,completed
10154,2595,2025-01-04,West,completed
10155,512,2025-11-06,West,completed
10156,4949,2025-10-13,Midwest,completed
10157,3575,2024-03-01,Northeast,completed
10158,2971,2025-09-23,Midwest,completed
10159,4724,2025-01-02,Southeast,completed
10160,2526,2024-09-20,Southwest,completed
10161,643,2024-06-01,West,cancelled
10162,2090,2025-03-25,Southwest,completed
10163,1492,2025-11-12,Southeast,completed
10164,2663,2024-07-10,Midwest,completed
10165,566,2026-05-20,Southwest,completed
10166,2708,2025-06-02,Southwest,completed
10167,3825,2025-10-03,Northeast,completed
10168,2156,2025-10-03,Midwest,completed
10169,4305,2025-06-03,Southwest,completed
10170,3718,2026-07-07,Northeast,completed
10171,1316,2025-02-27,Southwest,completed
10172,1846,2025-04-18,Northeast,cancelled
10173,2546,2025-09-30,Southeast,completed
10174,61,2025-08-14,Midwest,completed
10175,1654,2026-01-11,West,completed
10176,1052,2024-09-15,Northeast,completed
10177,968,2026-08-22,Midwest,completed
10178,813,2024-03-29,Southwest,completed
10179,4640,2025-12-23,Southwest,completed
10180,1434,2025-07-20,West,completed
10181,584,2024-06-05,Midwest,completed
10182,424,2025-12-22,Midwest,returned
10183,590,2026-02-16,Southwest,completed
10184,529,2024-05-07,West,completed
10185,2054,2025-02-25,West,completed
10186,3958,2024-06-25,Southeast,cancelled
10187,1053,2024-07-27,Northeast,completed
10188,2556,2026-01-11,West,completed
10189,3521,2025-07-28,Southeast,completed
10190,681,2024-06-22,West,completed
10191,1439,2026-05-27,Midwest,completed
10192,3678,2026-03-14,Midwest,completed
10193,807,2026-02-19,Southeast,completed
10194,3184,2025-04-14,Midwest,completed
10195,87,2024-08-18,Midwest,completed
10196,2996,2025-10-25,Midwest,completed
10197,4720,2025-12-01,West,completed
10198,4462,2025-02-22,Midwest,completed
10199,166,2024-04-05,Northeast,completed
10200,653,2026-08-16,Southwest,cancelled
10201,347,2025-03-06,Northeast,completed
10202,814,2026-02-04,West,completed
10203,4979,2026-07-11,Northeast,completed
10204,698,2026-03-15,Northeast,completed
10205,97,2024-10-10,Northeast,completed
10206,4520,2025-06-06,Southwest,completed
10207,607,2024-11-25,Southeast,completed
10208,4140,2024-05-07,Southwest,completed
10209,2120,2026-04-19,Midwest,completed
10210,1077,2025-03-10,Southwest,completed
10211,3328,2026-08-24,Northeast,completed
10212,1638,2026-05-22,West,returned
10213,2966,2025-04-23,Midwest,cancelled
10214,1804,2025-12-12,Northeast,completed
10215,1789,2024-04-24,Southeast,completed
10216,157,2026-07-21,Southwest,cancelled
10217,3656,2024-07-09,West,completed
10218,1558,2026-07-28,Southeast,completed
10219,4648,2025-04-10,Midwest,completed
10220,2571,2024-01-14,West,completed
10221,4345,2025-06-10,Northeast,completed
10222,4490,2025-08-05,West,returned
10223,213,2025-03-22,Midwest,returned
10224,83,2025-08-24,Southwest,completed
10225,705,2025-05-15,Northeast,completed
10226,1707,2026-02-05,West,completed
10227,3086,2026-06-12,Southeast,completed
10228,2716,2025-09-15,Midwest,completed
10229,3518,2026-04-03,West,completed
10230,4273,2026-02-12,Southwest,completed
10231,817,2026-02-24,Southeast,completed
10232,2424,2026-06-07,Southeast,completed
10233,2617,2025-06-29,Southwest,cancelled
10234,4414,2024-02-18,Southwest,completed
10235,144,2025-08-02,Southwest,completed
10236,4071,2024-09-22,West,completed
10237,254,2024-04-14,Southeast,completed
10238,460,2025-04-28,Southwest,completed
10239,3478,2024-07-27,Northeast,completed
10240,2442,2024-02-23,Southeast,completed
10241,1028,2026-04-08,West,completed
10242,4127,2024-09-15,Southeast,completed
10243,203,2024-10-16,Southeast,completed
10244,1846,2024-11-29,Northeast,completed
10245,4734,2025-04-17,Southeast,completed
10246,169,2026-01-23,Midwest,completed
10247,2031,2024-11-29,West,completed
10248,2972,2024-09-25,Northeast,completed
10249,166,2026-05-26,Northeast,completed
10250,2494,2024-05-26,Midwest,completed
10251,1681,2026-06-18,West,completed
10252,3151,2024-02-05,Northeast,completed
10253,3489,2024-04-07,Midwest,completed
10254,1551,2024-03-25,Southeast,completed
10255,4608,2025-03-03,Northeast,completed
10256,633,2025-08-24,Northeast,completed
10257,2448,2025-01-03,Midwest,cancelled
10258,2431,2024-09-20,West,completed
10259,1692,2026-06-14,West,completed
10260,4615,2024-05-26,Northeast,completed
10261,3504,2025-09-14,Midwest,completed
10262,451,2024-08-07,Midwest,completed
10263,3134,2026-04-25,Northeast,completed
10264,1477,2024-11-29,Midwest,completed
10265,2831,2025-08-12,Southeast,cancelled
10266,1791,2025-11-11,Southeast,completed
10267,4383,2024-05-08,Southwest,completed
10268,2373,2024-09-11,Northeast,completed
10269,1727,2024-12-08,West,completed
10270,2071,2024-03-21,Southwest,completed
10271,2254,2026-03-15,Northeast,completed
10272,24,2025-01-27,West,completed
10273,1285,2025-07-04,Southwest,completed
10274,1030,2026-05-16,Midwest,completed
10275,4138,2024-04-18,Southwest,completed
10276,1786,2025-10-28,Southeast,completed
10277,3216,2026-05-31,Northeast,completed
10278,3981,2025-10-16,Midwest,completed
10279,328,2024-12-22,Southeast,completed
10280,4060,2024-02-18,Midwest,completed
10281,3859,2024-04-26,Southwest,completed
10282,4733,2025-10-27,Southeast,returned
10283,4810,2024-04-08,Southeast,completed
10284,3291,2025-05-28,Southwest,completed
10285,3110,2025-07-08,Southwest,completed
10286,3464,2026-08-02,West,completed
10287,3242,2024-03-29,Southwest,completed
10288,1734,2024-02-06,Northeast,cancelled
10289,671,2025-08-26,Northeast,cancelled
10290,683,2025-12-20,Midwest,completed
10291,1879,2025-12-13,Northeast,completed
10292,1422,2025-07-19,Southwest,returned
10293,2685,2024-08-15,Midwest,completed
10294,391,2024-11-04,Northeast,completed
10295,4032,2024-10-08,Southeast,completed
10296,531,2026-08-18,Southeast,completed
10297,2314,2026-07-07,Northeast,completed
10298,3063,2025-01-06,Southeast,completed
10299,51,2025-10-26,West,completed
10300,1553,2024-08-22,Southwest,returned
10301,141,2025-10-26,Southeast,completed
10302,1226,2025-01-23,Midwest,completed
10303,2884,2025-09-05,Southeast,completed
10304,4178,2024-09-16,West,completed
10305,1090,2024-03-25,Northeast,completed
10306,3964,2025-09-14,West,completed
10307,4848,2025-08-09,Southwest,completed
10308,2571,2025-07-01,West,completed
10309,3136,2026-05-02,Southwest,cancelled
10310,1984,2026-01-17,West,completed
10311,2932,2026-05-26,Northeast,completed
10312,2156,2026-05-14,Midwest,completed
10313,559,2025-01-08,Midwest,completed
10314,3204,2025-08-27,Northeast,completed
10315,542,2024-05-26,Midwest,completed
10316,4438,2026-07-23,Southeast,completed
10317,3181,2025-12-07,Northeast,completed
10318,4719,2024-01-16,Southwest,completed
10319,1874,2024-09-15,Southeast,completed
10320,2557,2025-03-20,West,completed
10321,2254,2025-07-11,Northeast,completed
10322,3301,2024-09-23,West,completed
10323,4241,2025-08-15,Northeast,completed
10324,1559,2025-02-08,Southwest,completed
10325,1622,2025-04-21,Southeast,completed
10326,2588,2025-10-31,Northeast,completed
10327,1680,2025-09-29,West,completed
10328,3410,2024-03-18,Northeast,completed
10329,3316,2025-05-30,Northeast,completed
10330,4344,2025-07-01,West,completed
10331,1841,2024-12-04,West,returned
10332,4039,2024-07-23,Midwest,completed
10333,3510,2024-07-10,Northeast,completed
10334,2079,2024-04-18,Southeast,completed
10335,70,2024-06-18,Northeast,returned
10336,1351,2026-03-12,Midwest,completed
10337,434,2025-01-30,West,completed
10338,1170,2024-05-18,Midwest,completed
10339,2769,2024-06-08,Northeast,completed
10340,447,2024-11-10,Northeast,completed
10341,4224,2026-07-10,Midwest,completed
10342,4434,2024-10-09,Midwest,cancelled
10343,372,2024-09-26,Southeast,completed
10344,4576,2025-11-15,Southeast,returned
10345,3837,2026-06-13,Southeast,completed
10346,46,2026-07-29,West,completed
10347,239,2025-10-21,Southwest,completed
10348,560,2024-03-07,Midwest,cancelled
10349,352,2026-03-12,Southeast,completed
10350,1076,2025-02-01,West,completed
10351,4442,2025-05-14,Midwest,completed
10352,3946,2026-04-12,Southwest,completed
10353,525,2026-04-19,Midwest,completed
10354,1368,2024-10-22,Southeast,completed
10355,622,2025-09-28,West,completed
10356,3283,2026-02-21,West,completed
10357,3134,2025-11-06,Northeast,returned
10358,2213,2026-05-05,Northeast,completed
10359,230,2024-10-25,Southwest,completed
10360,458,2025-12-03,Midwest,completed
10361,272,2025-12-13,Midwest,completed
10362,2567,2025-03-03,Southwest,completed
10363,849,2025-02-13,Southeast,completed
10364,2242,2024-01-07,West,completed
10365,2371,2026-01-07,Southeast,completed
10366,2336,2026-01-26,Southwest,completed
10367,212,2026-08-14,West,cancelled
10368,4265,2024-03-17,Midwest,completed
10369,442,2025-07-10,Southeast,completed
10370,1303,2024-01-02,Northeast,completed
10371,1771,2025-06-07,Midwest,completed
10372,4621,2024-06-01,Northeast,completed
10373,1126,2026-04-18,Southwest,completed
10374,1833,2024-10-23,Midwest,completed
10375,4245,2026-03-09,Midwest,completed
10376,475,2026-07-05,Midwest,completed
10377,4428,2025-11-23,Northeast,completed
10378,4504,2026-05-06,Northeast,completed
10379,538,2026-08-12,Southeast,completed
10380,3212,2024-12-11,West,completed
10381,1220,2024-06-03,Southwest,completed
10382,3107,2025-02-19,West,completed
10383,3479,2024-11-30,Northeast,cancelled
10384,4947,2026-05-14,Midwest,returned
10385,617,2024-09-22,Midwest,completed
10386,4228,2026-03-05,Northeast,completed
10387,401,2025-02-25,Midwest,completed
10388,3695,2025-07-23,Southeast,cancelled
10389,3080,2026-03-31,Northeast,completed
10390,1010,2026-04-07,Northeast,completed
10391,3159,2024-06-21,Northeast,completed
10392,3494,2026-02-23,Northeast,completed
10393,3274,2025-02-23,Southwest,completed
10394,1000,2025-07-13,Southwest,completed
10395,4381,2024-01-24,Southwest,completed
10396,1628,2024-01-09,Southeast,completed
10397,4085,2025-08-30,Southeast,completed
10398,3487,2026-06-22,Southeast,completed
10399,3892,2026-07-08,Northeast,completed
10400,2487,2025-11-10,Southwest,completed
10401,545,2026-05-13,Southwest,completed
10402,2134,2025-08-04,Southwest,cancelled
10403,500,2024-08-28,Midwest,completed
10404,2465,2025-08-07,Southwest,completed
10405,509,2025-10-12,Midwest,completed
10406,2396,2025-06-10,Southwest,completed
10407,4380,2024-06-08,Northeast,completed
10408,4040,2025-04-07,Southeast,completed
10409,1959,2025-08-25,Northeast,completed
10410,2599,2026-04-20,West,completed
10411,2611,2026-08-05,Southwest,completed
10412,2691,2026-02-24,West,returned
10413,3850,2024-06-06,Southeast,completed
10414,2359,2024-06-09,West,completed
10415,4937,2026-05-19,West,completed
10416,3398,2025-06-17,Southeast,completed
10417,3654,2024-08-28,Southwest,completed
10418,3451,2024-06-02,Midwest,completed
10419,510,2024-03-12,Southwest,completed
10420,266,2026-04-23,Northeast,completed
10421,1845,2026-02-10,Midwest,completed
10422,2978,2026-06-23,Northeast,completed
10423,4982,2025-08-02,Southeast,completed
10424,3216,2025-12-15,Northeast,completed
10425,4907,2025-11-07,Midwest,completed
10426,4762,2024-09-27,Northeast,returned
10427,337,2025-07-09,Southwest,completed
10428,1597,2025-06-18,Midwest,completed
10429,2045,2025-07-22,West,returned
10430,4412,2024-07-15,West,completed
10431,2532,2024-04-23,West,completed
10432,4633,2026-01-14,Southeast,completed
10433,3751,2024-04-01,Southeast,completed
10434,945,2024-09-29,Southwest,completed
10435,3032,2024-04-09,Midwest,completed
10436,2802,2024-08-11,Northeast,completed
10437,1081,2025-05-05,West,completed
10438,1238,2025-02-04,Southwest,cancelled
10439,2630,2026-08-01,West,completed
10440,80,2024-08-04,Northeast,completed
10441,4823,2024-10-23,West,completed
10442,2841,2024-05-20,Northeast,completed
10443,2461,2024-08-14,Midwest,completed
10444,1152,2024-02-29,Southeast,completed
10445,4687,2024-01-17,Southwest,completed
10446,3406,2024-06-10,Southwest,completed
10447,1880,2026-03-24,Southeast,completed
10448,3854,2025-03-10,Southeast,completed
10449,1644,2024-10-14,Midwest,completed
10450,4908,2026-05-01,Northeast,cancelled
10451,3921,2025-01-01,Midwest,completed
10452,4365,2025-12-08,Southwest,completed
10453,1758,2026-05-21,Southwest,completed
10454,4972,2025-09-11,West,completed
10455,4363,2024-06-28,Midwest,completed
10456,2789,2026-06-10,West,completed
10457,2474,2024-10-31,Southwest,completed
10458,2673,2025-04-17,Midwest,completed
10459,3828,2025-11-10,Midwest,completed
10460,2474,2026-03-02,Southwest,completed
10461,3438,2025-09-18,Midwest,completed
10462,1854,2025-04-15,Southeast,completed
10463,3396,2026-01-08,Southeast,completed
10464,1353,2025-04-26,Southeast,completed
10465,1516,2026-04-30,Southwest,completed
10466,3739,2026-01-06,Midwest,completed
10467,3757,2026-07-31,Southeast,completed
10468,1981,2024-08-31,Northeast,completed
10469,2965,2026-01-25,Southwest,completed
10470,4827,2025-11-07,Southwest,completed
10471,3038,2024-01-05,West,completed
10472,2795,2026-03-09,Southwest,completed
10473,991,2025-01-17,Midwest,completed
10474,1777,2025-07-25,Northeast,cancelled
10475,1500,2025-05-02,Southwest,completed
10476,1838,2026-05-10,Midwest,completed
10477,19,2026-02-09,West,completed
10478,995,2024-07-12,Northeast,completed
10479,785,2025-12-21,Southeast,completed
10480,4887,2026-08-02,Northeast,completed
10481,1518,2026-07-21,West,completed
10482,4192,2026-08-23,Southwest,returned
10483,3368,2025-02-09,Southeast,completed
10484,3074,2026-02-20,Southeast,completed
10485,3209,2025-12-08,Northeast,completed
10486,3060,2024-09-07,Midwest,completed
10487,3820,2024-02-17,Southwest,completed
10488,1204,2026-03-08,Midwest,cancelled
10489,3055,2025-08-14,Southwest,completed
10490,2901,2025-10-01,Midwest,returned
10491,1008,2025-12-23,Southwest,completed
10492,3263,2024-02-18,Southwest,completed
10493,3406,2026-06-01,Southwest,completed
10494,45,2024-08-24,Southwest,completed
10495,1648,2026-04-28,Southwest,completed
10496,2753,2025-11-12,Northeast,completed
10497,1436,2024-05-16,Southeast,completed
10498,4185,2025-01-16,Midwest,completed
10499,3714,2024-11-24,Southwest,completed
10500,3680,2024-08-08,Southwest,completed
10501,1745,2025-05-27,Midwest,completed
10502,3598,2024-03-30,Midwest,completed
10503,3164,2025-03-02,Southwest,completed
10504,4662,2024-06-24,West,completed
10505,3963,2026-06-08,Southwest,completed
10506,1639,2026-01-01,Northeast,completed
10507,783,2024-08-12,Midwest,completed
10508,685,2025-06-01,Midwest,completed
10509,4153,2026-08-12,Southeast,cancelled
10510,2781,2024-03-01,Southeast,completed
10511,2922,2024-11-13,Southwest,completed
10512,2563,2024-10-05,Southeast,completed
10513,1879,2024-06-21,Northeast,returned
10514,1088,2025-03-23,Northeast,completed
10515,3964,2025-05-29,West,completed
10516,382,2025-03-23,Southwest,returned
10517,4541,2025-11-08,Southwest,completed
10518,665,2024-07-03,West,completed
10519,4924,2024-07-20,Southwest,completed
10520,1468,2025-12-21,West,completed
10521,2742,2024-04-24,West,returned
10522,978,2025-03-11,Southwest,completed
10523,902,2024-07-24,Southwest,completed
10524,3402,2025-04-06,Midwest,completed
10525,1388,2024-07-28,West,completed
10526,4042,2024-04-16,Southeast,completed
10527,1894,2025-10-06,Midwest,completed
10528,4310,2024-12-24,Midwest,completed
10529,2986,2024-02-12,Midwest,completed
10530,3803,2025-09-11,Midwest,completed
10531,4639,2024-04-28,West,completed
10532,3216,2025-06-29,Northeast,completed
10533,2324,2025-08-20,West,completed
10534,4316,2024-03-25,Southeast,completed
10535,1072,2024-09-07,Southwest,completed
10536,3126,2024-06-03,West,completed
10537,434,2026-03-22,West,returned
10538,3868,2026-07-30,West,completed
10539,4147,2025-05-23,Northeast,completed
10540,3107,2025-10-29,West,completed
10541,1227,2024-02-25,Southwest,completed
10542,1278,2026-01-29,West,completed
10543,996,2025-03-23,West,completed
10544,2070,2024-04-06,Southeast,cancelled
10545,620,2026-06-27,Southeast,completed
10546,4430,2024-06-28,Northeast,completed
10547,625,2025-04-14,Midwest,completed
10548,4416,2026-07-04,Southeast,completed
10549,3787,2024-07-07,West,completed
10550,4096,2024-07-14,Southeast,completed
10551,4548,2024-09-16,West,completed
10552,668,2026-05-23,West,completed
10553,854,2026-08-04,Southwest,returned
10554,1459,2025-09-28,Southwest,completed
10555,2073,2026-07-18,Northeast,completed
10556,982,2025-01-05,West,returned
10557,3640,2025-06-10,Southwest,returned
10558,1160,2025-11-11,West,completed
10559,1173,2024-02-25,Midwest,completed
10560,2705,2024-05-31,West,completed
10561,1991,2026-07-28,Northeast,completed
10562,2917,2025-11-16,Southwest,completed
10563,3408,2024-04-23,West,completed
10564,4625,2025-04-21,Southeast,completed
10565,2341,2025-05-31,Midwest,completed
10566,3661,2025-08-16,Southwest,completed
10567,3146,2026-03-13,Northeast,completed
10568,4242,2025-08-17,Midwest,completed
10569,4666,2024-03-08,Midwest,completed
10570,2816,2025-05-19,Northeast,returned
10571,4455,2024-05-13,Southwest,returned
10572,4823,2025-11-26,West,completed
10573,4364,2026-04-19,Midwest,completed
10574,2573,2025-02-10,Southwest,completed
10575,3690,2025-03-19,Midwest,completed
10576,1052,2025-01-16,Northeast,completed
10577,2971,2026-01-21,Midwest,cancelled
10578,785,2025-03-07,Southeast,completed
10579,1949,2025-12-25,Southeast,completed
10580,4097,2026-05-02,Southeast,completed
10581,1552,2024-02-11,Northeast,completed
10582,250,2024-01-04,Southeast,cancelled
10583,4724,2026-06-15,Southeast,completed
10584,4472,2025-07-02,Southeast,completed
10585,2241,2024-08-11,Southeast,completed
10586,341,2025-01-05,Northeast,completed
10587,1182,2024-05-25,Northeast,completed
10588,1535,2025-10-25,West,completed
10589,2790,2024-04-25,Midwest,completed
10590,3306,2024-11-04,West,completed
10591,1887,2024-02-09,West,completed
10592,2483,2024-08-22,Southeast,completed
10593,4641,2024-09-26,Southwest,completed
10594,1715,2024-06-05,West,completed
10595,2921,2024-03-17,Southeast,returned
10596,1603,2024-10-04,Southwest,completed
10597,311,2024-06-01,Northeast,completed
10598,3109,2024-05-08,West,completed
10599,1572,2024-12-11,Southwest,completed
10600,4295,2024-12-19,Southeast,completed
10601,1479,2025-03-30,Northeast,completed
10602,39,2026-08-22,Northeast,completed
10603,1765,2025-06-04,Midwest,completed
10604,642,2024-02-04,Southwest,completed
10605,2522,2025-03-26,Midwest,completed
10606,3763,2025-09-23,Northeast,returned
10607,3924,2026-02-26,Midwest,completed
10608,2208,2025-01-13,West,completed
10609,2215,2024-11-30,Northeast,completed
10610,1730,2025-01-10,Southeast,returned
10611,1087,2024-04-30,West,completed
10612,963,2024-08-13,Midwest,completed
10613,360,2024-09-24,Northeast,cancelled
10614,1740,2025-07-27,Midwest,cancelled
10615,4325,2024-11-30,Northeast,completed
10616,1341,2025-07-07,West,completed
10617,1273,2025-08-10,West,completed
10618,3297,2026-04-19,Southwest,completed
10619,1332,2025-08-14,Midwest,completed
10620,4317,2025-06-27,Southeast,completed
10621,4908,2026-05-29,Northeast,completed
10622,3193,2026-02-01,Northeast,completed
10623,1001,2024-01-04,Southwest,completed
10624,1214,2026-01-26,Midwest,completed
10625,3831,2026-07-24,Southwest,completed
10626,1389,2025-12-13,Northeast,completed
10627,1625,2026-04-18,Midwest,completed
10628,3133,2024-07-10,Southwest,completed
10629,2018,2024-11-19,Southeast,completed
10630,1173,2026-04-20,Midwest,completed
10631,4976,2025-07-16,Northeast,completed
10632,1784,2024-10-08,Northeast,completed
10633,4445,2025-12-13,West,completed
10634,1313,2025-10-23,Southeast,returned
10635,1537,2024-09-01,Southeast,completed
10636,2445,2024-10-31,West,completed
10637,2842,2026-01-24,Midwest,completed
10638,3917,2024-08-27,West,returned
10639,2597,2026-04-06,Northeast,completed
10640,1158,2025-08-22,Northeast,completed
10641,3372,2025-11-09,West,completed
10642,2442,2024-07-11,Southeast,cancelled
10643,4071,2024-07-10,West,completed
10644,111,2025-09-28,Northeast,completed
10645,4608,2025-10-29,Northeast,completed
10646,2071,2026-06-19,Southwest,completed
10647,1289,2025-02-23,Southeast,completed
10648,1284,2024-07-13,Southwest,completed
10649,1054,2026-07-08,Southwest,returned
10650,3366,2026-05-13,Northeast,completed
10651,261,2025-07-31,West,completed
10652,3074,2026-03-08,Southeast,completed
10653,2021,2026-05-22,Midwest,returned
10654,4829,2025-04-07,Northeast,completed
10655,1288,2024-08-01,Southwest,cancelled
10656,4601,2025-06-16,Southeast,completed
10657,1467,2024-03-31,Midwest,completed
10658,2621,2026-05-17,Northeast,completed
10659,2084,2024-04-01,Midwest,completed
10660,1103,2024-04-08,Midwest,returned
10661,2819,2025-05-29,Midwest,completed
10662,1276,2025-11-28,West,completed
10663,2307,2025-02-08,West,completed
10664,3076,2026-05-20,Midwest,completed
10665,464,2026-07-24,Northeast,completed
10666,1473,2025-01-11,Southwest,cancelled
10667,1748,2025-04-24,Midwest,completed
10668,1318,2024-10-07,Southeast,completed
10669,3529,2026-01-23,Northeast,completed
10670,2450,2025-02-12,Northeast,completed
10671,130,2026-02-09,Southeast,completed
10672,1975,2025-06-10,West,completed
10673,458,2025-10-21,Midwest,completed
10674,4381,2026-06-22,Southwest,completed
10675,3478,2024-04-17,Northeast,completed
10676,3298,2024-01-31,Southeast,completed
10677,1394,2024-04-16,Southeast,completed
10678,840,2025-05-10,Southwest,completed
10679,3181,2025-10-10,Northeast,completed
10680,3481,2026-05-09,Southwest,returned
10681,803,2024-11-23,Midwest,completed
10682,2903,2025-09-02,Southeast,completed
10683,4294,2026-07-03,Southwest,cancelled
10684,1499,2024-09-21,Midwest,returned
10685,997,2026-07-04,Southwest,completed
10686,2947,2025-04-29,Northeast,completed
10687,204,2025-12-25,Northeast,completed
10688,4353,2024-06-26,Midwest,completed
10689,516,2026-06-28,Northeast,completed
10690,2749,2024-05-25,Midwest,completed
10691,375,2025-02-02,Southeast,cancelled
10692,972,2025-02-11,Midwest,completed
10693,638,2025-05-18,Northeast,completed
10694,68,2026-06-08,Midwest,completed
10695,1400,2025-11-23,Southwest,completed
10696,3672,2024-10-11,Southwest,completed
10697,3569,2024-07-25,Northeast,completed
10698,493,2026-03-10,Southwest,completed
10699,3525,2025-04-02,Southeast,completed
10700,1394,2024-08-22,Southeast,completed
10701,2186,2025-03-20,Southwest,completed
10702,3801,2024-10-22,Northeast,completed
10703,2767,2025-02-25,Northeast,completed
10704,2692,2024-08-21,Northeast,completed
10705,4122,2024-02-08,West,completed
10706,205,2025-05-22,Midwest,completed
10707,3643,2025-01-17,Midwest,completed
10708,898,2024-04-05,Southwest,completed
10709,23,2026-01-31,Southwest,completed
10710,1852,2024-07-12,Northeast,completed
10711,4257,2025-12-22,West,completed
10712,2881,2024-08-30,Northeast,completed
10713,211,2024-07-11,Southeast,completed
10714,3144,2026-06-12,Midwest,completed
10715,167,2026-01-26,West,completed
10716,2561,2025-09-17,Midwest,completed
10717,930,2025-03-21,Southwest,completed
10718,3963,2025-06-03,Southwest,cancelled
10719,4972,2026-03-10,West,completed
10720,4760,2026-04-03,Midwest,cancelled
10721,578,2024-02-03,Midwest,completed
10722,660,2025-12-14,Midwest,completed
10723,2736,2024-02-07,West,completed
10724,3198,2025-10-01,Midwest,completed
10725,1234,2025-07-25,Southwest,cancelled
10726,1616,2024-06-26,Southwest,completed
10727,2316,2024-12-05,Northeast,completed
10728,2842,2025-03-12,Midwest,completed
10729,4251,2026-01-26,Southwest,completed
10730,1323,2024-12-14,Midwest,completed
10731,4826,2024-10-22,Southeast,completed
10732,1304,2026-04-24,Southwest,completed
10733,2958,2024-08-31,Northeast,completed
10734,2977,2026-02-26,Southwest,completed
10735,4058,2026-06-04,Northeast,completed
10736,1432,2025-06-02,Southwest,cancelled
10737,2148,2026-01-09,West,completed
10738,4504,2026-03-29,Northeast,completed
10739,2514,2025-08-02,Southeast,completed
10740,2113,2026-05-21,Southwest,completed
10741,2558,2025-06-05,Midwest,completed
10742,2495,2025-09-19,Southeast,completed
10743,3857,2026-01-03,Midwest,completed
10744,1138,2025-10-26,West,completed
10745,274,2024-12-04,Southeast,completed
10746,4604,2026-07-05,West,completed
10747,158,2024-10-12,Southeast,completed
10748,3972,2024-08-17,Midwest,completed
10749,3323,2024-04-30,Midwest,completed
10750,4142,2025-12-26,West,completed
10751,2649,2025-07-20,Northeast,completed
10752,4901,2025-07-30,Southwest,completed
10753,1132,2024-10-17,Northeast,completed
10754,4618,2024-02-21,Southwest,completed
10755,3432,2025-12-04,Northeast,completed
10756,4647,2025-04-28,Northeast,returned
10757,2609,2026-04-23,Midwest,completed
10758,4293,2025-12-29,Midwest,completed
10759,1532,2025-01-12,Southeast,completed
10760,880,2024-11-27,Southwest,completed
10761,4363,2024-06-25,Midwest,completed
10762,2035,2024-05-16,West,completed
10763,4763,2024-04-06,Southwest,completed
10764,632,2024-12-18,Midwest,completed
10765,3535,2026-08-14,West,completed
10766,1764,2024-01-21,Southeast,completed
10767,3303,2024-02-21,Northeast,completed
10768,2682,2024-03-26,Southeast,completed
10769,1266,2026-02-20,Southwest,completed
10770,4444,2025-08-16,Northeast,returned
10771,544,2025-03-13,Southwest,completed
10772,3482,2024-06-25,Southwest,completed
10773,4015,2026-05-01,Southwest,completed
10774,2807,2025-06-20,Midwest,completed
10775,3764,2026-07-21,Southwest,completed
10776,4318,2025-07-20,West,cancelled
10777,482,2026-04-16,Northeast,completed
10778,3276,2026-08-18,Southeast,completed
10779,2498,2024-09-12,West,cancelled
10780,3253,2025-03-02,Midwest,completed
10781,4387,2024-03-21,West,completed
10782,941,2025-01-09,Southeast,completed
10783,2835,2024-10-28,Southwest,completed
10784,313,2024-01-18,West,completed
10785,2853,2025-04-02,Southeast,completed
10786,2428,2026-03-01,Midwest,completed
10787,2937,2025-04-15,West,completed
10788,111,2026-02-19,Northeast,cancelled
10789,4788,2025-01-31,Northeast,completed
10790,54,2024-11-30,West,completed
10791,963,2026-03-10,Midwest,completed
10792,2817,2024-12-21,Midwest,completed
10793,2642,2025-07-03,Southeast,completed
10794,1002,2025-07-24,Northeast,completed
10795,491,2025-08-21,Midwest,completed
10796,688,2025-04-07,Southwest,completed
10797,4441,2025-10-19,West,cancelled
10798,159,2025-12-07,Northeast,completed
10799,1373,2025-12-11,Northeast,completed
10800,1734,2026-06-19,Northeast,completed
10801,250,2026-08-22,Southeast,completed
10802,1328,2026-04-16,Southeast,completed
10803,780,2024-06-14,Southwest,completed
10804,655,2024-02-25,Southeast,completed
10805,2564,2025-02-13,West,completed
10806,1967,2025-09-27,Northeast,completed
10807,4918,2026-04-27,Southwest,completed
10808,2067,2025-04-25,Northeast,completed
10809,1061,2024-12-16,Northeast,completed
10810,3426,2025-03-11,Southwest,completed
10811,4944,2024-10-21,West,completed
10812,3235,2024-03-13,Southwest,completed
10813,2213,2026-02-25,Northeast,completed
10814,3683,2025-09-13,Southwest,completed
10815,3367,2025-10-01,Southwest,completed
10816,81,2025-01-06,Southeast,completed
10817,2660,2024-10-18,Southeast,completed
10818,4268,2024-03-30,Midwest,completed
10819,335,2026-08-09,Midwest,completed
10820,1804,2026-06-25,Northeast,completed
10821,4209,2024-11-25,Southeast,completed
10822,897,2024-09-07,Southwest,completed
10823,1177,2025-07-11,West,completed
10824,2610,2025-07-06,Midwest,completed
10825,3362,2025-12-27,Southeast,completed
10826,2403,2026-07-09,Midwest,completed
10827,1740,2024-08-12,Midwest,cancelled
10828,954,2025-08-02,Northeast,completed
10829,760,2024-04-06,Northeast,completed
10830,1494,2026-02-04,Northeast,completed
10831,1624,2026-07-01,Northeast,completed
10832,2198,2025-12-17,Southwest,completed
10833,2543,2024-04-26,Northeast,completed
10834,3412,2025-10-12,Midwest,cancelled
10835,3492,2025-05-24,West,completed
10836,2212,2026-08-12,West,completed
10837,822,2024-04-04,West,completed
10838,2151,2024-12-25,Southeast,completed
10839,4458,2025-10-28,Southwest,completed
10840,1913,2024-12-31,Midwest,completed
10841,3379,2024-02-11,Midwest,completed
10842,3886,2024-10-15,Southwest,completed
10843,903,2024-05-13,Southeast,completed
10844,4615,2024-06-10,Northeast,completed
10845,4756,2024-04-01,Southeast,completed
10846,2983,2026-02-19,Midwest,completed
10847,4729,2024-10-25,Southeast,completed
10848,1109,2025-10-26,Southwest,completed
10849,3787,2026-03-29,West,completed
10850,4060,2024-10-08,Midwest,completed
10851,679,2026-05-02,Northeast,completed
10852,1598,2026-08-20,Northeast,cancelled
10853,1267,2024-06-16,Southwest,completed
10854,229,2025-12-16,West,completed
10855,3395,2026-03-26,Midwest,completed
10856,21,2025-10-15,West,cancelled
10857,4163,2024-05-21,Southeast,completed
10858,1216,2024-05-23,Southwest,completed
10859,3073,2025-04-13,Southwest,completed
10860,1865,2024-07-09,Northeast,completed
10861,2617,2025-02-13,Southwest,completed
10862,1082,2025-12-14,Southeast,returned
10863,784,2024-11-08,Southeast,completed
10864,3477,2024-10-10,Southeast,completed
10865,425,2024-06-20,Midwest,returned
10866,2042,2024-11-22,Northeast,completed
10867,1633,2024-08-22,Northeast,completed
10868,1913,2026-06-11,Midwest,completed
10869,2964,2026-05-06,West,completed
10870,1265,2026-05-25,Southeast,completed
10871,2232,2025-05-29,Southeast,completed
10872,2865,2024-10-14,Southeast,completed
10873,4131,2024-05-10,Southeast,completed
10874,1125,2025-09-28,West,completed
10875,2194,2025-06-26,West,completed
10876,185,2026-05-25,West,completed
10877,749,2024-01-20,Southeast,returned
10878,4274,2025-06-28,Southwest,completed
10879,3268,2025-12-10,Southeast,completed
10880,4447,2024-04-18,Southwest,completed
10881,2739,2025-07-20,Southwest,completed
10882,1732,2024-11-30,Southeast,completed
10883,4237,2024-05-13,Midwest,completed
10884,3853,2025-08-22,Northeast,completed
10885,753,2025-10-13,Southeast,completed
10886,1841,2026-03-08,West,completed
10887,769,2024-09-20,Southwest,completed
10888,794,2024-05-06,Southwest,completed
10889,3666,2025-03-02,Northeast,completed
10890,1655,2024-02-26,Southwest,completed
10891,2306,2025-11-21,Southwest,completed
10892,4911,2026-02-01,Southeast,completed
10893,1419,2025-04-26,Southeast,completed
10894,3000,2024-05-13,Northeast,completed
10895,547,2026-08-06,West,completed
10896,3554,2025-01-17,Southeast,returned
10897,1098,2026-06-22,West,completed
10898,902,2024-02-11,Southwest,completed
10899,1379,2025-02-06,Northeast,completed
10900,2986,2025-07-19,Midwest,completed
10901,3429,2025-10-22,Southwest,cancelled
10902,2040,2026-04-26,Southeast,completed
10903,2134,2025-11-23,Southwest,completed
10904,732,2025-07-22,Northeast,completed
10905,2589,2024-02-29,Southwest,completed
10906,928,2024-04-09,West,completed
10907,499,2024-07-08,Northeast,completed
10908,707,2026-01-01,Southeast,completed
10909,1627,2024-06-07,Midwest,completed
10910,4391,2026-07-06,Northeast,completed
10911,4733,2024-04-15,Southeast,completed
10912,192,2024-12-23,Northeast,completed
10913,491,2026-03-28,Midwest,completed
10914,870,2025-12-31,West,completed
10915,3004,2025-09-11,Southeast,completed
10916,3897,2025-03-20,Northeast,completed
10917,2684,2026-04-14,West,cancelled
10918,4622,2024-04-05,Southeast,completed
10919,3598,2024-10-04,Midwest,completed
10920,1932,2025-04-05,Midwest,completed
10921,3184,2026-01-17,Midwest,completed
10922,2617,2026-01-16,Southwest,completed
10923,697,2024-12-18,Southeast,completed
10924,2985,2025-03-14,Northeast,completed
10925,3735,2024-12-25,West,completed
10926,2333,2024-02-27,Southwest,completed
10927,4959,2025-05-22,Northeast,completed
10928,2664,2026-02-11,West,completed
10929,3022,2024-05-01,West,completed
10930,4324,2025-08-21,West,returned
10931,4313,2025-02-12,Midwest,completed
10932,656,2025-01-03,West,completed
10933,1091,2025-09-20,Northeast,completed
10934,2595,2026-04-29,West,completed
10935,2942,2025-02-02,West,completed
10936,4943,2025-07-04,West,completed
10937,2364,2026-01-18,West,completed
10938,2778,2024-06-15,Southwest,completed
10939,2049,2024-07-31,Southwest,completed
10940,4339,2024-12-10,Southeast,completed
10941,1514,2026-04-30,Southwest,completed
10942,296,2025-10-14,Southeast,completed
10943,1107,2026-05-15,Midwest,completed
10944,4872,2024-04-27,Southwest,completed
10945,3019,2025-06-18,Northeast,completed
10946,3826,2025-09-10,Southeast,returned
10947,546,2024-04-12,Southeast,completed
10948,3683,2024-12-23,Southwest,completed
10949,1640,2024-08-27,Midwest,completed
10950,2600,2024-04-03,Northeast,completed
10951,3974,2024-03-28,Southwest,cancelled
10952,2177,2024-01-18,Southwest,completed
10953,4526,2025-11-21,Northeast,completed
10954,311,2025-04-18,Northeast,completed
10955,3570,2025-01-01,Southwest,completed
10956,1798,2026-04-02,Southwest,completed
10957,1269,2026-07-17,Southeast,completed
10958,1538,2024-07-28,Southwest,completed
10959,3319,2024-02-25,Northeast,cancelled
10960,256,2025-02-15,West,completed
10961,4781,2025-02-27,Northeast,completed
10962,3225,2026-07-28,West,completed
10963,1498,2025-11-24,Midwest,returned
10964,3622,2025-12-29,Southwest,completed
10965,3747,2026-02-25,Southeast,completed
10966,4848,2024-12-24,Southwest,completed
10967,1880,2024-04-02,Southeast,completed
10968,4903,2024-05-04,Southwest,completed
10969,4186,2026-08-03,Southwest,completed
10970,4842,2025-09-13,Southwest,completed
10971,1497,2024-02-27,Northeast,completed
10972,472,2026-07-10,Southwest,cancelled
10973,1467,2024-01-22,Midwest,cancelled
10974,345,2026-08-17,Midwest,completed
10975,2422,2024-12-23,Southeast,completed
10976,2599,2024-04-20,West,completed
10977,4747,2024-03-06,Midwest,completed
10978,2505,2025-01-18,West,completed
10979,3965,2025-12-24,Southeast,completed
10980,259,2025-04-21,Midwest,completed
10981,246,2026-05-15,Southeast,completed
10982,3138,2025-11-10,Southwest,completed
10983,671,2025-11-19,Northeast,completed
10984,3813,2025-03-02,Southwest,completed
10985,4148,2025-05-27,Midwest,completed
10986,1557,2026-02-11,West,completed
10987,2937,2025-12-16,West,completed
10988,1193,2024-04-22,West,completed
10989,2218,2025-06-24,Southeast,completed
10990,1811,2025-05-31,Northeast,completed
10991,2562,2025-10-19,Southeast,completed
10992,364,2024-04-18,Northeast,completed
10993,2708,2025-05-30,Southwest,completed
10994,1833,2024-09-04,Midwest,completed
10995,2707,2025-12-04,Northeast,completed
10996,2396,2024-04-04,Southwest,cancelled
10997,2061,2026-06-04,West,completed
10998,173,2026-08-21,Midwest,completed
10999,3109,2026-01-29,West,cancelled
11000,4489,2024-02-07,Midwest,completed
11001,919,2025-05-20,Southwest,completed
11002,1064,2024-06-16,Northeast,completed
11003,1611,2025-06-15,West,completed
11004,2361,2025-06-23,Southwest,completed
11005,2203,2025-09-29,Southeast,completed
11006,2999,2024-11-15,West,completed
11007,3975,2025-07-15,Southwest,completed
11008,3119,2024-02-11,Midwest,completed
11009,403,2024-11-17,West,completed
11010,3277,2025-09-17,Northeast,completed
11011,4341,2024-02-17,Midwest,completed
11012,3274,2026-03-08,Southwest,completed
11013,929,2024-08-07,Northeast,completed
11014,3205,2025-07-11,Midwest,completed
11015,3454,2026-05-20,West,completed
11016,1241,2025-01-20,Midwest,completed
11017,3375,2024-03-28,West,completed
11018,4350,2025-12-11,Midwest,completed
11019,2478,2026-06-02,Northeast,completed
11020,2437,2024-02-02,Northeast,completed
11021,1351,2025-07-03,Midwest,completed
11022,4688,2025-12-27,Northeast,completed
11023,3171,2026-08-02,West,completed
11024,533,2025-08-14,Northeast,completed
11025,2473,2024-07-17,Northeast,cancelled
11026,1437,2024-06-05,Southwest,completed
11027,2900,2025-09-06,Southeast,completed
11028,1635,2024-07-25,Southwest,completed
11029,1586,2024-08-30,West,completed
11030,407,2024-06-18,Midwest,completed
11031,4509,2026-04-12,Southwest,completed
11032,1516,2025-02-16,Southwest,completed
11033,2236,2026-06-17,West,completed
11034,1476,2024-05-23,Southeast,completed
11035,2108,2026-02-05,Midwest,returned
11036,1942,2024-09-01,Midwest,completed
11037,384,2025-09-11,Northeast,completed
11038,1247,2025-05-01,Midwest,completed
11039,2836,2026-05-09,Midwest,completed
11040,1507,2026-01-28,Midwest,completed
11041,4663,2025-11-19,West,completed
11042,1951,2024-06-03,Midwest,completed
11043,1315,2024-08-07,Southwest,completed
11044,2672,2024-10-05,Northeast,cancelled
11045,2925,2024-01-30,Southwest,returned
11046,3636,2025-02-07,Southwest,completed
11047,2813,2025-03-05,Midwest,completed
11048,614,2024-02-01,Northeast,completed
11049,3062,2024-12-20,Southeast,completed
11050,498,2024-12-15,West,completed
11051,1914,2025-11-25,Southwest,completed
11052,4968,2024-03-27,Southeast,completed
11053,3281,2025-04-04,West,completed
11054,1394,2024-01-02,Southeast,completed
11055,308,2025-11-13,Southeast,completed
11056,4002,2025-07-11,West,completed
11057,1669,2026-07-26,Northeast,completed
11058,930,2026-06-04,Southwest,cancelled
11059,2960,2025-01-06,Southwest,completed
11060,4966,2024-06-24,Midwest,completed
11061,2496,2025-10-05,Northeast,completed
11062,810,2025-11-03,Midwest,completed
11063,4243,2024-01-05,West,completed
11064,3373,2024-06-10,Southeast,completed
11065,3764,2024-10-19,Southwest,completed
11066,1475,2025-11-03,Southwest,completed
11067,299,2026-08-15,Northeast,completed
11068,322,2025-07-31,Southwest,returned
11069,4621,2025-11-27,Northeast,completed
11070,862,2026-02-10,Midwest,completed
11071,3110,2025-06-17,Southwest,completed
11072,2066,2025-12-31,Southeast,completed
11073,409,2026-04-17,Midwest,completed
11074,4270,2024-08-28,Southeast,completed
11075,4199,2024-09-23,Southeast,completed
11076,4413,2026-05-03,Southeast,returned
11077,2783,2025-03-18,Southeast,completed
11078,886,2024-11-16,Southeast,completed
11079,580,2024-12-21,Northeast,completed
11080,1032,2025-05-08,Northeast,completed
11081,431,2026-05-03,Midwest,returned
11082,4961,2025-07-17,Midwest,completed
11083,2074,2024-09-17,Midwest,completed
11084,2619,2026-01-18,Southeast,completed
11085,1788,2024-02-07,Northeast,completed
11086,912,2025-12-23,Southwest,completed
11087,4001,2024-07-01,Northeast,completed
11088,1185,2024-09-17,Northeast,completed
11089,1718,2026-03-10,Northeast,completed
11090,1527,2024-03-07,Southwest,completed
11091,2463,2025-07-04,West,completed
11092,3918,2026-04-23,Northeast,completed
11093,3586,2026-01-28,Northeast,completed
11094,766,2026-01-12,West,completed
11095,2485,2024-12-11,Northeast,completed
11096,45,2024-12-10,Southwest,completed
11097,2492,2024-06-09,West,completed
11098,4721,2025-07-13,West,returned
11099,3434,2025-02-24,Southwest,completed
11100,2888,2025-06-17,Midwest,completed
11101,4498,2024-07-25,Southeast,cancelled
11102,2204,2026-01-29,Southeast,completed
11103,2924,2024-01-14,Midwest,completed
11104,4664,2026-06-02,Southwest,completed
11105,4289,2024-06-15,Midwest,completed
11106,1745,2025-07-26,Midwest,completed
11107,3337,2026-06-07,Southeast,completed
11108,1029,2024-02-24,West,completed
11109,3053,2024-07-29,Midwest,completed
11110,3852,2025-07-29,Southwest,completed
11111,4042,2024-03-27,Southeast,completed
11112,3556,2024-03-27,West,completed
11113,3180,2026-08-08,Northeast,completed
11114,588,2024-06-22,West,completed
11115,3192,2025-09-09,West,completed
11116,4327,2025-03-28,Midwest,completed
11117,2028,2026-05-23,Southwest,completed
11118,4064,2025-07-15,Midwest,completed
11119,4819,2024-10-11,Southwest,completed
11120,3202,2026-01-12,West,completed
11121,4858,2024-12-02,West,completed
11122,1717,2024-09-23,West,returned
11123,3925,2024-09-01,Midwest,completed
11124,4052,2025-06-25,Midwest,completed
11125,1441,2024-10-08,West,completed
11126,3155,2024-10-30,Midwest,completed
11127,237,2026-07-12,Northeast,completed
11128,4388,2025-06-03,Northeast,completed
11129,4098,2026-01-05,Northeast,completed
11130,3133,2024-08-30,Southwest,completed
11131,4308,2024-03-19,Southeast,completed
11132,1218,2024-01-02,West,completed
11133,2304,2025-01-08,Southeast,completed
11134,781,2025-07-29,Midwest,completed
11135,4395,2025-04-18,Southeast,completed
11136,2881,2026-01-26,Northeast,completed
11137,4438,2025-07-04,Southeast,completed
11138,350,2025-08-11,Southwest,cancelled
11139,4482,2026-04-19,Southeast,completed
11140,1170,2026-07-20,Midwest,completed
11141,2433,2026-08-03,Southeast,completed
11142,307,2024-02-05,Southeast,completed
11143,968,2024-09-28,Midwest,completed
11144,4834,2026-06-10,West,completed
11145,12,2025-06-25,Southeast,returned
11146,3953,2024-01-17,Southeast,completed
11147,2010,2024-03-07,Midwest,completed
11148,1747,2026-03-04,Midwest,completed
11149,1178,2026-01-22,Southwest,completed
11150,2091,2025-06-17,Midwest,completed
11151,3605,2026-07-11,Midwest,completed
11152,2809,2025-09-05,West,completed
11153,2855,2026-02-11,Northeast,completed
11154,4819,2025-12-23,Southwest,completed
11155,683,2025-06-13,Midwest,completed
11156,463,2025-07-05,West,completed
11157,659,2025-10-10,Southwest,completed
11158,3072,2026-03-06,Midwest,completed
11159,1728,2024-03-09,Midwest,returned
11160,392,2025-10-12,Southeast,completed
11161,4160,2025-11-06,West,completed
11162,3068,2025-08-27,Southwest,completed
11163,574,2024-11-07,West,completed
11164,3407,2024-07-06,West,completed
11165,3044,2024-02-24,Southeast,completed
11166,2915,2024-07-29,Northeast,completed
11167,136,2026-04-19,Southeast,completed
11168,3026,2026-05-11,Southeast,completed
11169,2126,2025-02-08,West,completed
11170,4154,2024-10-24,Midwest,completed
11171,3467,2025-06-21,Northeast,completed
11172,1298,2024-01-25,West,completed
11173,2578,2024-11-05,Northeast,completed
11174,2590,2025-01-15,Southeast,completed
11175,2476,2025-04-14,Southeast,completed
11176,496,2025-02-06,Northeast,completed
11177,697,2024-05-14,Southeast,completed
11178,1917,2026-02-15,Southwest,completed
11179,2423,2026-06-30,Northeast,completed
11180,1021,2025-12-01,Northeast,completed
11181,4550,2026-03-22,Southeast,completed
11182,334,2025-07-08,Southeast,completed
11183,924,2024-11-14,Southwest,completed
11184,2184,2024-02-01,Southwest,completed
11185,1308,2026-02-14,Southwest,completed
11186,721,2025-06-12,Midwest,completed
11187,3907,2024-06-20,West,returned
11188,3936,2025-11-07,West,completed
11189,1753,2025-01-04,Northeast,completed
11190,595,2025-04-13,Southwest,completed
11191,4426,2024-05-21,West,completed
11192,4021,2024-12-31,Southwest,completed
11193,1426,2025-06-14,West,returned
11194,393,2024-10-23,Southwest,completed
11195,555,2024-03-25,Southwest,completed
11196,2791,2025-11-14,Northeast,cancelled
11197,679,2025-07-24,Northeast,completed
11198,389,2024-12-30,West,completed
11199,123,2025-08-25,Southeast,completed
11200,2401,2026-06-23,Southwest,completed
11201,2035,2026-03-18,West,completed
11202,2186,2024-01-29,Southwest,completed
11203,431,2024-02-22,Midwest,completed
11204,3460,2025-04-20,Midwest,completed
11205,1919,2025-04-16,Northeast,completed
11206,3188,2024-04-14,Midwest,completed
11207,396,2024-12-28,Midwest,completed
11208,3374,2026-06-24,Midwest,completed
11209,134,2024-03-08,Midwest,completed
11210,4238,2026-05-06,Southwest,completed
11211,4248,2026-06-01,West,completed
11212,428,2026-08-04,Northeast,completed
11213,3673,2025-10-19,Northeast,completed
11214,1993,2026-05-18,West,completed
11215,2241,2024-12-15,Southeast,returned
11216,2687,2024-11-30,Northeast,completed
11217,3604,2024-09-03,Southwest,completed
11218,2760,2024-03-09,West,completed
11219,92,2024-12-27,West,completed
11220,4778,2025-09-23,Northeast,completed
11221,3793,2025-02-28,Southeast,completed
11222,1001,2024-09-13,Southwest,completed
11223,909,2024-01-28,Northeast,completed
11224,68,2025-12-11,Midwest,completed
11225,403,2024-08-03,West,completed
11226,1623,2025-02-17,Southwest,returned
11227,3616,2024-11-11,Midwest,completed
11228,4018,2025-08-14,Midwest,completed
11229,1667,2024-07-03,Midwest,completed
11230,2274,2025-03-05,Southwest,completed
11231,3340,2026-07-03,Southeast,cancelled
11232,3139,2024-11-07,Southeast,completed
11233,544,2026-05-20,Southwest,cancelled
11234,180,2024-06-07,Southwest,completed
11235,2963,2024-12-12,Southeast,completed
11236,2516,2024-06-07,Southeast,completed
11237,1196,2026-03-31,Southwest,completed
11238,1642,2024-07-11,Southeast,completed
11239,432,2026-06-22,West,completed
11240,4969,2024-09-14,Southeast,completed
11241,1796,2025-07-07,Northeast,completed
11242,3921,2026-02-12,Midwest,completed
11243,1847,2025-10-19,Southeast,completed
11244,4458,2024-04-16,Southwest,completed
11245,850,2024-04-16,Southeast,completed
11246,3251,2026-04-08,Southeast,completed
11247,3427,2025-04-03,Southeast,completed
11248,2656,2026-03-22,West,completed
11249,1885,2026-03-06,Northeast,completed
11250,3418,2025-12-16,West,completed
11251,2588,2025-04-10,Northeast,completed
11252,1616,2024-09-24,Southwest,completed
11253,112,2025-04-13,West,cancelled
11254,3175,2025-11-27,West,completed
11255,4573,2025-06-17,Southwest,completed
11256,4390,2026-01-17,Midwest,completed
11257,4756,2025-01-31,Southeast,completed
11258,392,2026-07-27,Southeast,cancelled
11259,372,2025-11-20,Southeast,completed
11260,1007,2026-02-25,Southeast,completed
11261,1483,2024-05-25,Midwest,completed
11262,3561,2025-04-23,West,completed
11263,2172,2024-10-11,Midwest,completed
11264,2010,2025-09-13,Midwest,completed
11265,3959,2024-05-25,Southwest,completed
11266,2084,2025-07-25,Midwest,completed
11267,2481,2024-03-13,Midwest,returned
11268,3564,2024-01-07,Midwest,completed
11269,3492,2025-10-17,West,completed
11270,2320,2026-03-18,West,completed
11271,1072,2025-03-09,Southwest,completed
11272,2963,2025-10-25,Southeast,completed
11273,3686,2025-07-26,Southwest,completed
11274,3782,2024-01-14,Midwest,completed
11275,4016,2025-02-17,Southeast,completed
11276,1604,2026-05-23,Midwest,completed
11277,2112,2024-06-03,West,completed
11278,4363,2026-05-02,Midwest,completed
11279,104,2024-10-16,Southwest,completed
11280,3616,2025-01-11,Midwest,completed
11281,653,2025-05-05,Southwest,completed
11282,2551,2024-08-25,Northeast,completed
11283,4659,2025-03-20,Midwest,completed
11284,3602,2024-04-15,West,completed
11285,3930,2025-05-04,Northeast,completed
11286,517,2026-01-11,Midwest,completed
11287,3776,2025-12-21,Southeast,completed
11288,3331,2025-03-12,Southwest,completed
11289,534,2024-07-09,West,completed
11290,4364,2024-10-17,Midwest,completed
11291,4050,2026-02-12,Southeast,completed
11292,2546,2025-11-09,Southeast,completed
11293,915,2025-12-21,Midwest,completed
11294,140,2026-05-30,Southeast,completed
11295,455,2026-06-25,Midwest,completed
11296,4356,2024-06-07,Southeast,completed
11297,4472,2024-11-17,Southeast,completed
11298,4955,2024-06-09,Northeast,completed
11299,4169,2025-08-12,Northeast,cancelled
11300,3694,2024-04-11,Southwest,completed
11301,900,2026-01-17,Southwest,completed
11302,991,2024-01-10,Midwest,completed
11303,3047,2025-10-03,West,completed
11304,312,2024-07-29,Midwest,completed
11305,1797,2024-04-07,Midwest,completed
11306,3629,2025-05-25,Southwest,completed
11307,3847,2024-09-04,Northeast,completed
11308,4990,2025-12-02,Northeast,completed
11309,1940,2024-04-05,Southeast,completed
11310,3545,2024-12-04,Northeast,completed
11311,3076,2024-03-13,Midwest,completed
11312,2270,2025-09-06,Midwest,completed
11313,1149,2025-12-20,Southeast,completed
11314,402,2025-06-19,Northeast,completed
11315,1770,2026-05-31,Southwest,completed
11316,233,2024-06-08,West,completed
11317,3306,2025-11-20,West,cancelled
11318,4406,2025-06-20,West,completed
11319,4554,2025-07-13,Southeast,completed
11320,784,2025-07-25,Southeast,returned
11321,2806,2024-01-10,Southeast,completed
11322,2483,2024-08-31,Southeast,completed
11323,2733,2024-06-25,Midwest,completed
11324,1162,2024-04-22,Midwest,completed
11325,1056,2026-02-11,West,returned
11326,1198,2024-10-29,Midwest,completed
11327,2614,2026-03-23,Southeast,completed
11328,3901,2024-07-04,Southwest,completed
11329,3196,2025-04-23,Southeast,completed
11330,1464,2026-07-18,Southeast,completed
11331,3441,2025-11-19,Midwest,completed
11332,4360,2024-03-14,Southeast,completed
11333,2878,2024-07-27,Southeast,completed
11334,3955,2025-07-17,Southwest,completed
11335,2670,2026-03-27,Southeast,completed
11336,4889,2024-10-01,Southwest,completed
11337,28,2024-11-01,Northeast,completed
11338,2247,2024-09-06,Midwest,completed
11339,730,2024-07-11,Midwest,cancelled
11340,451,2025-04-01,Midwest,completed
11341,1104,2024-02-20,Midwest,completed
11342,1679,2024-03-30,West,completed
11343,3568,2026-02-09,Southwest,completed
11344,3835,2026-03-16,Midwest,completed
11345,2323,2025-03-01,Southeast,completed
11346,1084,2025-12-16,Southeast,completed
11347,3241,2024-10-09,Midwest,completed
11348,1227,2025-04-07,Southwest,completed
11349,858,2024-06-22,Southeast,returned
11350,3492,2025-09-29,West,completed
11351,3929,2024-04-08,West,completed
11352,1303,2025-07-26,Northeast,completed
11353,4779,2024-10-26,Southwest,completed
11354,3769,2025-12-26,Northeast,returned
11355,2519,2026-01-20,West,completed
11356,4520,2026-07-13,Southwest,completed
11357,3968,2024-04-08,Northeast,completed
11358,4222,2024-08-26,Midwest,completed
11359,4274,2026-05-27,Southwest,completed
11360,2571,2025-06-05,West,completed
11361,3660,2024-10-03,Northeast,completed
11362,3322,2025-05-13,Southeast,completed
11363,4651,2025-01-20,Northeast,completed
11364,177,2024-12-08,Southeast,completed
11365,3530,2024-03-03,Northeast,completed
11366,2899,2025-06-14,West,completed
11367,55,2025-12-27,Southwest,completed
11368,2178,2026-08-11,Southeast,completed
11369,2118,2025-11-01,Southeast,completed
11370,341,2025-06-22,Northeast,completed
11371,2444,2025-08-01,Midwest,completed
11372,4577,2025-11-08,West,completed
11373,3319,2025-11-13,Northeast,completed
11374,1220,2024-05-23,Southwest,completed
11375,3629,2025-03-29,Southwest,completed
11376,1558,2024-11-30,Southeast,completed
11377,3377,2024-01-07,Midwest,completed
11378,4742,2026-02-06,Northeast,completed
11379,169,2025-01-24,Midwest,completed
11380,3625,2025-07-15,Northeast,completed
11381,25,2024-11-07,Southwest,completed
11382,1677,2025-10-31,Southwest,completed
11383,3467,2026-07-16,Northeast,completed
11384,977,2025-10-03,Midwest,completed
11385,1050,2024-02-13,Midwest,completed
11386,3677,2025-11-11,Southeast,returned
11387,966,2026-06-10,Midwest,completed
11388,4812,2024-05-08,Midwest,completed
11389,3035,2025-02-01,Southwest,completed
11390,4722,2024-01-22,Southwest,completed
11391,1453,2025-11-30,Northeast,cancelled
11392,3035,2025-02-22,Southwest,cancelled
11393,1255,2025-09-19,Midwest,completed
11394,4721,2025-03-29,West,cancelled
11395,3806,2026-03-24,Southeast,completed
11396,2530,2025-02-18,West,completed
11397,4332,2024-12-15,West,completed
11398,4152,2025-07-14,West,completed
11399,1184,2026-05-10,Southwest,completed
11400,4141,2025-04-20,Southwest,cancelled
11401,4274,2026-06-03,Southwest,completed
11402,3166,2025-04-05,West,completed
11403,4863,2025-10-05,Southeast,completed
11404,34,2024-02-06,Southwest,completed
11405,247,2025-09-18,West,completed
11406,3055,2024-09-17,Southwest,returned
11407,2125,2026-07-26,Southwest,completed
11408,1142,2026-02-04,West,completed
11409,2323,2026-01-02,Southeast,completed
11410,4795,2026-05-31,West,returned
11411,4820,2025-04-06,Northeast,completed
11412,4579,2024-05-25,West,completed
11413,2101,2024-12-03,West,completed
11414,4454,2026-07-17,Northeast,completed
11415,3198,2026-07-31,Midwest,completed
11416,1096,2025-04-05,Midwest,completed
11417,2255,2024-06-27,West,completed
11418,1239,2024-05-07,Southwest,completed
11419,3054,2024-03-16,West,completed
11420,363,2025-11-30,Northeast,completed
11421,2382,2025-02-10,Southwest,completed
11422,1676,2024-04-25,Midwest,completed
11423,4563,2025-03-30,Southeast,returned
11424,286,2025-11-18,Southwest,returned
11425,3811,2024-10-03,Southwest,returned
11426,1360,2025-06-18,Southeast,completed
11427,1957,2024-12-20,Northeast,returned
11428,548,2024-03-11,Northeast,completed
11429,2306,2025-06-04,Southwest,completed
11430,108,2024-11-22,Midwest,completed
11431,3784,2024-01-25,West,returned
11432,1811,2025-11-21,Northeast,completed
11433,3813,2025-02-08,Southwest,completed
11434,2834,2025-04-25,West,completed
11435,4647,2024-11-05,Northeast,returned
11436,2404,2026-03-28,Midwest,returned
11437,4708,2026-02-07,Midwest,completed
11438,4342,2025-09-13,Southwest,completed
11439,3201,2025-11-13,Southwest,completed
11440,4674,2025-08-09,Southeast,completed
11441,2754,2026-02-28,Northeast,completed
11442,1513,2026-05-11,West,completed
11443,3253,2025-02-03,Midwest,completed
11444,3417,2025-01-02,Midwest,completed
11445,4490,2026-06-05,West,completed
11446,503,2024-12-27,Midwest,completed
11447,4355,2024-05-08,Southwest,completed
11448,3291,2024-06-10,Southwest,completed
11449,1186,2024-10-14,West,completed
11450,1488,2025-03-31,Northeast,cancelled
11451,348,2026-06-22,Southwest,completed
11452,1338,2025-07-28,Southeast,completed
11453,685,2024-05-23,Midwest,completed
11454,3792,2026-07-18,West,completed
11455,1098,2026-04-13,West,completed
11456,2700,2024-02-06,Southeast,completed
11457,2698,2024-09-30,West,cancelled
11458,2362,2024-11-04,Northeast,completed
11459,2212,2024-07-01,West,completed
11460,2764,2026-01-22,Midwest,completed
11461,548,2026-06-18,Northeast,completed
11462,1985,2025-07-18,Southwest,completed
11463,4106,2025-02-18,Northeast,returned
11464,1481,2025-08-01,Midwest,completed
11465,1262,2025-04-07,Southeast,completed
11466,4409,2025-06-06,Southeast,completed
11467,2568,2026-07-15,Midwest,completed
11468,515,2025-04-09,Midwest,completed
11469,4708,2026-03-07,Midwest,completed
11470,3451,2026-03-02,Midwest,completed
11471,1116,2026-02-01,Southeast,completed
11472,248,2026-06-25,West,completed
11473,1095,2026-06-22,Midwest,completed
11474,2707,2024-01-22,Northeast,completed
11475,1398,2025-02-25,Northeast,completed
11476,3057,2024-10-10,Southeast,completed
11477,2693,2024-01-13,Midwest,completed
11478,1608,2024-07-10,Northeast,completed
11479,3031,2026-03-17,Southeast,completed
11480,1216,2024-08-12,Southwest,completed
11481,3870,2026-08-07,Northeast,completed
11482,3844,2025-01-08,Southwest,completed
11483,1697,2024-10-16,Midwest,completed
11484,544,2024-11-20,Southwest,completed
11485,4299,2025-10-06,Southwest,completed
11486,4332,2025-03-18,West,completed
11487,2816,2026-01-17,Northeast,completed
11488,1165,2024-03-05,West,completed
11489,3692,2024-01-25,Midwest,completed
11490,3471,2024-08-26,Northeast,completed
11491,3529,2024-01-02,Northeast,completed
11492,1411,2026-06-30,Northeast,completed
11493,4644,2025-08-10,Southeast,completed
11494,2324,2026-07-30,West,completed
11495,962,2024-02-23,West,completed
11496,4897,2024-01-09,Southeast,completed
11497,2990,2024-05-06,Southeast,completed
11498,2695,2025-07-19,Midwest,completed
11499,3762,2024-06-02,Northeast,completed
11500,111,2025-03-13,Northeast,completed
11501,1534,2024-12-14,Southwest,completed
11502,3533,2025-09-16,West,completed
11503,1155,2025-04-23,Midwest,completed
11504,2422,2025-04-30,Southeast,completed
11505,174,2026-04-24,Midwest,completed
11506,4517,2025-12-10,Midwest,completed
11507,3139,2025-01-01,Southeast,completed
11508,4388,2024-12-26,Northeast,completed
11509,3161,2025-02-15,Southeast,completed
11510,4797,2024-02-19,Midwest,completed
11511,1672,2024-01-25,Southeast,completed
11512,1990,2024-06-27,Southwest,completed
11513,1625,2024-02-08,Midwest,completed
11514,1520,2025-03-16,West,completed
11515,4948,2025-06-09,Midwest,completed
11516,4785,2025-08-04,Southwest,completed
11517,1869,2026-05-11,Southwest,completed
11518,4658,2025-04-08,Southeast,completed
11519,3220,2024-03-25,West,completed
11520,4408,2025-05-13,Northeast,completed
11521,4458,2025-06-03,Southwest,completed
11522,4107,2026-07-02,Northeast,completed
11523,2722,2026-05-17,West,cancelled
11524,3767,2026-06-28,West,cancelled
11525,2819,2024-05-25,Midwest,completed
11526,1201,2025-08-17,Southeast,completed
11527,1928,2026-03-29,Southeast,completed
11528,3885,2025-08-10,Southwest,completed
11529,3390,2025-10-19,West,completed
11530,1383,2026-08-05,West,completed
11531,4382,2024-09-27,Southeast,completed
11532,3088,2024-09-26,Southwest,cancelled
11533,3342,2024-01-10,Northeast,completed
11534,3475,2024-03-10,West,completed
11535,1621,2024-01-16,Northeast,completed
11536,3355,2024-09-26,Midwest,cancelled
11537,3939,2024-12-30,Southwest,completed
11538,173,2024-07-17,Midwest,completed
11539,3685,2024-10-20,West,completed
11540,4729,2024-07-04,Southeast,completed
11541,3945,2026-04-13,Southeast,completed
11542,3409,2026-01-19,Southwest,completed
11543,2137,2025-11-13,Northeast,completed
11544,2571,2025-04-24,West,completed
11545,1586,2024-01-25,West,completed
11546,1544,2026-02-24,Southwest,completed
11547,275,2025-07-15,West,completed
11548,3212,2025-05-03,West,completed
11549,4931,2025-11-29,Southwest,completed
11550,555,2024-04-14,Southwest,completed
11551,3796,2025-03-13,Southwest,returned
11552,2565,2025-11-07,Southwest,completed
11553,3190,2024-07-02,Northeast,returned
11554,880,2024-07-05,Southwest,completed
11555,811,2025-01-03,Southwest,completed
11556,1668,2026-02-11,West,completed
11557,219,2025-12-04,Northeast,completed
11558,3510,2026-04-02,Northeast,completed
11559,4536,2025-01-19,Southwest,completed
11560,4431,2025-05-25,Southwest,completed
11561,1905,2025-09-22,Southeast,completed
11562,4949,2024-07-18,Midwest,completed
11563,3513,2026-04-21,Southwest,completed
11564,2028,2024-08-24,Southwest,completed
11565,1610,2024-08-04,West,completed
11566,959,2024-04-28,Southeast,completed
11567,4549,2024-03-30,Southwest,completed
11568,319,2024-03-15,Southwest,completed
11569,2661,2026-08-08,Midwest,completed
11570,2984,2026-05-02,West,completed
11571,2554,2025-10-23,Midwest,completed
11572,4659,2026-05-30,Midwest,completed
11573,1301,2026-02-03,Southwest,completed
11574,161,2025-06-04,Southwest,completed
11575,2778,2024-08-27,Southwest,completed
11576,3583,2024-04-27,Midwest,completed
11577,3762,2025-11-09,Northeast,cancelled
11578,3371,2025-05-16,Southwest,completed
11579,2506,2026-02-16,Southeast,completed
11580,875,2025-07-09,Midwest,completed
11581,359,2024-03-05,West,completed
11582,1561,2025-04-24,Midwest,completed
11583,4133,2025-08-02,Northeast,cancelled
11584,1599,2025-05-15,Northeast,completed
11585,2172,2025-05-12,Midwest,completed
11586,4444,2024-09-21,Northeast,completed
11587,3071,2025-04-23,Southwest,completed
11588,550,2026-07-27,Southwest,completed
11589,1389,2025-07-24,Northeast,completed
11590,4053,2025-07-13,Northeast,completed
11591,2726,2024-12-11,Southwest,completed
11592,595,2024-10-20,Southwest,completed
11593,4227,2024-11-08,Southeast,completed
11594,3678,2026-06-04,Midwest,completed
11595,2282,2026-02-26,Northeast,completed
11596,2708,2024-02-19,Southwest,completed
11597,3958,2026-02-26,Southeast,completed
11598,4609,2024-10-19,West,completed
11599,3034,2026-04-04,Southeast,completed
11600,4899,2026-02-04,Midwest,completed
11601,4394,2025-04-13,Southwest,completed
11602,140,2025-04-23,Southeast,completed
11603,676,2024-03-24,Northeast,completed
11604,3135,2024-12-18,Southwest,completed
11605,3047,2025-07-17,West,completed
11606,1695,2026-01-02,Midwest,completed
11607,164,2025-11-04,Midwest,completed
11608,1698,2024-02-10,West,completed
11609,2400,2026-01-27,Northeast,completed
11610,110,2024-11-13,Southwest,cancelled
11611,2799,2025-01-02,Southeast,completed
11612,4436,2024-07-31,Northeast,completed
11613,3934,2024-12-06,Northeast,completed
11614,4527,2025-10-25,Southwest,completed
11615,2823,2025-03-16,West,completed
11616,2749,2024-04-30,Midwest,completed
11617,3717,2024-01-15,Southeast,completed
11618,2106,2026-08-19,Southwest,completed
11619,2103,2026-08-21,Northeast,completed
11620,1022,2024-11-16,West,completed
11621,2071,2025-03-15,Southwest,completed
11622,4034,2024-04-02,West,completed
11623,2778,2024-12-18,Southwest,completed
11624,4262,2024-11-21,Northeast,returned
11625,3438,2024-04-10,Midwest,completed
11626,1938,2024-08-30,Southwest,completed
11627,3808,2026-08-05,Midwest,completed
11628,1943,2024-11-14,Northeast,completed
11629,3937,2025-05-25,West,completed
11630,409,2024-09-06,Midwest,cancelled
11631,1132,2024-02-07,Northeast,completed
11632,3854,2024-08-03,Southeast,completed
11633,4899,2026-02-10,Midwest,completed
11634,2565,2024-05-31,Southwest,completed
11635,1385,2024-03-09,Southeast,returned
11636,2127,2025-06-27,Southeast,cancelled
11637,4229,2026-03-07,Northeast,completed
11638,4418,2025-03-07,Southeast,cancelled
11639,2891,2026-06-15,Southwest,completed
11640,328,2026-08-11,Southeast,completed
11641,3114,2025-09-29,Northeast,completed
11642,1511,2025-10-18,Southeast,completed
11643,1155,2024-12-24,Midwest,completed
11644,2062,2026-02-15,Southeast,cancelled
11645,1578,2024-08-08,West,completed
11646,1414,2026-04-27,Midwest,completed
11647,2985,2025-08-03,Northeast,completed
11648,378,2025-02-22,West,completed
11649,2696,2025-03-27,Southeast,completed
11650,3228,2026-02-27,Northeast,completed
11651,2274,2026-06-30,Southwest,completed
11652,3734,2024-02-02,Midwest,completed
11653,2240,2025-12-20,Midwest,completed
11654,1953,2025-05-08,Southeast,completed
11655,1698,2024-07-29,West,completed
11656,306,2025-10-23,Midwest,completed
11657,3271,2026-05-21,Midwest,completed
11658,819,2024-02-26,Southeast,completed
11659,2832,2024-09-30,Southwest,completed
11660,3979,2025-11-30,Southwest,completed
11661,1741,2025-09-06,West,completed
11662,1952,2025-10-03,Southwest,completed
11663,2101,2026-01-24,West,completed
11664,677,2025-10-25,Midwest,completed
11665,4461,2024-12-02,Midwest,completed
11666,820,2025-12-03,West,completed
11667,442,2025-06-21,Southeast,completed
11668,4518,2024-10-20,Midwest,completed
11669,1694,2024-02-10,Northeast,completed
11670,3195,2025-04-29,Southeast,completed
11671,4139,2025-02-03,Southwest,completed
11672,4490,2025-09-04,West,completed
11673,3805,2025-04-10,Midwest,completed
11674,3455,2024-02-14,West,completed
11675,4170,2025-03-02,Midwest,completed
11676,2116,2024-04-09,West,completed
11677,3574,2025-10-17,Southwest,completed
11678,1979,2025-10-08,Southwest,completed
11679,1813,2024-09-25,Southwest,completed
11680,4955,2024-10-29,Northeast,completed
11681,2462,2025-06-22,Southeast,completed
11682,3498,2024-01-05,Midwest,completed
11683,385,2025-11-14,West,completed
11684,4452,2025-07-24,West,completed
11685,4251,2024-11-12,Southwest,completed
11686,4987,2024-06-24,West,completed
11687,766,2026-05-11,West,completed
11688,3660,2024-10-22,Northeast,completed
11689,2172,2026-04-16,Midwest,completed
11690,2554,2024-07-26,Midwest,completed
11691,332,2024-06-28,Southwest,completed
11692,1008,2025-07-02,Southwest,completed
11693,4232,2025-08-23,Northeast,completed
11694,829,2024-12-01,Midwest,completed
11695,1270,2025-09-23,West,completed
11696,3579,2026-02-08,Southwest,completed
11697,3814,2026-07-20,Northeast,completed
11698,3319,2024-06-08,Northeast,completed
11699,1976,2026-01-26,Northeast,completed
11700,3210,2025-07-27,Southeast,completed
11701,121,2024-03-29,Northeast,completed
11702,2503,2025-03-31,West,completed
11703,4816,2025-11-17,Northeast,completed
11704,109,2026-06-03,West,completed
11705,4752,2026-01-29,Southeast,completed
11706,4409,2025-07-11,Southeast,completed
11707,2701,2025-06-03,West,returned
11708,2294,2024-04-30,Midwest,completed
11709,1020,2026-06-09,West,completed
11710,735,2025-01-05,West,completed
11711,1365,2025-06-10,Midwest,completed
11712,4020,2025-05-11,West,completed
11713,2219,2024-03-17,Southwest,completed
11714,4613,2025-12-11,Northeast,completed
11715,3785,2024-01-17,Northeast,completed
11716,2073,2024-07-02,Northeast,cancelled
11717,3716,2025-05-20,Southeast,completed
11718,4389,2024-03-28,West,completed
11719,2899,2025-10-21,West,completed
11720,3714,2025-12-30,Southwest,completed
11721,4458,2024-03-11,Southwest,completed
11722,1329,2025-11-01,Southeast,completed
11723,124,2025-05-25,West,completed
11724,2576,2024-06-13,Midwest,completed
11725,3136,2025-09-08,Southwest,completed
11726,2639,2024-04-13,Northeast,completed
11727,4229,2025-02-16,Northeast,completed
11728,4198,2024-06-28,Midwest,completed
11729,3358,2025-05-29,Northeast,completed
11730,2367,2026-03-26,West,completed
11731,4287,2024-03-04,Southeast,completed
11732,3845,2025-12-17,Midwest,completed
11733,109,2025-01-06,West,completed
11734,803,2026-01-06,Midwest,completed
11735,658,2024-04-15,Midwest,returned
11736,3282,2025-01-14,Southwest,completed
11737,2348,2025-08-10,Southwest,completed
11738,1814,2025-10-06,Midwest,completed
11739,13,2024-11-15,Southeast,completed
11740,929,2024-04-04,Northeast,completed
11741,692,2024-06-01,Southwest,completed
11742,2265,2025-09-14,Southwest,completed
11743,4459,2024-03-12,Midwest,completed
11744,3512,2026-04-20,West,completed
11745,4037,2024-04-14,Southwest,completed
11746,4100,2025-05-28,Northeast,completed
11747,2752,2026-01-27,Southwest,completed
11748,2518,2026-05-05,Midwest,completed
11749,2109,2025-01-22,Northeast,completed
11750,2749,2025-11-05,Midwest,completed
11751,2658,2024-10-09,Northeast,completed
11752,1307,2025-07-30,Northeast,completed
11753,4009,2024-08-01,Southeast,completed
11754,1118,2024-10-02,Northeast,completed
11755,726,2024-10-30,Southeast,completed
11756,4249,2025-05-23,Southeast,completed
11757,3280,2024-08-13,Midwest,completed
11758,1899,2026-06-04,Midwest,completed
11759,4343,2026-02-24,West,completed
11760,2719,2026-08-22,Northeast,completed
11761,2389,2024-08-17,Southwest,cancelled
11762,2021,2026-05-08,Midwest,completed
11763,4268,2026-05-07,Midwest,completed
11764,1169,2026-07-26,Southwest,completed
11765,2035,2024-07-12,West,completed
11766,2698,2025-07-16,West,completed
11767,4095,2025-10-20,Southwest,completed
11768,3373,2024-06-17,Southeast,completed
11769,4795,2025-07-07,West,completed
11770,227,2024-07-26,Southwest,completed
11771,1874,2024-10-31,Southeast,completed
11772,1883,2026-01-02,West,completed
11773,2486,2024-11-06,Midwest,completed
11774,2686,2026-04-19,Southeast,completed
11775,1019,2024-02-24,West,completed
11776,3489,2025-10-06,Midwest,cancelled
11777,4554,2024-03-31,Southeast,completed
11778,2477,2025-04-02,Midwest,completed
11779,615,2025-09-21,Southwest,completed
11780,4631,2024-02-29,Southeast,completed
11781,1167,2025-10-03,Northeast,completed
11782,763,2026-05-21,Southeast,completed
11783,2389,2026-03-25,Southwest,completed
11784,121,2025-09-10,Northeast,returned
11785,4603,2025-03-25,West,completed
11786,2571,2025-06-10,West,cancelled
11787,229,2025-02-28,West,completed
11788,2389,2025-06-30,Southwest,completed
11789,4748,2024-12-06,West,completed
11790,1216,2024-06-23,Southwest,completed
11791,3931,2024-08-03,Southwest,completed
11792,3546,2026-04-15,Southeast,completed
11793,1625,2025-01-11,Midwest,completed
11794,4848,2024-12-29,Southwest,returned
11795,1711,2024-10-03,West,completed
11796,3335,2026-06-27,Southeast,completed
11797,720,2025-08-28,Southwest,completed
11798,1190,2024-08-02,West,completed
11799,2344,2025-03-03,Midwest,cancelled
11800,2723,2024-03-05,Midwest,completed
11801,1397,2025-11-26,West,completed
11802,1512,2026-02-11,West,cancelled
11803,837,2026-05-14,Southeast,completed
11804,4652,2026-01-18,Midwest,completed
11805,4710,2025-03-06,Southwest,completed
11806,3852,2025-07-14,Southwest,completed
11807,2531,2024-12-11,West,completed
11808,1630,2024-09-12,West,completed
11809,3314,2025-01-31,Northeast,completed
11810,3267,2026-08-10,Midwest,completed
11811,1856,2024-03-17,Southwest,completed
11812,1719,2025-01-30,Southwest,completed
11813,3974,2024-08-16,Southwest,completed
11814,1779,2026-05-12,Southwest,completed
11815,3712,2024-04-17,Southeast,completed
11816,1860,2024-03-07,Midwest,completed
11817,3228,2025-07-03,Northeast,completed
11818,2893,2026-06-22,Southwest,completed
11819,4533,2025-02-02,Southeast,completed
11820,2900,2024-10-13,Southeast,completed
11821,2399,2025-11-21,Midwest,completed
11822,511,2025-07-20,West,completed
11823,684,2024-01-09,Southeast,completed
11824,2282,2024-08-13,Northeast,completed
11825,4785,2025-12-05,Southwest,completed
11826,1937,2025-10-19,Southeast,completed
11827,4439,2026-02-08,Northeast,completed
11828,757,2024-05-06,Northeast,completed
11829,3775,2024-08-05,Midwest,completed
11830,3185,2024-08-11,West,completed
11831,1381,2024-06-23,West,completed
11832,2915,2025-03-07,Northeast,completed
11833,60,2024-05-18,Northeast,completed
11834,3139,2026-03-09,Southeast,completed
11835,4454,2025-02-22,Northeast,completed
11836,2269,2024-03-12,Northeast,completed
11837,3343,2024-05-22,Northeast,completed
11838,4109,2024-03-02,Southwest,completed
11839,1514,2025-03-26,Southwest,returned
11840,4452,2025-04-02,West,completed
11841,4017,2026-06-12,Southeast,completed
11842,3286,2026-04-29,West,completed
11843,1418,2025-04-16,Southeast,completed
11844,1866,2024-09-12,Southwest,completed
11845,2308,2026-07-24,Southeast,returned
11846,1068,2026-05-30,Midwest,completed
11847,1117,2026-04-29,West,completed
11848,3271,2025-05-24,Midwest,completed
11849,360,2024-05-02,Northeast,completed
11850,4319,2025-09-12,West,cancelled
11851,1705,2025-07-06,Midwest,completed
11852,410,2026-08-07,Northeast,cancelled
11853,2131,2024-03-16,Northeast,completed
11854,3223,2025-08-25,Southwest,cancelled
11855,2982,2024-11-17,Midwest,completed
11856,1657,2025-03-27,Northeast,completed
11857,1755,2024-05-23,Southeast,completed
11858,2787,2024-03-12,Northeast,completed
11859,1923,2025-02-26,West,completed
11860,4988,2024-12-31,Northeast,completed
11861,1226,2026-01-23,Midwest,completed
11862,2496,2026-06-29,Northeast,completed
11863,4635,2024-07-13,West,completed
11864,372,2024-11-07,Southeast,completed
11865,4043,2024-04-23,West,completed
11866,2729,2024-04-06,Midwest,completed
11867,124,2025-04-30,West,completed
11868,147,2025-07-17,Southwest,completed
11869,1474,2024-12-23,Northeast,completed
11870,1957,2024-06-30,Northeast,completed
11871,4382,2025-07-08,Southeast,completed
11872,4803,2024-04-07,West,completed
11873,1382,2026-03-12,Southwest,completed
11874,1176,2025-09-30,Northeast,completed
11875,1015,2024-07-21,Southwest,completed
11876,1510,2026-05-06,West,returned
11877,3163,2026-02-08,Southeast,completed
11878,4087,2025-10-17,Southeast,completed
11879,4117,2025-10-08,Southeast,completed
11880,142,2024-11-13,Northeast,cancelled
11881,3967,2024-06-26,Southeast,completed
11882,866,2025-03-12,Southwest,completed
11883,4380,2025-12-18,Northeast,completed
11884,3268,2024-05-30,Southeast,completed
11885,2378,2025-08-09,Midwest,cancelled
11886,3842,2026-02-19,West,completed
11887,1773,2025-09-27,Southwest,completed
11888,87,2026-04-10,Midwest,completed
11889,1704,2026-04-07,Northeast,cancelled
11890,3605,2026-03-20,Midwest,completed
11891,3049,2025-12-28,Midwest,completed
11892,3594,2025-06-11,Northeast,completed
11893,4261,2025-09-29,Southwest,completed
11894,1031,2024-11-10,West,completed
11895,2163,2026-06-03,Southwest,completed
11896,3438,2024-07-15,Midwest,completed
11897,3690,2025-12-13,Midwest,completed
11898,2026,2026-01-15,Midwest,completed
11899,1215,2025-06-07,West,completed
11900,602,2024-09-02,Northeast,completed
11901,1510,2025-01-22,West,completed
11902,4500,2024-06-27,Northeast,completed
11903,4723,2025-07-22,Midwest,completed
11904,3525,2024-09-08,Southeast,cancelled
11905,1600,2024-12-17,Southwest,completed
11906,4660,2026-03-01,Midwest,completed
11907,3077,2026-03-08,West,completed
11908,139,2026-01-02,West,completed
11909,2897,2024-12-13,Southwest,completed
11910,4741,2025-06-02,Southeast,completed
11911,1759,2025-03-12,Midwest,completed
11912,3431,2025-11-22,West,completed
11913,4192,2024-05-28,Southwest,returned
11914,2150,2025-10-26,West,cancelled
11915,4978,2024-10-29,West,completed
11916,2771,2026-02-11,West,completed
11917,4482,2026-03-28,Southeast,completed
11918,3592,2024-09-04,Northeast,completed
11919,4654,2024-09-14,Northeast,completed
11920,549,2026-07-06,Midwest,completed
11921,2725,2024-03-02,Southwest,completed
11922,3208,2024-09-21,Midwest,completed
11923,4384,2025-07-25,Southwest,completed
11924,1369,2025-06-03,Midwest,completed
11925,2307,2025-12-04,West,cancelled
11926,3644,2025-04-11,Southeast,completed
11927,2822,2025-06-02,Midwest,completed
11928,1771,2024-02-23,Midwest,completed
11929,1226,2026-05-27,Midwest,completed
11930,1257,2025-04-11,Northeast,completed
11931,4405,2024-05-11,Midwest,completed
11932,890,2024-10-11,Midwest,completed
11933,1261,2025-06-22,Southwest,cancelled
11934,2190,2025-08-28,Southwest,completed
11935,3342,2024-04-22,Northeast,completed
11936,2558,2025-04-25,Midwest,completed
11937,2959,2024-06-11,Northeast,completed
11938,847,2025-11-03,Southwest,completed
11939,997,2024-03-15,Southwest,completed
11940,1947,2024-02-03,Northeast,completed
11941,621,2025-04-11,Midwest,completed
11942,273,2025-05-18,West,completed
11943,1249,2025-01-19,Southeast,completed
11944,1029,2025-06-05,West,completed
11945,4718,2026-06-04,Northeast,completed
11946,4303,2025-02-04,Southeast,cancelled
11947,3449,2024-07-27,Midwest,completed
11948,1536,2025-01-21,Southeast,completed
11949,3272,2024-01-17,Southeast,completed
11950,4461,2024-10-28,Midwest,completed
11951,3237,2026-07-15,Northeast,returned
11952,4048,2026-05-23,Northeast,completed
11953,2378,2025-05-10,Midwest,returned
11954,625,2026-01-05,Midwest,completed
11955,881,2025-03-30,West,completed
11956,3283,2025-03-31,West,completed
11957,3093,2024-10-20,Southeast,completed
11958,2921,2025-09-28,Southeast,completed
11959,4662,2024-09-26,West,cancelled
11960,1417,2026-06-28,Midwest,completed
11961,19,2026-06-01,West,completed
11962,866,2025-03-01,Southwest,completed
11963,1823,2025-12-31,Northeast,completed
11964,2386,2024-01-03,Southwest,completed
11965,2961,2025-03-30,Southwest,completed
11966,263,2025-03-24,Southwest,completed
11967,3337,2025-02-07,Southeast,completed
11968,2346,2024-01-21,Southeast,completed
11969,1273,2026-07-15,West,completed
11970,374,2025-11-04,Southwest,completed
11971,1460,2025-08-07,Northeast,completed
11972,120,2024-09-03,Midwest,completed
11973,773,2026-07-15,Southwest,completed
11974,3102,2024-12-26,West,completed
11975,2294,2026-07-09,Midwest,completed
11976,2506,2025-10-18,Southeast,completed
11977,4250,2024-02-15,Northeast,completed
11978,3491,2024-05-31,Northeast,completed
11979,2205,2024-12-23,Northeast,cancelled
11980,3701,2025-06-29,Southeast,completed
11981,537,2024-06-28,Southeast,completed
11982,1242,2025-04-09,Southeast,completed
11983,4612,2025-10-27,Southeast,completed
11984,645,2024-10-25,Midwest,completed
11985,434,2025-08-16,West,completed
11986,2715,2026-07-01,Southeast,completed
11987,4016,2025-09-10,Southeast,completed
11988,4170,2025-12-23,Midwest,completed
11989,736,2025-04-30,Southwest,cancelled
11990,1523,2025-10-19,Southeast,completed
11991,1966,2025-09-29,Southeast,completed
11992,1425,2025-08-21,Northeast,returned
11993,2691,2024-09-19,West,completed
11994,2963,2024-09-13,Southeast,completed
11995,2902,2024-04-27,Midwest,completed
11996,2035,2024-09-23,West,completed
11997,4552,2025-04-10,West,completed
11998,2559,2024-12-30,West,completed
11999,119,2025-02-27,Northeast,completed
12000,3349,2025-06-02,Northeast,completed
12001,4535,2026-01-14,Southeast,completed
12002,176,2024-08-09,Southwest,completed
12003,337,2024-11-17,Southwest,completed
12004,1873,2025-05-26,Northeast,cancelled
12005,4595,2025-05-10,Midwest,completed
12006,920,2025-10-01,Southwest,completed
12007,3853,2025-11-14,Northeast,completed
12008,3673,2025-01-18,Northeast,completed
12009,3808,2025-11-18,Midwest,completed
12010,4382,2024-10-03,Southeast,completed
12011,1928,2024-08-05,Southeast,completed
12012,91,2025-03-08,Southeast,completed
12013,455,2024-06-16,Midwest,completed
12014,2204,2026-04-02,Southeast,completed
12015,185,2025-05-20,West,completed
12016,3358,2024-06-19,Northeast,cancelled
12017,3427,2024-05-02,Southeast,completed
12018,565,2024-04-27,Midwest,completed
12019,3628,2025-04-08,Midwest,completed
12020,481,2025-05-14,Northeast,completed
12021,3707,2026-07-11,West,completed
12022,2326,2025-08-05,Southeast,completed
12023,387,2026-01-09,Northeast,completed
12024,2778,2025-12-04,Southwest,completed
12025,2850,2025-04-12,West,completed
12026,2185,2026-08-22,Southeast,cancelled
12027,27,2024-05-06,Northeast,completed
12028,3579,2025-09-20,Southwest,completed
12029,3954,2024-01-29,Northeast,completed
12030,1739,2025-02-24,Northeast,completed
12031,1185,2026-02-06,Northeast,completed
12032,4950,2025-05-03,Northeast,completed
12033,4340,2026-03-28,Southeast,returned
12034,1253,2026-05-30,Northeast,completed
12035,4208,2024-08-13,Southeast,completed
12036,3989,2025-10-08,West,completed
12037,3688,2024-06-02,Southwest,completed
12038,506,2024-11-07,Midwest,completed
12039,1107,2026-08-23,Midwest,completed
12040,4729,2025-07-28,Southeast,completed
12041,2223,2024-05-05,Southwest,completed
12042,451,2024-12-06,Midwest,completed
12043,4328,2024-06-06,West,completed
12044,4059,2024-01-05,Northeast,completed
12045,844,2026-08-12,Midwest,completed
12046,94,2026-07-07,Southeast,completed
12047,3425,2026-02-09,Midwest,completed
12048,2952,2024-10-03,Southeast,completed
12049,1342,2026-08-09,West,completed
12050,2431,2024-12-29,West,completed
12051,1267,2025-02-12,Southwest,completed
12052,1991,2025-02-25,Northeast,cancelled
12053,944,2024-06-01,Midwest,completed
12054,3518,2024-04-20,West,completed
12055,3841,2025-06-10,Midwest,completed
12056,3196,2026-02-09,Southeast,completed
12057,4598,2025-08-20,Southeast,completed
12058,4114,2025-01-07,Northeast,completed
12059,3888,2026-06-25,Southeast,completed
12060,565,2025-05-26,Midwest,completed
12061,3710,2025-01-30,Northeast,completed
12062,4572,2025-05-19,Midwest,completed
12063,1636,2026-02-22,Southeast,completed
12064,2077,2024-04-30,Southwest,completed
12065,4131,2025-02-02,Southeast,completed
12066,2923,2026-03-11,Southeast,completed
12067,297,2026-02-17,Southwest,completed
12068,852,2026-04-27,Southeast,completed
12069,1300,2024-01-08,Midwest,completed
12070,1118,2025-10-11,Northeast,completed
12071,888,2025-06-22,Southwest,returned
12072,4649,2024-05-28,Northeast,completed
12073,4550,2026-08-25,Southeast,completed
12074,2125,2024-12-28,Southwest,completed
12075,516,2026-03-11,Northeast,completed
12076,3185,2024-01-01,West,completed
12077,2030,2026-07-10,Southeast,completed
12078,2508,2025-05-05,West,completed
12079,696,2024-01-21,Midwest,completed
12080,612,2024-07-09,Midwest,completed
12081,3026,2025-03-23,Southeast,completed
12082,4941,2024-12-04,West,completed
12083,4351,2024-07-14,Southwest,completed
12084,3639,2024-02-26,Southeast,completed
12085,3448,2025-06-12,Southeast,completed
12086,260,2024-01-03,Northeast,completed
12087,360,2025-03-01,Northeast,completed
12088,1997,2026-05-27,Midwest,completed
12089,2152,2026-07-18,Northeast,completed
12090,1371,2025-09-18,Midwest,completed
12091,4794,2025-07-22,West,completed
12092,1084,2025-05-21,Southeast,completed
12093,1292,2024-05-26,Northeast,completed
12094,1582,2025-03-18,Southeast,completed
12095,4285,2024-07-27,Northeast,returned
12096,4860,2025-08-30,Southwest,completed
12097,3497,2025-05-25,Southwest,completed
12098,3166,2025-10-14,West,completed
12099,3841,2024-11-28,Midwest,completed
12100,1010,2024-12-02,Northeast,completed
12101,493,2026-02-15,Southwest,completed
12102,1305,2025-03-01,Southwest,completed
12103,2371,2025-09-03,Southeast,completed
12104,2030,2024-05-13,Southeast,completed
12105,158,2026-07-22,Southeast,completed
12106,1995,2025-04-15,Southeast,completed
12107,1455,2026-07-27,Southwest,completed
12108,4823,2025-12-24,West,completed
12109,1353,2024-06-30,Southeast,completed
12110,4100,2024-12-18,Northeast,completed
12111,3905,2025-03-22,Northeast,completed
12112,2792,2025-07-19,Southeast,completed
12113,3797,2024-01-29,Northeast,completed
12114,4498,2024-10-26,Southeast,completed
12115,4298,2024-10-29,Northeast,completed
12116,2231,2026-03-25,Midwest,completed
12117,3218,2025-09-13,Midwest,completed
12118,614,2025-11-07,Northeast,completed
12119,2348,2025-09-12,Southwest,completed
12120,4348,2024-10-15,Southwest,completed
12121,1698,2025-04-21,West,completed
12122,3442,2025-10-01,West,completed
12123,873,2024-06-22,Southeast,completed
12124,3582,2024-06-27,Southwest,completed
12125,1408,2025-01-25,Southwest,completed
12126,4215,2025-06-11,Southwest,completed
12127,4381,2026-06-29,Southwest,completed
12128,1551,2024-08-23,Southeast,cancelled
12129,3808,2024-04-18,Midwest,completed
12130,1513,2026-07-13,West,completed
12131,1292,2025-10-12,Northeast,completed
12132,1560,2025-04-17,Southeast,completed
12133,4994,2026-06-01,Midwest,completed
12134,1728,2024-03-10,Midwest,completed
12135,4586,2025-03-12,West,completed
12136,3003,2025-06-05,Northeast,completed
12137,1399,2024-02-01,West,completed
12138,968,2025-10-18,Midwest,completed
12139,764,2025-01-05,Northeast,completed
12140,1464,2024-02-15,Southeast,returned
12141,2425,2026-01-09,Northeast,cancelled
12142,2462,2026-05-23,Southeast,completed
12143,4872,2025-05-26,Southwest,completed
12144,4034,2024-06-06,West,completed
12145,1483,2026-03-30,Midwest,completed
12146,4863,2026-08-18,Southeast,completed
12147,4,2026-02-09,West,completed
12148,3456,2025-09-07,West,completed
12149,1058,2024-11-13,West,completed
12150,4199,2025-07-14,Southeast,completed
12151,1527,2026-06-29,Southwest,completed
12152,4915,2024-10-11,Southeast,completed
12153,2212,2026-01-20,West,completed
12154,1103,2026-06-05,Midwest,completed
12155,580,2024-01-03,Northeast,completed
12156,4100,2026-02-14,Northeast,completed
12157,4184,2024-07-14,Southeast,completed
12158,3164,2024-04-28,Southwest,completed
12159,4958,2026-07-21,West,completed
12160,4268,2024-08-19,Midwest,returned
12161,4865,2026-07-15,Southeast,completed
12162,2104,2024-12-27,Southeast,completed
12163,3637,2024-05-28,Midwest,completed
12164,92,2024-03-01,West,completed
12165,374,2026-01-01,Southwest,completed
12166,2980,2025-09-27,Southeast,completed
12167,3656,2026-05-22,West,completed
12168,444,2024-06-24,Northeast,completed
12169,363,2025-04-17,Northeast,completed
12170,2382,2025-01-17,Southwest,completed
12171,2372,2024-12-10,Southeast,completed
12172,3188,2026-01-21,Midwest,completed
12173,2027,2024-08-12,West,completed
12174,731,2026-07-02,Southeast,completed
12175,2222,2026-01-02,Northeast,completed
12176,529,2024-02-19,West,completed
12177,1090,2024-03-15,Northeast,completed
12178,1207,2024-06-30,Southwest,completed
12179,4211,2026-05-18,Midwest,completed
12180,1570,2025-02-02,Northeast,completed
12181,4271,2025-10-28,Southeast,completed
12182,4370,2025-09-13,Southeast,completed
12183,4963,2025-03-21,Midwest,completed
12184,1462,2026-02-02,West,completed
12185,1532,2024-05-24,Southeast,completed
12186,3963,2026-07-18,Southwest,completed
12187,1021,2026-06-26,Northeast,completed
12188,635,2025-03-13,Southeast,completed
12189,3040,2024-07-17,Southwest,returned
12190,4011,2025-07-23,West,completed
12191,1637,2025-11-15,West,cancelled
12192,2947,2026-02-20,Northeast,completed
12193,4108,2024-06-27,Northeast,completed
12194,1831,2025-09-17,Southeast,completed
12195,4643,2025-12-25,Northeast,completed
12196,4480,2026-06-01,Midwest,completed
12197,1758,2024-02-28,Southwest,completed
12198,2623,2024-12-31,West,completed
12199,1829,2025-04-22,West,completed
12200,4739,2026-07-24,Southwest,completed
12201,2917,2026-03-28,Southwest,cancelled
12202,171,2025-04-15,West,completed
12203,240,2026-04-27,Midwest,completed
12204,3433,2025-06-08,West,completed
12205,4729,2024-08-24,Southeast,returned
12206,2434,2026-01-13,Southwest,completed
12207,3561,2024-03-20,West,returned
12208,3637,2026-06-14,Midwest,cancelled
12209,2158,2026-06-19,Northeast,completed
12210,1920,2025-08-18,Southwest,completed
12211,2828,2024-11-13,Northeast,completed
12212,1168,2026-03-11,Southeast,completed
12213,1845,2024-04-06,Midwest,completed
12214,1530,2026-01-31,Southwest,completed
12215,4583,2025-10-04,Southwest,completed
12216,2356,2024-03-05,West,completed
12217,3702,2024-12-11,Northeast,completed
12218,4147,2025-05-19,Northeast,completed
12219,1450,2024-03-14,Southeast,cancelled
12220,3951,2025-09-28,Northeast,completed
12221,4871,2025-12-17,Northeast,completed
12222,1804,2026-05-25,Northeast,completed
12223,1154,2026-07-17,Midwest,completed
12224,2113,2025-04-24,Southwest,completed
12225,4970,2025-06-30,Midwest,completed
12226,3947,2024-06-28,Northeast,completed
12227,1613,2025-01-04,Southwest,completed
12228,3011,2025-04-04,Southwest,completed
12229,1765,2025-12-13,Midwest,completed
12230,4490,2026-08-09,West,completed
12231,648,2026-02-14,Southwest,completed
12232,655,2024-02-05,Southeast,completed
12233,255,2025-03-22,Northeast,completed
12234,2724,2025-07-20,West,completed
12235,4254,2025-10-22,West,completed
12236,4282,2024-09-28,West,completed
12237,833,2025-07-27,Southeast,cancelled
12238,3893,2024-06-01,Northeast,completed
12239,3464,2024-01-08,West,completed
12240,270,2025-09-19,Northeast,completed
12241,3309,2025-05-24,West,completed
12242,790,2024-03-30,Southwest,completed
12243,1181,2024-12-03,Midwest,completed
12244,1185,2025-12-02,Northeast,completed
12245,1529,2024-04-21,West,completed
12246,2427,2026-04-10,Northeast,completed
12247,1056,2024-10-13,West,completed
12248,4387,2026-07-06,West,completed
12249,750,2025-08-05,Northeast,completed
12250,585,2025-06-07,Northeast,returned
12251,2684,2024-02-25,West,completed
12252,4954,2025-11-25,Southwest,completed
12253,1534,2025-11-03,Southwest,completed
12254,2886,2024-01-12,Midwest,completed
12255,2576,2026-01-27,Midwest,completed
12256,2800,2026-04-30,Southwest,completed
12257,4949,2024-12-12,Midwest,completed
12258,3457,2026-05-06,Southwest,completed
12259,451,2025-10-06,Midwest,completed
12260,3613,2024-09-12,Southwest,completed
12261,1994,2025-05-14,Northeast,returned
12262,3534,2025-12-20,Southeast,cancelled
12263,11,2025-06-03,Midwest,completed
12264,2609,2025-10-23,Midwest,completed
12265,3675,2025-03-05,Midwest,completed
12266,2648,2025-05-16,Midwest,completed
12267,3339,2025-01-03,West,completed
12268,3747,2024-07-20,Southeast,completed
12269,4328,2025-05-10,West,completed
12270,229,2024-05-06,West,completed
12271,1919,2024-05-15,Northeast,completed
12272,3637,2026-06-27,Midwest,completed
12273,1944,2026-07-03,Southwest,completed
12274,424,2024-09-20,Midwest,completed
12275,3082,2024-07-24,Northeast,completed
12276,2724,2026-03-04,West,completed
12277,1520,2024-07-18,West,completed
12278,3460,2025-04-03,Midwest,completed
12279,2177,2025-01-28,Southwest,returned
12280,2003,2026-07-15,Northeast,completed
12281,3821,2026-04-07,Southeast,completed
12282,2385,2025-07-11,Southwest,completed
12283,2104,2025-09-04,Southeast,completed
12284,4262,2024-10-13,Northeast,completed
12285,2286,2026-06-04,Midwest,completed
12286,1272,2024-06-20,Midwest,completed
12287,1961,2024-02-07,Midwest,completed
12288,3661,2025-10-04,Southwest,completed
12289,979,2025-01-13,West,returned
12290,3886,2024-07-30,Southwest,completed
12291,3286,2024-04-25,West,completed
12292,4596,2025-09-29,West,returned
12293,2171,2024-10-08,Midwest,completed
12294,2634,2025-07-28,Midwest,completed
12295,4352,2025-04-04,Southwest,completed
12296,944,2025-08-12,Midwest,completed
12297,2713,2025-06-10,Northeast,completed
12298,3595,2024-03-22,Midwest,completed
12299,4408,2025-03-27,Northeast,completed
12300,4399,2026-03-17,West,completed
12301,633,2024-05-22,Northeast,completed
12302,3066,2025-06-07,Midwest,completed
12303,2722,2026-07-05,West,completed
12304,1594,2024-01-28,Northeast,completed
12305,4188,2024-08-26,West,completed
12306,4704,2024-05-21,Southwest,completed
12307,4655,2025-01-07,West,completed
12308,3092,2024-02-06,Southeast,completed
12309,4382,2025-02-06,Southeast,completed
12310,3878,2025-06-14,Midwest,completed
12311,1753,2025-09-03,Northeast,cancelled
12312,3838,2024-01-07,West,completed
12313,3921,2026-01-22,Midwest,completed
12314,2902,2026-01-29,Midwest,completed
12315,4008,2025-07-23,Southeast,completed
12316,2695,2026-03-21,Midwest,completed
12317,2314,2026-06-08,Northeast,completed
12318,4279,2025-10-13,Southwest,completed
12319,512,2026-02-17,West,completed
12320,4895,2024-08-01,West,completed
12321,3826,2024-10-03,Southeast,completed
12322,4390,2026-03-11,Midwest,completed
12323,1229,2025-03-24,Southeast,cancelled
12324,350,2026-01-17,Southwest,cancelled
12325,1950,2026-07-06,West,completed
12326,957,2024-12-25,Southwest,completed
12327,4924,2026-01-13,Southwest,cancelled
12328,4226,2025-10-14,Northeast,completed
12329,2581,2024-03-24,Southeast,completed
12330,4937,2026-06-08,West,completed
12331,4071,2025-07-21,West,cancelled
12332,2824,2025-09-20,Southwest,completed
12333,1986,2025-10-12,Southeast,completed
12334,780,2024-07-09,Southwest,completed
12335,1814,2024-01-24,Midwest,completed
12336,4148,2024-11-23,Midwest,completed
12337,1362,2024-12-18,West,completed
12338,481,2025-09-01,Northeast,completed
12339,1800,2025-01-25,Southeast,completed
12340,1772,2024-04-04,West,completed
12341,4464,2025-12-16,West,completed
12342,506,2025-08-30,Midwest,cancelled
12343,2634,2025-04-13,Midwest,cancelled
12344,4267,2026-03-16,Northeast,returned
12345,3662,2025-10-22,Southwest,completed
12346,298,2025-01-18,Northeast,completed
12347,716,2025-11-17,West,completed
12348,3235,2024-11-28,Southwest,completed
12349,4370,2025-04-05,Southeast,completed
12350,2263,2024-06-27,Midwest,returned
12351,1987,2024-05-24,Northeast,returned
12352,4915,2025-12-24,Southeast,completed
12353,389,2024-08-09,West,completed
12354,970,2025-07-15,Midwest,returned
12355,673,2024-11-08,Northeast,completed
12356,3259,2025-04-04,West,completed
12357,4167,2026-02-19,Southeast,completed
12358,4490,2024-08-13,West,returned
12359,2153,2024-08-23,Southeast,completed
12360,3663,2024-12-13,Southeast,completed
12361,2548,2026-01-24,Northeast,completed
12362,1707,2024-04-01,West,cancelled
12363,1089,2025-12-23,Southeast,completed
12364,3530,2024-10-03,Northeast,completed
12365,155,2026-02-27,Northeast,cancelled
12366,3430,2025-02-16,Southeast,completed
12367,4942,2025-07-15,Southeast,completed
12368,1085,2026-02-11,Midwest,completed
12369,4304,2025-12-02,Southeast,completed
12370,2595,2026-02-15,West,completed
12371,2142,2024-04-12,West,completed
12372,3938,2024-09-02,Southwest,completed
12373,2425,2024-07-05,Northeast,completed
12374,530,2026-06-18,Southeast,completed
12375,3595,2024-10-04,Midwest,completed
12376,770,2025-04-06,West,completed
12377,3445,2025-12-08,Northeast,completed
12378,2539,2026-07-14,Southeast,completed
12379,4512,2024-08-31,Southwest,completed
12380,1580,2026-03-15,Midwest,cancelled
12381,1703,2025-06-13,Southeast,completed
12382,488,2025-05-20,Southwest,completed
12383,4825,2026-05-23,Southeast,completed
12384,4012,2026-02-11,Southwest,returned
12385,2986,2024-01-15,Midwest,completed
12386,719,2025-12-29,Southeast,completed
12387,744,2026-03-27,Midwest,completed
12388,550,2024-10-13,Southwest,completed
12389,275,2026-02-26,West,completed
12390,4866,2024-11-23,Southwest,completed
12391,2659,2025-01-07,Southwest,completed
12392,352,2025-11-27,Southeast,completed
12393,3258,2024-06-30,Southeast,completed
12394,4630,2025-02-14,Southeast,completed
12395,1412,2024-09-25,Southeast,completed
12396,3878,2026-04-26,Midwest,completed
12397,1080,2024-01-16,Northeast,completed
12398,4028,2026-08-06,West,completed
12399,4267,2026-06-09,Northeast,completed
12400,2468,2024-02-08,Southeast,completed
12401,4211,2026-01-27,Midwest,completed
12402,4154,2024-04-11,Midwest,completed
12403,1910,2025-06-28,Southeast,completed
12404,3110,2026-03-04,Southwest,completed
12405,2073,2026-06-25,Northeast,completed
12406,1580,2025-02-23,Midwest,completed
12407,2966,2025-04-13,Midwest,completed
12408,895,2024-04-11,West,completed
12409,983,2025-12-22,West,completed
12410,4470,2024-10-18,Midwest,completed
12411,2346,2026-06-16,Southeast,completed
12412,4213,2026-06-04,West,completed
12413,2226,2024-05-06,Northeast,completed
12414,4137,2026-03-27,West,cancelled
12415,3817,2024-03-30,Northeast,completed
12416,1991,2026-01-03,Northeast,completed
12417,3900,2024-09-23,Southeast,completed
12418,4395,2026-06-29,Southeast,completed
12419,4323,2026-04-09,Midwest,completed
12420,3942,2025-07-30,Northeast,completed
12421,2063,2024-05-15,West,completed
12422,4426,2025-05-20,West,completed
12423,4369,2026-01-04,Northeast,completed
12424,1051,2025-01-20,Midwest,completed
12425,979,2024-07-10,West,completed
12426,3112,2026-04-12,Southeast,completed
12427,3184,2025-01-23,Midwest,completed
12428,908,2024-12-20,Southwest,completed
12429,214,2024-09-08,Southwest,completed
12430,1214,2026-02-05,Midwest,completed
12431,440,2025-07-06,Southeast,completed
12432,3283,2026-05-19,West,completed
12433,4180,2025-04-17,Northeast,completed
12434,2332,2024-09-14,Midwest,returned
12435,251,2024-03-27,Southeast,completed
12436,3300,2024-06-09,Northeast,completed
12437,3034,2025-04-05,Southeast,completed
12438,4556,2026-01-18,Midwest,returned
12439,1447,2026-02-16,Northeast,completed
12440,2097,2026-05-31,Southeast,completed
12441,954,2025-01-13,Northeast,completed
12442,2861,2025-09-24,Northeast,returned
12443,2821,2024-05-15,Northeast,completed
12444,4992,2026-03-01,West,completed
12445,270,2026-06-13,Northeast,completed
12446,4679,2024-03-11,Southwest,completed
12447,2524,2024-12-05,Southeast,completed
12448,4960,2026-06-11,Southwest,completed
12449,4427,2025-07-21,Midwest,completed
12450,3283,2026-02-15,West,completed
12451,4016,2025-11-21,Southeast,completed
12452,3081,2026-01-22,Midwest,completed
12453,2595,2025-05-15,West,completed
12454,2879,2026-01-30,Southwest,completed
12455,1427,2024-04-01,Midwest,completed
12456,3051,2025-09-02,Midwest,completed
12457,2874,2024-01-28,Northeast,completed
12458,4226,2024-11-02,Northeast,completed
12459,903,2026-05-22,Southeast,completed
12460,2795,2025-11-24,Southwest,completed
12461,228,2026-06-24,Midwest,completed
12462,4343,2025-02-17,West,completed
12463,3567,2025-07-03,Northeast,completed
12464,2047,2025-08-21,Southeast,completed
12465,2186,2026-06-02,Southwest,completed
12466,886,2024-11-20,Southeast,completed
12467,1796,2025-12-23,Northeast,completed
12468,2113,2025-04-17,Southwest,completed
12469,2615,2025-09-20,West,completed
12470,3653,2024-01-22,Southeast,completed
12471,3816,2025-12-25,Midwest,completed
12472,4135,2026-07-10,Southeast,completed
12473,753,2024-03-06,Southeast,returned
12474,3733,2026-05-14,Northeast,completed
12475,3808,2024-09-23,Midwest,completed
12476,277,2024-09-17,West,completed
12477,2803,2025-10-09,Southwest,completed
12478,4394,2026-05-22,Southwest,completed
12479,51,2025-10-02,West,completed
12480,1928,2025-03-16,Southeast,cancelled
12481,3112,2024-03-06,Southeast,completed
12482,2020,2025-09-27,Northeast,completed
12483,310,2026-01-30,Midwest,completed
12484,283,2025-04-27,Southeast,completed
12485,3353,2025-03-26,Southeast,cancelled
12486,601,2024-04-14,Midwest,completed
12487,1713,2026-02-20,Southeast,completed
12488,1796,2026-04-27,Northeast,completed
12489,1987,2024-07-10,Northeast,completed
12490,2335,2026-07-08,Southeast,completed
12491,3651,2025-05-27,Southeast,completed
12492,2565,2025-03-23,Southwest,completed
12493,3554,2024-12-29,Southeast,completed
12494,2908,2025-02-23,Northeast,completed
12495,1661,2025-03-14,Midwest,completed
12496,4715,2026-07-10,Northeast,completed
12497,1190,2025-03-25,West,completed
12498,2177,2025-11-11,Southwest,completed
12499,4715,2026-01-09,Northeast,returned
12500,4940,2025-01-05,Southeast,completed
12501,378,2025-12-09,West,completed
12502,1614,2026-04-03,Southwest,completed
12503,2297,2025-10-09,West,completed
12504,2167,2026-07-13,Southwest,completed
12505,1680,2025-03-06,West,completed
12506,291,2025-08-28,Southwest,completed
12507,4557,2025-02-07,Southeast,completed
12508,2047,2024-05-25,Southeast,completed
12509,4023,2025-03-24,Southwest,completed
12510,1343,2025-03-29,Midwest,completed
12511,4974,2025-08-08,Southeast,completed
12512,1847,2026-03-23,Southeast,completed
12513,3148,2026-06-19,West,completed
12514,2088,2025-09-06,West,completed
12515,1183,2025-01-11,Southwest,completed
12516,4393,2025-01-24,Midwest,returned
12517,4819,2024-07-07,Southwest,completed
12518,757,2025-09-13,Northeast,completed
12519,1747,2025-04-03,Midwest,returned
12520,4196,2025-04-05,Southeast,returned
12521,4543,2024-08-13,Southwest,completed
12522,4130,2024-12-03,Midwest,completed
12523,2801,2025-03-28,West,completed
12524,3610,2026-02-13,Southwest,cancelled
12525,532,2026-06-04,Northeast,completed
12526,3566,2025-07-31,Northeast,cancelled
12527,1913,2024-11-04,Midwest,returned
12528,3951,2025-03-08,Northeast,completed
12529,2157,2024-11-18,Southwest,cancelled
12530,4425,2025-08-16,West,completed
12531,2424,2024-02-22,Southeast,completed
12532,1234,2025-02-05,Southwest,completed
12533,4830,2026-01-07,Southeast,completed
12534,4431,2024-08-16,Southwest,cancelled
12535,3331,2025-08-16,Southwest,completed
12536,4047,2024-10-06,Southwest,completed
12537,3621,2024-10-23,Midwest,completed
12538,1892,2026-03-08,Northeast,completed
12539,2205,2025-05-18,Northeast,completed
12540,4546,2024-06-12,Southeast,completed
12541,166,2025-04-11,Northeast,completed
12542,388,2024-09-24,Northeast,returned
12543,1717,2026-07-10,West,completed
12544,2247,2024-02-20,Midwest,completed
12545,4355,2024-11-10,Southwest,completed
12546,1413,2025-07-13,Southeast,completed
12547,192,2024-12-21,Northeast,completed
12548,2669,2026-07-14,Southeast,completed
12549,1024,2025-12-19,West,completed
12550,901,2024-08-25,Southeast,completed
12551,908,2026-03-11,Southwest,returned
12552,2912,2024-04-08,Midwest,completed
12553,3123,2024-03-01,Northeast,completed
12554,2906,2025-04-27,Southwest,completed
12555,130,2024-11-11,Southeast,completed
12556,4648,2025-08-30,Midwest,completed
12557,798,2025-05-16,Southwest,returned
12558,131,2024-05-26,Northeast,completed
12559,2628,2026-08-06,West,completed
12560,4608,2025-11-22,Northeast,completed
12561,4622,2026-02-01,Southeast,completed
12562,2582,2024-04-21,West,returned
12563,1674,2024-06-12,Southwest,completed
12564,1264,2024-12-30,Midwest,completed
12565,1265,2025-10-20,Southeast,completed
12566,3157,2024-06-10,Southwest,completed
12567,3923,2026-04-05,Midwest,completed
12568,704,2024-10-20,West,completed
12569,437,2024-03-24,West,completed
12570,3724,2025-07-15,Northeast,completed
12571,1557,2024-08-05,West,completed
12572,4513,2024-03-28,Southwest,completed
12573,4549,2025-07-31,Southwest,completed
12574,1221,2024-01-19,Southwest,completed
12575,3689,2025-08-23,Southwest,completed
12576,3715,2024-03-31,Midwest,completed
12577,3774,2025-01-08,Southwest,completed
12578,3354,2026-06-03,Southwest,completed
12579,4357,2026-04-04,Northeast,completed
12580,1372,2026-05-10,Midwest,completed
12581,4379,2024-10-28,Southeast,completed
12582,3457,2024-01-08,Southwest,completed
12583,2570,2026-07-28,Midwest,completed
12584,4883,2024-07-24,Midwest,completed
12585,866,2024-02-09,Southwest,completed
12586,4502,2025-08-01,Northeast,completed
12587,1612,2026-02-16,West,completed
12588,588,2024-08-13,West,completed
12589,868,2024-12-31,Northeast,completed
12590,265,2025-06-22,Northeast,completed
12591,2644,2024-05-13,West,completed
12592,2713,2025-07-30,Northeast,completed
12593,3112,2026-07-13,Southeast,completed
12594,1047,2025-01-30,Northeast,completed
12595,1310,2025-08-23,Northeast,completed
12596,651,2025-05-17,Midwest,cancelled
12597,4778,2024-01-12,Northeast,completed
12598,4026,2025-10-05,Midwest,completed
12599,1325,2025-03-09,Southwest,completed
12600,657,2026-02-18,West,completed
12601,234,2025-06-03,Southwest,completed
12602,3059,2024-04-07,Southwest,completed
12603,4304,2024-03-06,Southeast,completed
12604,2278,2025-06-18,West,completed
12605,3001,2024-10-27,Southwest,completed
12606,3754,2024-12-19,West,completed
12607,64,2026-04-26,West,completed
12608,3017,2024-03-12,Southwest,completed
12609,3331,2024-12-17,Southwest,completed
12610,4172,2025-03-22,Northeast,completed
12611,3534,2024-07-05,Southeast,returned
12612,3262,2026-05-27,Northeast,completed
12613,2665,2024-02-10,Midwest,completed
12614,4126,2025-01-14,Northeast,completed
12615,3213,2025-12-21,Southwest,completed
12616,2775,2025-04-15,Southwest,completed
12617,409,2026-04-13,Midwest,returned
12618,903,2024-11-06,Southeast,completed
12619,1065,2025-05-05,West,completed
12620,618,2024-05-01,Midwest,completed
12621,4331,2025-01-26,West,completed
12622,4873,2026-01-23,Midwest,completed
12623,3215,2025-10-24,Northeast,completed
12624,1439,2025-02-13,Midwest,completed
12625,1504,2025-12-04,Midwest,completed
12626,1086,2024-02-07,Northeast,completed
12627,2134,2024-12-09,Southwest,completed
12628,2494,2026-08-23,Midwest,completed
12629,2085,2026-02-01,Southeast,completed
12630,3210,2024-04-29,Southeast,completed
12631,2717,2024-12-05,West,completed
12632,2683,2026-01-10,Southeast,completed
12633,1850,2025-09-25,Southwest,completed
12634,1557,2026-04-13,West,completed
12635,1491,2024-12-30,Southeast,completed
12636,2429,2024-06-28,Northeast,completed
12637,2773,2026-01-11,West,completed
12638,571,2026-05-13,Southwest,completed
12639,1931,2024-07-25,Southwest,completed
12640,3316,2026-04-29,Northeast,completed
12641,2759,2025-06-12,Northeast,returned
12642,2708,2026-02-17,Southwest,completed
12643,2567,2024-12-04,Southwest,cancelled
12644,360,2025-02-21,Northeast,completed
12645,4603,2026-03-06,West,completed
12646,721,2024-04-14,Midwest,completed
12647,1346,2025-08-26,Northeast,completed
12648,1764,2024-03-09,Southeast,completed
12649,3617,2024-09-02,Southeast,completed
12650,1808,2025-07-21,Northeast,completed
12651,731,2026-01-22,Southeast,completed
12652,1629,2024-04-14,Northeast,completed
12653,1391,2024-03-16,Midwest,completed
12654,571,2025-09-10,Southwest,completed
12655,1175,2024-02-16,Southwest,completed
12656,2418,2024-06-22,West,completed
12657,4404,2025-06-28,Northeast,completed
12658,3011,2025-03-07,Southwest,completed
12659,4224,2024-04-15,Midwest,completed
12660,4095,2024-01-12,Southwest,completed
12661,2312,2026-03-05,Midwest,completed
12662,3422,2026-07-15,Northeast,completed
12663,1554,2026-06-07,Southeast,completed
12664,288,2024-07-06,Northeast,completed
12665,967,2024-07-24,West,completed
12666,726,2024-05-10,Southeast,completed
12667,187,2024-01-19,Northeast,completed
12668,2820,2025-05-27,Midwest,completed
12669,4442,2026-06-16,Midwest,completed
12670,3990,2025-12-01,West,completed
12671,1497,2025-06-18,Northeast,completed
12672,2856,2024-01-08,Northeast,completed
12673,737,2026-02-10,West,completed
12674,1836,2024-11-28,Southwest,completed
12675,2277,2026-05-16,Southeast,completed
12676,4803,2024-07-26,West,completed
12677,3118,2024-06-01,Southwest,completed
12678,1530,2026-01-21,Southwest,returned
12679,3322,2025-10-14,Southeast,cancelled
12680,4750,2024-12-15,West,cancelled
12681,3895,2026-05-06,Southeast,completed
12682,3987,2026-06-24,Northeast,completed
12683,4162,2025-09-16,Southwest,completed
12684,1922,2025-10-29,Southeast,completed
12685,1324,2024-02-01,Northeast,completed
12686,4531,2025-11-03,Southeast,completed
12687,71,2024-07-15,West,completed
12688,314,2024-11-13,West,completed
12689,3358,2025-10-13,Northeast,completed
12690,2617,2024-03-10,Southwest,completed
12691,1782,2026-05-19,Northeast,completed
12692,4555,2024-12-07,Southeast,completed
12693,2328,2025-03-11,Northeast,completed
12694,2433,2025-11-14,Southeast,completed
12695,2385,2026-02-19,Southwest,completed
12696,4888,2026-01-07,West,completed
12697,3558,2025-04-14,Southwest,completed
12698,4170,2024-12-09,Midwest,completed
12699,614,2024-10-22,Northeast,completed
12700,4922,2026-08-13,West,completed
12701,3424,2024-05-06,West,completed
12702,2602,2025-02-14,Northeast,completed
12703,3129,2025-09-20,Midwest,completed
12704,2658,2024-05-23,Northeast,completed
12705,2354,2025-04-10,Northeast,completed
12706,4077,2025-02-01,West,completed
12707,2106,2025-01-28,Southwest,completed
12708,2579,2026-02-21,Northeast,cancelled
12709,3788,2025-07-21,Southeast,completed
12710,1777,2024-07-23,Northeast,completed
12711,2817,2026-01-28,Midwest,completed
12712,2551,2026-08-02,Northeast,completed
12713,2510,2025-11-18,Midwest,completed
12714,3559,2026-07-21,Southwest,completed
12715,4641,2024-11-28,Southwest,completed
12716,510,2025-09-04,Southwest,completed
12717,3312,2026-08-21,Southwest,completed
12718,1850,2025-01-21,Southwest,completed
12719,2619,2026-04-04,Southeast,completed
12720,3583,2024-02-13,Midwest,completed
12721,1092,2024-10-04,Northeast,cancelled
12722,1196,2025-04-15,Southwest,completed
12723,4164,2024-05-18,Midwest,returned
12724,2553,2026-04-21,Southwest,completed
12725,4692,2025-06-21,Midwest,completed
12726,1358,2024-01-31,Midwest,completed
12727,2406,2026-02-06,Southeast,completed
12728,3804,2024-05-09,West,completed
12729,2581,2024-02-23,Southeast,completed
12730,4125,2026-01-09,Southeast,completed
12731,4156,2024-12-27,Southwest,completed
12732,1018,2024-01-16,Midwest,completed
12733,3815,2026-05-15,Northeast,completed
12734,3096,2025-04-02,Southeast,completed
12735,1466,2024-03-09,Northeast,completed
12736,2220,2025-09-03,West,completed
12737,3175,2024-05-19,West,cancelled
12738,651,2025-05-30,Midwest,completed
12739,438,2024-06-14,Midwest,completed
12740,163,2025-05-04,Northeast,completed
12741,4284,2025-10-08,West,completed
12742,4632,2025-08-16,Midwest,completed
12743,4816,2025-05-20,Northeast,completed
12744,1879,2025-07-31,Northeast,completed
12745,248,2024-11-14,West,completed
12746,1160,2024-11-02,West,completed
12747,2383,2026-08-09,Southeast,completed
12748,315,2024-08-04,Northeast,completed
12749,2310,2025-10-16,Midwest,completed
12750,3880,2025-03-17,Southeast,cancelled
12751,4505,2026-08-11,Northeast,completed
12752,7,2024-06-03,Southwest,completed
12753,4503,2026-01-11,Midwest,completed
12754,1633,2025-11-16,Northeast,completed
12755,4852,2025-06-01,Midwest,completed
12756,4402,2025-07-04,Midwest,completed
12757,4312,2026-07-08,West,completed
12758,1330,2024-06-05,Midwest,completed
12759,4572,2025-01-14,Midwest,completed
12760,1288,2025-04-29,Southwest,completed
12761,591,2025-06-18,Southwest,completed
12762,1513,2024-09-17,West,completed
12763,4846,2024-10-26,Southwest,completed
12764,410,2024-12-22,Northeast,completed
12765,861,2025-02-05,Southwest,returned
12766,4190,2025-09-24,Southwest,completed
12767,1744,2025-09-06,Southeast,completed
12768,3166,2025-10-08,West,cancelled
12769,2192,2024-02-13,Southeast,returned
12770,1130,2025-10-31,Southwest,completed
12771,4256,2024-08-22,Northeast,completed
12772,4075,2025-05-16,Midwest,cancelled
12773,1398,2026-02-25,Northeast,completed
12774,1941,2025-04-11,West,completed
12775,4071,2025-06-14,West,completed
12776,4737,2026-03-17,Southeast,cancelled
12777,1362,2025-07-21,West,completed
12778,4249,2026-08-15,Southeast,completed
12779,1458,2025-11-12,Midwest,completed
12780,2491,2025-12-30,West,completed
12781,1,2026-05-04,Midwest,cancelled
12782,342,2024-09-02,Northeast,completed
12783,3266,2025-10-15,Southeast,completed
12784,923,2024-12-09,Northeast,completed
12785,1602,2026-08-19,Northeast,completed
12786,2904,2024-02-20,Southeast,completed
12787,4529,2026-08-02,Northeast,completed
12788,435,2024-06-30,West,completed
12789,1381,2025-04-10,West,completed
12790,3417,2024-04-05,Midwest,completed
12791,2024,2026-06-09,Southeast,returned
12792,1456,2024-02-06,West,completed
12793,948,2025-03-22,Midwest,completed
12794,4753,2024-03-04,Northeast,completed
12795,4927,2024-06-28,Southeast,completed
12796,4756,2024-07-31,Southeast,returned
12797,4792,2025-06-07,Northeast,completed
12798,2214,2026-08-05,West,completed
12799,1732,2024-05-21,Southeast,completed
12800,508,2024-11-22,West,completed
12801,4514,2024-01-08,Southeast,completed
12802,719,2026-07-10,Southeast,completed
12803,2786,2024-01-11,Southeast,completed
12804,309,2025-07-15,Southeast,completed
12805,1806,2026-02-12,Southwest,completed
12806,4550,2026-07-10,Southeast,completed
12807,500,2024-04-10,Midwest,completed
12808,1847,2025-05-10,Southeast,completed
12809,3226,2025-10-04,Northeast,completed
12810,592,2024-03-21,Southeast,completed
12811,3858,2025-07-23,Northeast,completed
12812,4193,2024-03-05,Midwest,completed
12813,4004,2026-05-23,Midwest,completed
12814,4028,2025-04-23,West,completed
12815,2434,2025-02-16,Southwest,completed
12816,2722,2025-03-27,West,completed
12817,1173,2025-08-24,Midwest,completed
12818,2948,2026-01-25,West,completed
12819,59,2024-07-13,Southwest,returned
12820,2771,2026-04-14,West,completed
12821,4881,2026-03-17,Northeast,completed
12822,2688,2024-02-13,Northeast,completed
12823,3500,2025-10-10,West,completed
12824,4102,2025-11-30,Northeast,completed
12825,1052,2026-06-23,Northeast,completed
12826,4052,2024-05-23,Midwest,completed
12827,2186,2026-05-06,Southwest,completed
12828,943,2025-06-11,Northeast,returned
12829,3147,2024-12-10,Southeast,completed
12830,174,2024-03-19,Midwest,completed
12831,3149,2024-07-01,Southwest,completed
12832,4484,2025-11-02,Southwest,completed
12833,4882,2024-12-02,Southeast,completed
12834,2432,2025-06-08,Southeast,completed
12835,3035,2026-01-03,Southwest,completed
12836,2780,2026-08-18,Midwest,completed
12837,3100,2025-11-26,Southeast,completed
12838,4525,2026-06-25,Southwest,completed
12839,579,2024-04-16,Southeast,completed
12840,3029,2025-10-15,West,returned
12841,348,2025-12-18,Southwest,completed
12842,1379,2026-06-01,Northeast,completed
12843,1583,2024-01-23,Southwest,completed
12844,2708,2024-04-03,Southwest,completed
12845,3452,2024-12-18,West,completed
12846,3128,2024-12-01,Southwest,completed
12847,1372,2026-06-15,Midwest,completed
12848,3666,2024-05-21,Northeast,completed
12849,2813,2025-08-21,Midwest,cancelled
12850,3846,2024-04-25,Southeast,completed
12851,4464,2024-08-31,West,completed
12852,433,2026-08-18,West,completed
12853,1970,2026-05-25,Southeast,completed
12854,2528,2026-06-12,Midwest,completed
12855,906,2026-06-29,West,completed
12856,2684,2026-06-07,West,completed
12857,3645,2025-02-02,Midwest,completed
12858,1128,2025-12-01,Northeast,completed
12859,1038,2024-11-29,Southwest,completed
12860,1396,2026-07-10,West,completed
12861,2882,2025-03-17,Midwest,returned
12862,2357,2025-04-09,Southeast,completed
12863,4904,2024-01-22,Northeast,completed
12864,2276,2025-04-06,Northeast,returned
12865,980,2025-03-08,Midwest,completed
12866,553,2025-04-10,West,completed
12867,4037,2024-05-06,Southwest,completed
12868,404,2024-08-31,Northeast,completed
12869,1146,2024-09-06,Midwest,completed
12870,2549,2026-08-23,Northeast,completed
12871,845,2025-08-25,Southeast,completed
12872,1386,2024-08-26,Northeast,completed
12873,1245,2025-04-30,West,completed
12874,4843,2026-03-17,Northeast,completed
12875,1182,2024-01-23,Northeast,cancelled
12876,1141,2024-04-28,West,cancelled
12877,4150,2026-05-03,Northeast,returned
12878,4811,2024-11-30,Southeast,completed
12879,2322,2024-09-27,West,completed
12880,691,2024-02-07,West,completed
12881,2289,2026-01-22,West,completed
12882,3115,2024-02-03,Southwest,completed
12883,3291,2025-04-05,Southwest,completed
12884,4126,2024-04-16,Northeast,completed
12885,2074,2026-06-15,Midwest,completed
12886,226,2025-03-17,Southwest,completed
12887,2165,2026-03-07,Midwest,completed
12888,2481,2024-04-02,Midwest,completed
12889,1274,2024-02-21,West,completed
12890,1291,2025-05-23,Northeast,returned
12891,3018,2025-05-30,Midwest,completed
12892,774,2025-12-05,Southwest,completed
12893,161,2024-06-03,Southwest,completed
12894,2319,2026-03-19,Midwest,completed
12895,234,2026-07-18,Southwest,completed
12896,4907,2024-02-03,Midwest,completed
12897,2966,2025-11-05,Midwest,cancelled
12898,2309,2025-08-14,Northeast,completed
12899,877,2024-10-31,Northeast,completed
12900,3336,2025-08-21,Midwest,completed
12901,2592,2025-10-05,Northeast,completed
12902,2092,2025-09-10,Southeast,completed
12903,3031,2026-02-21,Southeast,completed
12904,2872,2024-05-30,Southwest,completed
12905,4653,2026-02-02,Southwest,completed
12906,919,2024-01-27,Southwest,completed
12907,3204,2024-01-26,Northeast,cancelled
12908,2221,2024-07-21,Midwest,completed
12909,3501,2025-10-21,Northeast,completed
12910,2599,2026-08-23,West,completed
12911,3917,2025-08-21,West,completed
12912,2013,2024-09-26,Midwest,completed
12913,659,2024-11-08,Southwest,completed
12914,4495,2026-08-19,Northeast,completed
12915,4003,2025-07-03,Northeast,completed
12916,3539,2025-02-12,West,completed
12917,1916,2026-07-04,West,completed
12918,1624,2024-06-20,Northeast,completed
12919,944,2025-10-06,Midwest,completed
12920,2427,2025-06-15,Northeast,completed
12921,4975,2025-05-21,Midwest,completed
12922,1044,2024-09-20,West,completed
12923,2881,2025-11-17,Northeast,completed
12924,4454,2025-01-25,Northeast,completed
12925,2734,2026-01-24,Northeast,completed
12926,1327,2026-06-03,Northeast,completed
12927,2877,2026-06-12,Southeast,completed
12928,4227,2025-09-16,Southeast,completed
12929,2693,2024-04-14,Midwest,completed
12930,2581,2024-08-03,Southeast,completed
12931,395,2025-06-13,West,completed
12932,4577,2025-03-10,West,completed
12933,594,2025-12-17,West,completed
12934,2665,2026-02-11,Midwest,completed
12935,916,2025-06-24,Midwest,completed
12936,3521,2026-06-09,Southeast,completed
12937,377,2026-04-24,Southwest,completed
12938,4806,2024-02-23,Northeast,completed
12939,1630,2025-06-08,West,completed
12940,4922,2025-03-02,West,completed
12941,1244,2025-10-13,Midwest,completed
12942,575,2025-05-15,Midwest,completed
12943,548,2025-12-18,Northeast,cancelled
12944,2719,2024-07-29,Northeast,completed
12945,3900,2025-06-12,Southeast,returned
12946,4000,2024-06-15,Southwest,completed
12947,4098,2026-06-19,Northeast,completed
12948,3329,2025-04-11,Midwest,completed
12949,1726,2024-09-17,Midwest,cancelled
12950,625,2025-12-11,Midwest,completed
12951,394,2026-06-13,Northeast,completed
12952,1075,2025-11-23,Southeast,cancelled
12953,4684,2026-05-16,Midwest,completed
12954,4051,2025-02-09,West,completed
12955,569,2024-07-29,Midwest,completed
12956,1539,2025-07-25,West,returned
12957,3312,2025-03-05,Southwest,completed
12958,2278,2024-05-28,West,returned
12959,3951,2024-07-13,Northeast,completed
12960,4435,2026-06-12,Southeast,returned
12961,1851,2025-09-06,Northeast,completed
12962,1009,2024-05-31,Midwest,completed
12963,4432,2025-11-26,West,completed
12964,3605,2025-03-01,Midwest,completed
12965,4224,2025-04-14,Midwest,completed
12966,4941,2025-11-21,West,completed
12967,1908,2024-08-10,West,completed
12968,265,2026-06-01,Northeast,completed
12969,103,2025-02-12,Southeast,completed
12970,4560,2024-12-08,Southeast,completed
12971,4392,2026-08-18,Midwest,completed
12972,4429,2026-04-14,Northeast,completed
12973,4503,2025-09-22,Midwest,completed
12974,1351,2024-07-12,Midwest,completed
12975,3791,2024-06-28,Southeast,completed
12976,2024,2025-03-17,Southeast,completed
12977,3237,2024-01-06,Northeast,completed
12978,1368,2025-08-31,Southeast,completed
12979,1308,2026-08-02,Southwest,completed
12980,4189,2024-05-08,Southeast,completed
12981,1132,2024-09-13,Northeast,completed
12982,1163,2025-07-09,Northeast,completed
12983,4311,2025-07-23,West,completed
12984,4934,2025-12-06,Northeast,completed
12985,301,2026-03-01,Midwest,completed
12986,254,2026-01-15,Southeast,completed
12987,773,2026-07-15,Southwest,cancelled
12988,3696,2026-02-27,West,completed
12989,1471,2025-07-21,West,completed
12990,1157,2025-04-21,Southeast,completed
12991,668,2025-02-13,West,completed
12992,1392,2024-03-08,West,returned
12993,4289,2026-02-16,Midwest,completed
12994,3975,2025-09-24,Southwest,completed
12995,1491,2026-03-03,Southeast,completed
12996,1575,2025-10-22,Northeast,returned
12997,1822,2024-02-07,Southwest,completed
12998,3178,2024-05-25,Southwest,completed
12999,3488,2024-05-17,Southeast,completed
13000,3811,2025-11-12,Southwest,completed
13001,1150,2026-08-23,Southeast,completed
13002,1350,2026-07-30,Southeast,completed
13003,662,2024-09-22,Midwest,completed
13004,3850,2025-06-15,Southeast,completed
13005,202,2024-11-28,Southeast,completed
13006,4684,2025-08-24,Midwest,completed
13007,289,2024-01-16,Northeast,cancelled
13008,1102,2026-04-28,Southwest,completed
13009,1188,2024-08-08,West,completed
13010,3417,2026-01-05,Midwest,completed
13011,2456,2026-03-24,West,returned
13012,4371,2024-09-02,Midwest,completed
13013,2289,2024-09-23,West,completed
13014,2878,2025-09-29,Southeast,completed
13015,532,2024-06-10,Northeast,completed
13016,1634,2024-01-28,Northeast,completed
13017,3073,2025-04-19,Southwest,completed
13018,59,2026-07-03,Southwest,completed
13019,2919,2025-08-10,Southwest,completed
13020,173,2024-12-01,Midwest,completed
13021,2805,2025-09-10,Southwest,completed
13022,4265,2024-11-18,Midwest,completed
13023,138,2025-04-01,Northeast,completed
13024,2884,2024-07-04,Southeast,completed
13025,3873,2025-08-06,Midwest,completed
13026,4632,2026-04-08,Midwest,completed
13027,1581,2025-01-01,Southeast,cancelled
13028,1591,2025-01-16,West,completed
13029,4741,2024-09-12,Southeast,completed
13030,4734,2025-08-12,Southeast,cancelled
13031,641,2026-08-19,Southwest,completed
13032,4535,2025-02-11,Southeast,completed
13033,2963,2026-05-16,Southeast,completed
13034,1040,2026-07-11,Northeast,completed
13035,1639,2026-02-07,Northeast,completed
13036,232,2025-02-14,Southwest,completed
13037,713,2026-06-27,West,completed
13038,4222,2025-01-22,Midwest,cancelled
13039,1459,2026-06-28,Southwest,cancelled
13040,4139,2025-08-09,Southwest,completed
13041,2561,2025-10-04,Midwest,completed
13042,2081,2025-11-23,Southwest,completed
13043,974,2025-07-21,Southeast,completed
13044,3462,2024-04-11,West,cancelled
13045,4864,2026-07-11,Northeast,completed
13046,2058,2024-09-19,Midwest,returned
13047,1853,2026-03-22,Southeast,completed
13048,3790,2026-02-08,Southeast,completed
13049,4609,2025-09-06,West,completed
13050,2496,2024-02-13,Northeast,completed
13051,503,2026-02-11,Midwest,completed
13052,4605,2025-10-20,Southeast,returned
13053,800,2026-07-20,Southwest,completed
13054,2932,2025-09-02,Northeast,completed
13055,2174,2025-09-18,Northeast,completed
13056,2887,2025-10-27,West,completed
13057,4619,2024-11-30,Southeast,completed
13058,4376,2025-07-18,Midwest,completed
13059,2346,2024-02-29,Southeast,completed
13060,2390,2024-03-21,Midwest,completed
13061,4691,2024-10-30,Southeast,completed
13062,1359,2025-01-07,Northeast,cancelled
13063,1218,2025-02-21,West,completed
13064,520,2025-05-10,Southwest,completed
13065,1472,2025-10-24,West,completed
13066,1039,2024-12-19,Southwest,completed
13067,4202,2024-09-02,Midwest,completed
13068,4779,2024-01-01,Southwest,returned
13069,2249,2024-10-29,Northeast,returned
13070,4402,2026-03-23,Midwest,completed
13071,3498,2026-06-02,Midwest,completed
13072,1842,2024-08-28,West,completed
13073,1359,2024-12-19,Northeast,returned
13074,897,2024-11-02,Southwest,completed
13075,4864,2025-06-05,Northeast,completed
13076,1028,2025-06-02,West,completed
13077,3182,2025-05-11,West,completed
13078,2155,2024-01-16,West,returned
13079,2474,2025-11-23,Southwest,completed
13080,4537,2024-05-08,Southwest,completed
13081,2764,2026-02-23,Midwest,completed
13082,3984,2025-05-04,Midwest,cancelled
13083,1890,2024-02-03,West,completed
13084,4349,2026-06-14,Midwest,completed
13085,4644,2024-11-14,Southeast,completed
13086,1026,2025-03-14,West,completed
13087,3072,2025-06-03,Midwest,completed
13088,1684,2025-02-23,Northeast,completed
13089,2968,2024-09-29,West,completed
13090,1823,2024-03-17,Northeast,completed
13091,1932,2024-09-29,Midwest,completed
13092,2749,2024-09-28,Midwest,completed
13093,4355,2025-04-07,Southwest,completed
13094,1589,2024-03-31,Midwest,completed
13095,2266,2025-07-13,Northeast,completed
13096,4679,2024-11-14,Southwest,completed
13097,4206,2024-06-05,Southwest,completed
13098,4764,2026-02-05,Northeast,completed
13099,193,2024-08-17,West,returned
13100,2467,2025-10-04,Southeast,completed
13101,729,2024-08-13,West,completed
13102,669,2025-10-18,West,completed
13103,493,2026-02-05,Southwest,completed
13104,4092,2025-04-23,Midwest,completed
13105,3632,2024-01-26,Southwest,completed
13106,3381,2026-02-11,Southwest,completed
13107,2374,2024-04-06,West,completed
13108,1654,2025-10-23,West,completed
13109,885,2024-07-15,Southeast,completed
13110,752,2026-04-13,West,completed
13111,4449,2026-08-06,Midwest,completed
13112,3944,2025-09-14,Southeast,completed
13113,4635,2024-05-28,West,completed
13114,601,2026-05-07,Midwest,completed
13115,2162,2024-01-26,Northeast,completed
13116,3590,2024-07-06,West,completed
13117,501,2024-07-03,Midwest,completed
13118,3238,2024-12-18,Southeast,completed
13119,4350,2024-09-18,Midwest,completed
13120,2933,2024-10-21,Southwest,completed
13121,3864,2026-04-29,West,returned
13122,2503,2024-06-05,West,completed
13123,4275,2024-08-10,Northeast,completed
13124,2514,2024-03-17,Southeast,cancelled
13125,1181,2024-12-07,Midwest,completed
13126,2113,2025-03-31,Southwest,completed
13127,4996,2025-03-24,Northeast,completed
13128,239,2024-09-04,Southwest,completed
13129,2123,2026-02-20,Southeast,completed
13130,4883,2025-03-18,Midwest,completed
13131,4497,2025-09-27,West,completed
13132,2602,2024-07-14,Northeast,completed
13133,1105,2024-03-10,Southwest,completed
13134,4120,2024-07-28,West,completed
13135,1336,2026-02-16,West,completed
13136,4485,2024-03-13,Northeast,completed
13137,1894,2025-12-16,Midwest,completed
13138,1898,2024-10-07,Northeast,completed
13139,1927,2025-05-08,Southwest,completed
13140,432,2026-08-24,West,cancelled
13141,3284,2026-04-12,West,cancelled
13142,3024,2024-03-13,Northeast,completed
13143,2357,2026-02-03,Southeast,completed
13144,810,2026-04-16,Midwest,completed
13145,425,2026-04-29,Midwest,completed
13146,2818,2024-07-24,Southeast,completed
13147,91,2025-12-09,Southeast,completed
13148,2753,2024-03-29,Northeast,returned
13149,1167,2026-06-18,Northeast,returned
13150,1363,2025-07-20,West,completed
13151,2251,2025-05-12,Midwest,completed
13152,4967,2025-06-11,Southwest,completed
13153,4937,2025-04-12,West,completed
13154,3024,2024-11-09,Northeast,completed
13155,4656,2025-11-08,Southwest,completed
13156,1514,2024-07-12,Southwest,returned
13157,1782,2025-09-11,Northeast,completed
13158,3350,2026-03-03,Southwest,completed
13159,2783,2025-12-14,Southeast,completed
13160,766,2024-12-14,West,completed
13161,537,2024-05-04,Southeast,completed
13162,3390,2025-09-08,West,completed
13163,1237,2026-03-09,Northeast,cancelled
13164,555,2024-06-13,Southwest,completed
13165,3293,2026-03-29,West,completed
13166,182,2024-04-15,Midwest,returned
13167,2452,2025-10-26,Southeast,cancelled
13168,532,2024-05-31,Northeast,completed
13169,3630,2026-02-01,Southeast,completed
13170,3387,2025-02-11,West,completed
13171,4968,2025-07-25,Southeast,completed
13172,2589,2026-03-20,Southwest,completed
13173,3043,2026-06-06,Southeast,completed
13174,21,2024-01-13,West,completed
13175,2695,2024-01-01,Midwest,completed
13176,2321,2024-06-29,Southeast,completed
13177,1541,2024-09-23,Northeast,completed
13178,2948,2024-03-29,West,returned
13179,3322,2024-04-25,Southeast,returned
13180,4278,2025-06-16,Southeast,completed
13181,4182,2026-01-29,Southeast,completed
13182,1795,2025-01-30,Northeast,completed
13183,3387,2026-05-18,West,completed
13184,4901,2025-11-30,Southwest,completed
13185,440,2025-08-03,Southeast,completed
13186,32,2024-09-06,Northeast,returned
13187,3487,2025-04-06,Southeast,completed
13188,2999,2025-06-14,West,completed
13189,541,2025-10-26,West,completed
13190,1310,2026-02-26,Northeast,completed
13191,3748,2025-10-24,Southeast,completed
13192,2822,2026-06-10,Midwest,completed
13193,2829,2024-07-31,Midwest,completed
13194,3935,2026-02-24,Southwest,completed
13195,3186,2025-11-28,Southwest,completed
13196,2171,2025-06-04,Midwest,completed
13197,2081,2026-03-12,Southwest,completed
13198,1570,2025-03-16,Northeast,completed
13199,3281,2026-05-09,West,completed
13200,4583,2026-08-14,Southwest,completed
13201,909,2024-07-31,Northeast,completed
13202,940,2025-02-14,Southwest,completed
13203,2459,2026-06-28,Midwest,completed
13204,424,2025-12-31,Midwest,completed
13205,4551,2024-06-15,West,completed
13206,4231,2026-08-16,Southeast,completed
13207,4136,2026-01-10,Southeast,completed
13208,2584,2024-10-08,West,completed
13209,3730,2026-08-06,Northeast,completed
13210,784,2025-10-19,Southeast,completed
13211,3027,2026-08-01,Southeast,completed
13212,3825,2024-09-27,Northeast,completed
13213,2171,2025-12-25,Midwest,completed
13214,4573,2025-06-30,Southwest,completed
13215,2034,2024-02-19,Southeast,completed
13216,3074,2026-06-01,Southeast,completed
13217,658,2025-03-10,Midwest,completed
13218,2753,2024-03-05,Northeast,returned
13219,534,2024-12-13,West,completed
13220,282,2024-07-29,Northeast,completed
13221,4941,2024-10-26,West,completed
13222,688,2024-02-27,Southwest,completed
13223,1581,2025-09-08,Southeast,completed
13224,1844,2026-05-24,Southwest,completed
13225,3619,2025-08-26,Southeast,completed
13226,100,2025-04-29,Southeast,completed
13227,815,2024-11-06,Midwest,returned
13228,2483,2025-11-24,Southeast,completed
13229,125,2025-03-09,Northeast,completed
13230,4118,2024-12-11,Midwest,completed
13231,746,2024-02-04,Southwest,completed
13232,3581,2025-04-24,Southeast,completed
13233,3265,2026-01-20,West,completed
13234,3477,2025-01-18,Southeast,completed
13235,2824,2025-01-03,Southwest,completed
13236,289,2024-02-15,Northeast,completed
13237,1751,2025-04-22,Southwest,completed
13238,1102,2025-08-18,Southwest,completed
13239,1257,2024-01-08,Northeast,completed
13240,3463,2025-12-24,Southwest,completed
13241,688,2024-06-02,Southwest,cancelled
13242,4882,2025-07-23,Southeast,completed
13243,1730,2024-06-10,Southeast,completed
13244,4221,2025-03-16,Southwest,completed
13245,1885,2025-09-02,Northeast,cancelled
13246,1118,2025-11-16,Northeast,completed
13247,801,2024-06-06,Southeast,returned
13248,1129,2025-09-19,Midwest,completed
13249,1745,2025-03-08,Midwest,completed
13250,2426,2024-12-05,West,completed
13251,4241,2026-05-04,Northeast,completed
13252,101,2025-09-15,Southeast,completed
13253,4392,2025-07-21,Midwest,completed
13254,2240,2026-05-27,Midwest,cancelled
13255,777,2025-08-28,Southeast,completed
13256,3947,2026-02-17,Northeast,completed
13257,226,2025-09-16,Southwest,completed
13258,1569,2026-01-27,Southeast,completed
13259,4931,2025-04-22,Southwest,completed
13260,3146,2026-07-12,Northeast,completed
13261,2973,2024-02-02,Southeast,completed
13262,630,2026-01-14,West,completed
13263,4414,2025-11-16,Southwest,completed
13264,4271,2026-07-22,Southeast,completed
13265,1234,2025-05-09,Southwest,completed
13266,4906,2025-05-28,Midwest,completed
13267,4364,2024-05-24,Midwest,completed
13268,1295,2024-05-16,Midwest,completed
13269,834,2024-01-31,Northeast,completed
13270,4716,2024-01-25,West,completed
13271,2757,2025-12-12,West,completed
13272,577,2024-11-11,Southwest,completed
13273,1211,2024-01-15,Southeast,completed
13274,2030,2024-07-28,Southeast,completed
13275,1295,2024-09-20,Midwest,completed
13276,1207,2026-08-20,Southwest,completed
13277,1841,2025-04-04,West,completed
13278,1305,2024-06-13,Southwest,completed
13279,1565,2025-03-10,Northeast,completed
13280,3963,2025-01-02,Southwest,completed
13281,1626,2025-12-17,West,completed
13282,2894,2024-01-27,Southeast,completed
13283,1409,2025-07-08,Southeast,cancelled
13284,1778,2025-12-23,West,completed
13285,2540,2025-07-26,Southwest,completed
13286,693,2026-06-22,Southwest,completed
13287,1392,2024-06-30,West,completed
13288,241,2024-12-08,West,completed
13289,4210,2024-10-31,Midwest,completed
13290,2387,2026-07-05,Southeast,completed
13291,1338,2026-08-17,Southeast,completed
13292,3025,2026-01-08,Northeast,completed
13293,86,2024-12-26,Midwest,completed
13294,644,2024-10-16,Southeast,cancelled
13295,103,2025-09-20,Southeast,completed
13296,4193,2026-03-18,Midwest,completed
13297,522,2024-05-06,Northeast,completed
13298,4360,2024-10-29,Southeast,completed
13299,982,2026-06-20,West,completed
13300,2354,2024-11-15,Northeast,completed
13301,1787,2024-03-21,Southeast,completed
13302,1719,2025-03-11,Southwest,completed
13303,2094,2024-09-01,West,completed
13304,3356,2024-04-14,Southwest,completed
13305,4972,2025-10-26,West,completed
13306,3447,2025-01-24,Northeast,completed
13307,2809,2024-07-22,West,cancelled
13308,2136,2025-04-11,Midwest,completed
13309,4591,2024-09-25,Midwest,completed
13310,1867,2024-11-15,Northeast,completed
13311,2809,2024-04-30,West,completed
13312,3025,2025-07-31,Northeast,completed
13313,877,2025-12-21,Northeast,completed
13314,1737,2025-02-11,Southeast,completed
13315,1645,2026-03-10,West,completed
13316,579,2025-09-04,Southeast,completed
13317,1759,2024-12-25,Midwest,completed
13318,3907,2026-01-20,West,completed
13319,2861,2024-06-30,Northeast,returned
13320,1940,2025-05-02,Southeast,completed
13321,4881,2024-11-18,Northeast,completed
13322,2004,2026-08-03,Southwest,returned
13323,2347,2026-08-10,Southeast,completed
13324,283,2025-07-27,Southeast,completed
13325,3339,2026-01-14,West,completed
13326,1412,2025-05-27,Southeast,completed
13327,4854,2025-08-29,Midwest,completed
13328,2489,2024-03-31,Northeast,completed
13329,4076,2026-01-31,Southeast,completed
13330,2395,2025-11-20,West,completed
13331,2013,2024-10-11,Midwest,completed
13332,1609,2024-09-25,Northeast,cancelled
13333,119,2026-05-25,Northeast,returned
13334,2633,2026-03-29,Midwest,completed
13335,1824,2025-10-21,Southeast,completed
13336,1570,2024-12-30,Northeast,completed
13337,404,2026-03-03,Northeast,completed
13338,2114,2024-04-22,West,completed
13339,2639,2025-08-19,Northeast,completed
13340,1042,2024-02-14,West,cancelled
13341,4014,2026-08-13,Northeast,completed
13342,3165,2026-07-05,Northeast,completed
13343,4787,2026-06-30,West,completed
13344,1216,2025-10-07,Southwest,completed
13345,4715,2026-08-25,Northeast,completed
13346,3810,2026-01-17,Midwest,completed
13347,4299,2025-06-01,Southwest,completed
13348,4750,2025-09-28,West,completed
13349,3260,2025-10-16,West,completed
13350,1327,2024-10-02,Northeast,completed
13351,3776,2025-10-06,Southeast,completed
13352,2989,2025-02-25,Southwest,completed
13353,1407,2025-05-03,Midwest,completed
13354,2890,2024-02-10,Southeast,returned
13355,2942,2025-10-09,West,completed
13356,4446,2025-09-28,Southeast,completed
13357,278,2024-11-20,Southeast,completed
13358,4782,2025-11-15,Southwest,completed
13359,4190,2026-01-28,Southwest,completed
13360,4781,2024-06-29,Northeast,completed
13361,2551,2026-06-16,Northeast,completed
13362,4008,2024-12-09,Southeast,completed
13363,4363,2025-09-06,Midwest,completed
13364,3623,2024-02-12,Southwest,completed
13365,2244,2026-01-09,West,completed
13366,2543,2026-05-23,Northeast,completed
13367,98,2026-07-01,Midwest,completed
13368,1959,2025-07-15,Northeast,completed
13369,3499,2025-09-12,West,completed
13370,2309,2025-07-08,Northeast,completed
13371,1072,2024-02-05,Southwest,completed
13372,3128,2025-10-08,Southwest,completed
13373,3703,2024-09-22,Midwest,returned
13374,1245,2024-03-24,West,completed
13375,810,2024-09-20,Midwest,completed
13376,4387,2025-08-02,West,completed
13377,1144,2024-11-15,Midwest,completed
13378,3089,2026-03-21,Northeast,completed
13379,1807,2025-03-31,West,completed
13380,3370,2024-03-18,Southwest,completed
13381,907,2024-03-06,Midwest,completed
13382,1154,2026-05-14,Midwest,completed
13383,601,2024-02-20,Midwest,completed
13384,3774,2025-11-16,Southwest,returned
13385,38,2024-01-17,Northeast,completed
13386,977,2025-10-16,Midwest,completed
13387,1953,2025-07-10,Southeast,completed
13388,4,2025-08-23,West,completed
13389,782,2026-03-11,Northeast,cancelled
13390,476,2025-09-27,West,completed
13391,1171,2024-05-14,Southeast,completed
13392,2481,2024-05-19,Midwest,completed
13393,2162,2026-05-08,Northeast,completed
13394,2682,2025-10-26,Southeast,completed
13395,455,2026-07-18,Midwest,completed
13396,866,2025-04-01,Southwest,completed
13397,2662,2024-01-18,Midwest,completed
13398,2705,2024-07-20,West,completed
13399,3102,2024-12-24,West,completed
13400,1666,2024-05-10,West,completed
13401,2316,2025-01-23,Northeast,completed
13402,868,2025-07-13,Northeast,completed
13403,1074,2024-05-12,West,completed
13404,1479,2024-05-19,Northeast,completed
13405,543,2026-02-06,Northeast,completed
13406,3521,2025-08-23,Southeast,completed
13407,3153,2025-06-05,Midwest,completed
13408,1013,2024-09-29,Southeast,cancelled
13409,1914,2025-08-02,Southwest,completed
13410,2283,2026-06-30,West,completed
13411,1988,2025-08-08,Midwest,completed
13412,3718,2025-01-09,Northeast,completed
13413,4164,2026-05-02,Midwest,completed
13414,2436,2024-05-07,Southwest,completed
13415,451,2025-09-21,Midwest,completed
13416,2993,2024-06-27,Southwest,completed
13417,2966,2025-06-20,Midwest,completed
13418,935,2026-02-17,West,completed
13419,203,2024-03-18,Southeast,completed
13420,677,2024-10-14,Midwest,completed
13421,238,2024-10-04,Northeast,completed
13422,361,2025-07-29,Northeast,returned
13423,4229,2026-06-21,Northeast,completed
13424,3043,2026-05-02,Southeast,completed
13425,3318,2026-02-23,West,completed
13426,3654,2025-01-31,Southwest,completed
13427,4821,2024-11-11,Northeast,completed
13428,3392,2026-01-01,Midwest,cancelled
13429,2392,2026-06-23,Midwest,completed
13430,4745,2025-05-04,Southwest,completed
13431,968,2025-09-10,Midwest,cancelled
13432,792,2025-01-12,Southeast,completed
13433,941,2026-02-09,Southeast,completed
13434,162,2024-02-22,Southeast,completed
13435,17,2025-01-04,Northeast,completed
13436,4494,2024-01-28,Midwest,completed
13437,2781,2024-07-16,Southeast,completed
13438,385,2025-05-24,West,completed
13439,3578,2025-03-24,Midwest,completed
13440,3708,2024-12-04,Northeast,completed
13441,511,2024-09-01,West,completed
13442,3144,2024-01-31,Midwest,returned
13443,4966,2025-01-16,Midwest,completed
13444,2955,2025-06-18,West,completed
13445,695,2026-04-20,Southeast,completed
13446,3088,2024-01-19,Southwest,completed
13447,613,2026-03-05,West,completed
13448,1369,2026-06-14,Midwest,completed
13449,3583,2026-05-23,Midwest,completed
13450,2886,2024-07-01,Midwest,completed
13451,2003,2025-07-31,Northeast,completed
13452,174,2025-09-22,Midwest,completed
13453,1745,2024-08-04,Midwest,completed
13454,2311,2025-07-13,West,completed
13455,3850,2024-12-24,Southeast,completed
13456,4650,2025-12-20,Southeast,completed
13457,649,2026-04-30,Midwest,cancelled
13458,1171,2025-02-16,Southeast,completed
13459,4368,2026-08-01,Southeast,completed
13460,2429,2026-04-26,Northeast,completed
13461,1484,2026-05-05,Midwest,completed
13462,435,2026-04-06,West,completed
13463,2290,2024-06-05,Southwest,completed
13464,1170,2024-11-21,Midwest,completed
13465,791,2025-05-09,Southeast,completed
13466,2146,2025-05-04,Southwest,returned
13467,3585,2024-05-01,Midwest,completed
13468,45,2024-02-29,Southwest,completed
13469,4720,2024-03-24,West,cancelled
13470,4642,2026-04-11,Southwest,completed
13471,3746,2026-03-22,Southwest,completed
13472,2691,2026-02-03,West,completed
13473,481,2026-06-24,Northeast,completed
13474,2206,2025-03-06,Midwest,completed
13475,1120,2025-06-18,Southwest,completed
13476,2098,2025-12-29,Southeast,completed
13477,3457,2026-03-23,Southwest,completed
13478,172,2025-05-16,Midwest,completed
13479,4372,2026-06-16,Southwest,completed
13480,3534,2025-01-13,Southeast,completed
13481,1204,2025-07-22,Midwest,completed
13482,2807,2025-01-14,Midwest,completed
13483,223,2026-07-08,Southwest,returned
13484,3067,2026-01-22,Northeast,completed
13485,4299,2025-02-08,Southwest,completed
13486,189,2025-12-03,Northeast,completed
13487,4628,2024-01-24,West,completed
13488,1700,2024-05-11,Southeast,completed
13489,3995,2026-03-17,Southeast,completed
13490,2092,2024-06-23,Southeast,completed
13491,483,2024-05-30,Southeast,completed
13492,1616,2024-10-18,Southwest,completed
13493,2612,2024-09-10,West,completed
13494,2296,2026-07-24,Southwest,completed
13495,3894,2024-11-30,Northeast,completed
13496,762,2026-08-11,Southwest,completed
13497,1205,2024-03-19,Northeast,completed
13498,1341,2025-03-08,West,completed
13499,1131,2026-05-28,West,cancelled
13500,1662,2024-10-09,Midwest,completed
13501,3423,2025-12-06,Northeast,completed
13502,1018,2025-02-15,Midwest,completed
13503,3471,2025-08-25,Northeast,completed
13504,2733,2026-02-01,Midwest,completed
13505,4443,2025-06-22,Southeast,completed
13506,3788,2024-04-21,Southeast,completed
13507,209,2025-10-06,Midwest,completed
13508,1048,2026-07-20,Midwest,completed
13509,3617,2026-06-06,Southeast,completed
13510,4041,2025-12-22,Southwest,completed
13511,3793,2025-08-21,Southeast,completed
13512,4079,2024-03-13,West,completed
13513,3406,2026-06-15,Southwest,completed
13514,2510,2026-05-18,Midwest,completed
13515,2474,2025-07-23,Southwest,completed
13516,4989,2026-02-10,Northeast,completed
13517,2884,2025-06-06,Southeast,completed
13518,207,2026-01-14,Southwest,completed
13519,1211,2024-07-15,Southeast,returned
13520,3233,2026-08-09,Midwest,completed
13521,3034,2025-06-17,Southeast,completed
13522,2211,2025-12-14,West,completed
13523,1662,2025-01-23,Midwest,returned
13524,2951,2026-08-09,West,completed
13525,3917,2025-01-22,West,completed
13526,1207,2026-07-17,Southwest,completed
13527,4623,2025-05-24,Southeast,completed
13528,714,2025-09-11,Northeast,completed
13529,2630,2025-04-13,West,returned
13530,1,2025-01-25,Midwest,completed
13531,794,2024-07-10,Southwest,completed
13532,3710,2024-05-02,Northeast,completed
13533,1256,2026-02-03,Northeast,completed
13534,4373,2026-02-25,West,completed
13535,2925,2026-07-11,Southwest,completed
13536,4595,2026-01-16,Midwest,completed
13537,1009,2026-08-23,Midwest,completed
13538,94,2025-02-14,Southeast,completed
13539,935,2025-08-14,West,completed
13540,3047,2024-03-11,West,completed
13541,2222,2025-08-07,Northeast,completed
13542,2490,2024-02-01,Northeast,returned
13543,941,2025-01-20,Southeast,completed
13544,4692,2024-01-01,Midwest,completed
13545,359,2026-07-29,West,completed
13546,4877,2024-03-09,Midwest,completed
13547,1045,2025-09-20,Midwest,completed
13548,4844,2025-10-28,Northeast,completed
13549,1570,2025-02-09,Northeast,completed
13550,2702,2025-05-05,West,returned
13551,994,2025-01-15,Northeast,completed
13552,344,2025-09-25,West,completed
13553,2202,2025-10-11,West,completed
13554,1591,2026-03-02,West,completed
13555,3370,2025-01-23,Southwest,completed
13556,2481,2024-05-07,Midwest,completed
13557,4596,2025-09-03,West,completed
13558,1800,2024-10-24,Southeast,completed
13559,2087,2024-03-06,Southwest,completed
13560,3633,2025-12-17,Southeast,completed
13561,1556,2026-07-01,Southwest,completed
13562,4109,2025-11-16,Southwest,completed
13563,3326,2025-07-20,West,completed
13564,3198,2024-07-25,Midwest,completed
13565,3404,2025-05-31,Midwest,completed
13566,946,2026-07-23,Northeast,completed
13567,1222,2025-07-10,Northeast,completed
13568,4946,2026-02-18,Northeast,completed
13569,1469,2025-10-14,Southeast,completed
13570,2006,2026-02-22,West,completed
13571,3632,2024-08-18,Southwest,completed
13572,4553,2025-12-14,Southwest,completed
13573,3320,2026-01-27,Midwest,completed
13574,4354,2025-06-05,West,completed
13575,3282,2025-11-10,Southwest,returned
13576,1016,2025-11-20,Northeast,completed
13577,1650,2026-01-14,Midwest,completed
13578,3596,2024-12-10,Northeast,completed
13579,2733,2026-06-27,Midwest,completed
13580,3502,2025-09-19,Southeast,completed
13581,2185,2024-08-16,Southeast,completed
13582,4196,2026-03-24,Southeast,completed
13583,1202,2025-08-10,West,completed
13584,1748,2025-09-10,Midwest,completed
13585,911,2025-08-29,Southeast,completed
13586,3643,2024-07-22,Midwest,completed
13587,1597,2025-08-30,Midwest,completed
13588,2965,2024-04-17,Southwest,completed
13589,4703,2026-07-22,Midwest,completed
13590,1195,2026-06-11,West,completed
13591,283,2026-03-31,Southeast,completed
13592,4187,2024-05-10,Midwest,completed
13593,2655,2026-07-17,West,completed
13594,949,2025-08-24,Midwest,completed
13595,1244,2025-02-19,Midwest,completed
13596,2395,2024-07-22,West,completed
13597,4354,2026-05-24,West,completed
13598,60,2024-01-09,Northeast,completed
13599,2665,2025-04-05,Midwest,completed
13600,3467,2024-03-08,Northeast,completed
13601,4765,2025-02-12,Midwest,completed
13602,714,2025-04-17,Northeast,completed
13603,1509,2025-04-08,Southwest,completed
13604,4507,2025-12-28,Northeast,completed
13605,1148,2025-02-03,West,completed
13606,2580,2026-01-21,Midwest,cancelled
13607,3426,2024-05-24,Southwest,completed
13608,937,2024-02-27,Northeast,completed
13609,2324,2026-01-12,West,cancelled
13610,2478,2025-06-23,Northeast,completed
13611,3397,2024-07-16,Midwest,completed
13612,2736,2026-07-24,West,completed
13613,4587,2025-11-17,Southeast,completed
13614,1357,2025-08-29,Southwest,completed
13615,2346,2024-08-25,Southeast,completed
13616,3648,2025-09-07,Northeast,completed
13617,3020,2025-01-07,Southwest,cancelled
13618,2047,2026-05-20,Southeast,completed
13619,1351,2026-03-29,Midwest,completed
13620,1366,2025-07-03,Southeast,completed
13621,1783,2025-05-09,Southeast,completed
13622,2867,2025-08-20,Southwest,completed
13623,629,2025-03-22,Southeast,completed
13624,315,2026-01-02,Northeast,completed
13625,4322,2024-08-19,Southwest,completed
13626,1270,2024-05-05,West,completed
13627,706,2026-01-29,West,completed
13628,529,2024-03-02,West,completed
13629,2442,2025-06-26,Southeast,completed
13630,2911,2026-07-25,Northeast,completed
13631,623,2024-09-01,West,completed
13632,440,2025-01-24,Southeast,completed
13633,2393,2025-02-01,Southwest,completed
13634,1213,2024-10-19,Southwest,completed
13635,491,2025-08-13,Midwest,cancelled
13636,4778,2024-12-10,Northeast,completed
13637,158,2025-06-14,Southeast,completed
13638,3179,2024-07-09,Midwest,returned
13639,111,2024-11-18,Northeast,completed
13640,4412,2025-05-18,West,completed
13641,2503,2025-07-17,West,completed
13642,173,2025-08-09,Midwest,completed
13643,1910,2024-08-04,Southeast,completed
13644,2931,2026-04-21,Midwest,completed
13645,1292,2024-01-08,Northeast,cancelled
13646,4282,2026-06-09,West,completed
13647,4566,2024-02-05,Southeast,completed
13648,1738,2024-02-10,West,cancelled
13649,1660,2024-11-13,Northeast,completed
13650,2265,2026-01-09,Southwest,completed
13651,120,2024-02-29,Midwest,completed
13652,4357,2025-07-19,Northeast,completed
13653,1194,2024-05-23,Northeast,completed
13654,2639,2024-08-08,Northeast,completed
13655,4145,2025-03-05,West,completed
13656,4896,2025-10-09,Southwest,completed
13657,1896,2024-05-10,West,completed
13658,2741,2024-07-22,Midwest,cancelled
13659,2878,2024-12-13,Southeast,completed
13660,929,2024-06-21,Northeast,completed
13661,624,2024-06-02,Northeast,completed
13662,2011,2025-01-31,Southeast,completed
13663,3774,2025-03-02,Southwest,completed
13664,1639,2024-11-25,Northeast,completed
13665,3976,2025-04-14,Southeast,cancelled
13666,4323,2025-05-26,Midwest,completed
13667,402,2024-09-06,Northeast,completed
13668,3158,2026-08-19,Northeast,completed
13669,4844,2024-04-03,Northeast,completed
13670,90,2026-02-10,Southwest,completed
13671,3463,2025-08-24,Southwest,completed
13672,4394,2026-05-11,Southwest,completed
13673,655,2025-06-27,Southeast,completed
13674,1421,2025-11-27,Southwest,completed
13675,1121,2024-07-27,Northeast,completed
13676,1352,2025-03-04,Southwest,completed
13677,2856,2025-06-04,Northeast,completed
13678,3403,2024-04-08,Southeast,completed
13679,738,2026-04-11,Northeast,completed
13680,637,2025-06-02,Northeast,completed
13681,1940,2024-05-16,Southeast,completed
13682,656,2025-09-27,West,completed
13683,3769,2024-08-15,Northeast,completed
13684,1061,2024-04-27,Northeast,completed
13685,4433,2024-02-23,Midwest,completed
13686,217,2026-04-13,Midwest,completed
13687,1822,2026-01-12,Southwest,completed
13688,1415,2024-02-29,Midwest,completed
13689,379,2026-01-05,Northeast,completed
13690,57,2026-07-25,Southwest,completed
13691,4602,2025-06-20,West,completed
13692,1963,2024-07-15,Southwest,completed
13693,1430,2025-04-12,Northeast,completed
13694,2887,2025-12-21,West,completed
13695,1931,2024-09-17,Southwest,completed
13696,1004,2025-05-28,Southwest,completed
13697,3680,2024-09-24,Southwest,completed
13698,262,2024-03-27,Northeast,completed
13699,1797,2025-12-19,Midwest,completed
13700,2507,2024-11-23,Northeast,completed
13701,264,2025-02-20,West,completed
13702,3624,2026-08-05,Southwest,completed
13703,2937,2024-10-24,West,completed
13704,1747,2024-09-19,Midwest,completed
13705,724,2025-04-19,Northeast,completed
13706,332,2024-01-22,Southwest,completed
13707,3948,2026-03-01,Southwest,completed
13708,2292,2024-02-29,Midwest,completed
13709,2723,2026-01-16,Midwest,completed
13710,3015,2024-03-17,Southeast,completed
13711,3621,2026-06-17,Midwest,completed
13712,3069,2024-07-26,Midwest,completed
13713,4313,2025-10-31,Midwest,completed
13714,1744,2026-02-12,Southeast,completed
13715,4611,2025-08-15,Northeast,completed
13716,4968,2025-07-16,Southeast,completed
13717,1641,2025-03-13,West,completed
13718,2904,2025-10-01,Southeast,completed
13719,3254,2025-10-02,West,completed
13720,759,2025-03-29,Southeast,completed
13721,3005,2025-11-08,Northeast,completed
13722,1144,2024-07-01,Midwest,completed
13723,5000,2024-05-12,Northeast,completed
13724,4890,2024-06-22,Southwest,completed
13725,2492,2026-01-17,West,completed
13726,3402,2026-04-22,Midwest,completed
13727,3018,2025-02-23,Midwest,completed
13728,400,2025-06-21,Northeast,completed
13729,3719,2024-10-31,Midwest,completed
13730,1931,2024-04-09,Southwest,completed
13731,3818,2025-07-20,Southwest,returned
13732,1791,2024-01-02,Southeast,completed
13733,3401,2025-12-09,Midwest,completed
13734,4045,2025-01-23,Southwest,completed
13735,1793,2026-07-31,Midwest,completed
13736,1831,2025-01-10,Southeast,completed
13737,3746,2025-04-09,Southwest,completed
13738,600,2025-08-01,Midwest,completed
13739,759,2024-05-18,Southeast,completed
13740,3778,2025-11-22,Northeast,completed
13741,3798,2025-01-13,Northeast,completed
13742,2111,2024-08-25,Southeast,completed
13743,4332,2025-06-02,West,returned
13744,2936,2026-02-03,West,completed
13745,3775,2026-08-21,Midwest,completed
13746,3177,2024-06-23,Northeast,completed
13747,2916,2026-06-07,Midwest,completed
13748,160,2024-03-06,West,completed
13749,2054,2026-01-10,West,completed
13750,2201,2024-08-08,Midwest,completed
13751,2852,2026-02-15,Midwest,completed
13752,2054,2025-09-13,West,completed
13753,4151,2025-02-18,Southeast,completed
13754,271,2024-07-26,Midwest,completed
13755,4870,2025-05-08,Midwest,completed
13756,2326,2025-03-29,Southeast,completed
13757,2057,2024-02-08,Southeast,completed
13758,2167,2024-12-10,Southwest,returned
13759,2424,2026-04-28,Southeast,completed
13760,3417,2026-07-24,Midwest,completed
13761,4381,2026-02-27,Southwest,returned
13762,3650,2025-04-29,Southwest,completed
13763,55,2025-10-24,Southwest,completed
13764,3053,2026-05-05,Midwest,completed
13765,713,2025-06-11,West,completed
13766,1368,2024-02-21,Southeast,completed
13767,1508,2025-05-04,Southwest,completed
13768,4547,2026-08-22,Midwest,completed
13769,3640,2025-06-25,Southwest,completed
13770,3220,2025-05-12,West,completed
13771,972,2026-07-30,Midwest,completed
13772,3513,2024-12-26,Southwest,completed
13773,4469,2024-01-09,West,completed
13774,4582,2025-06-21,Southwest,completed
13775,4327,2025-08-23,Midwest,completed
13776,4027,2025-03-12,Southeast,completed
13777,671,2025-07-11,Northeast,completed
13778,2025,2024-08-11,Northeast,completed
13779,1306,2026-04-11,Southwest,completed
13780,805,2026-05-30,Southwest,completed
13781,1311,2026-05-20,West,completed
13782,4417,2025-05-14,West,completed
13783,4906,2025-09-12,Midwest,completed
13784,1287,2024-09-08,Northeast,completed
13785,3775,2024-07-18,Midwest,completed
13786,1881,2025-12-14,Midwest,completed
13787,2290,2024-09-18,Southwest,completed
13788,4546,2026-03-08,Southeast,completed
13789,2870,2024-06-17,West,completed
13790,1020,2026-01-10,West,completed
13791,1082,2024-01-24,Southeast,completed
13792,2262,2024-01-31,Northeast,completed
13793,966,2024-08-19,Midwest,completed
13794,4396,2025-11-18,Northeast,completed
13795,720,2024-09-14,Southwest,completed
13796,442,2024-09-08,Southeast,returned
13797,1964,2024-05-24,Southeast,completed
13798,765,2026-05-17,Midwest,completed
13799,726,2025-12-24,Southeast,completed
13800,1018,2024-08-22,Midwest,completed
13801,2394,2025-04-25,Southeast,completed
13802,839,2024-12-19,Northeast,completed
13803,1671,2024-03-08,Northeast,completed
13804,326,2024-03-23,Midwest,completed
13805,269,2025-10-29,Southwest,completed
13806,1023,2024-11-07,Midwest,completed
13807,4588,2026-02-21,Southwest,completed
13808,3810,2025-01-04,Midwest,completed
13809,4328,2025-05-05,West,completed
13810,1170,2024-08-20,Midwest,completed
13811,3079,2024-09-24,Northeast,completed
13812,3181,2026-02-16,Northeast,completed
13813,1784,2026-01-13,Northeast,completed
13814,4440,2025-03-26,West,returned
13815,1862,2026-04-13,Northeast,completed
13816,587,2024-08-03,Southeast,completed
13817,1866,2025-04-04,Southwest,returned
13818,4096,2025-03-28,Southeast,completed
13819,2594,2025-12-07,Midwest,completed
13820,1508,2024-09-07,Southwest,completed
13821,2206,2025-05-10,Midwest,completed
13822,2905,2025-12-29,Northeast,completed
13823,938,2024-08-27,West,returned
13824,763,2026-01-02,Southeast,completed
13825,736,2024-04-16,Southwest,cancelled
13826,2078,2026-08-18,West,completed
13827,2931,2026-08-13,Midwest,completed
13828,1238,2026-06-08,Southwest,completed
13829,4809,2024-11-11,West,cancelled
13830,717,2026-02-12,Midwest,completed
13831,3088,2025-07-15,Southwest,completed
13832,1980,2025-12-29,Northeast,returned
13833,1572,2024-10-23,Southwest,completed
13834,3920,2026-02-27,Southeast,returned
13835,451,2024-05-31,Midwest,completed
13836,2611,2025-09-09,Southwest,completed
13837,3682,2025-06-28,West,completed
13838,166,2025-07-31,Northeast,completed
13839,1454,2024-01-01,Southwest,completed
13840,4051,2024-06-04,West,completed
13841,1662,2026-03-11,Midwest,completed
13842,2652,2024-10-13,West,returned
13843,3541,2024-12-08,Northeast,completed
13844,3271,2025-11-25,Midwest,completed
13845,1591,2025-04-06,West,completed
13846,510,2024-02-19,Southwest,completed
13847,3638,2024-01-07,West,completed
13848,2430,2024-11-23,Northeast,completed
13849,355,2026-04-14,Midwest,completed
13850,3176,2024-09-30,Southeast,completed
13851,2295,2026-07-06,West,completed
13852,2894,2024-01-02,Southeast,completed
13853,3481,2026-03-16,Southwest,completed
13854,2030,2024-10-01,Southeast,completed
13855,1944,2025-04-08,Southwest,completed
13856,3647,2026-05-31,West,completed
13857,4655,2026-08-06,West,completed
13858,1269,2025-06-12,Southeast,completed
13859,3526,2025-10-22,Midwest,completed
13860,1391,2024-04-04,Midwest,completed
13861,1912,2026-01-29,West,completed
13862,1494,2025-10-06,Northeast,completed
13863,2885,2024-10-03,Southwest,completed
13864,2753,2025-03-22,Northeast,completed
13865,4033,2025-04-26,Southeast,cancelled
13866,301,2026-05-24,Midwest,completed
13867,935,2024-06-28,West,completed
13868,1902,2025-11-03,Northeast,completed
13869,1549,2025-10-31,Southwest,completed
13870,3985,2025-08-14,Southwest,completed
13871,2020,2024-09-04,Northeast,completed
13872,2156,2024-09-19,Midwest,completed
13873,4144,2024-06-17,Midwest,completed
13874,4100,2025-09-18,Northeast,completed
13875,4130,2026-08-12,Midwest,returned
13876,4412,2024-01-30,West,returned
13877,918,2025-06-11,Southwest,completed
13878,4214,2026-04-03,Midwest,cancelled
13879,766,2024-02-25,West,completed
13880,195,2025-09-25,Southwest,cancelled
13881,3892,2026-08-21,Northeast,completed
13882,425,2024-01-19,Midwest,returned
13883,4525,2026-01-14,Southwest,completed
13884,24,2026-07-20,West,cancelled
13885,714,2026-01-24,Northeast,completed
13886,4789,2025-09-11,Southeast,completed
13887,4358,2025-05-28,Southwest,completed
13888,1696,2024-01-12,Southeast,completed
13889,3695,2025-10-09,Southeast,completed
13890,4860,2025-09-18,Southwest,completed
13891,1114,2025-05-16,Northeast,completed
13892,3589,2026-01-22,Southwest,completed
13893,3575,2025-11-10,Northeast,completed
13894,20,2024-10-29,Southwest,completed
13895,1754,2024-04-15,Southwest,completed
13896,2720,2024-11-21,Midwest,completed
13897,3203,2025-08-17,West,completed
13898,2501,2024-05-08,West,completed
13899,2622,2025-08-16,West,completed
13900,1060,2026-02-07,West,completed
13901,335,2025-09-24,Midwest,completed
13902,2260,2026-05-28,West,completed
13903,3775,2025-07-04,Midwest,completed
13904,3435,2025-03-11,Northeast,completed
13905,219,2026-03-05,Northeast,completed
13906,2129,2024-04-02,Southeast,completed
13907,2361,2026-03-15,Southwest,completed
13908,2279,2025-04-24,Northeast,completed
13909,4959,2025-11-23,Northeast,completed
13910,1533,2024-09-06,Northeast,completed
13911,1228,2026-08-05,Midwest,completed
13912,2099,2026-05-24,Northeast,completed
13913,426,2024-02-29,Midwest,completed
13914,4347,2026-08-01,Northeast,completed
13915,4034,2026-04-09,West,completed
13916,3170,2026-05-13,Midwest,completed
13917,2270,2024-03-28,Midwest,completed
13918,1039,2026-04-14,Southwest,completed
13919,4104,2025-09-17,Southeast,completed
13920,4014,2024-06-02,Northeast,completed
13921,805,2025-06-13,Southwest,completed
13922,326,2025-04-29,Midwest,completed
13923,1408,2024-01-01,Southwest,completed
13924,2275,2025-10-09,Northeast,completed
13925,2096,2025-09-30,Southeast,completed
13926,3596,2025-01-10,Northeast,completed
13927,3740,2026-03-31,Southwest,completed
13928,2172,2025-04-08,Midwest,completed
13929,3873,2024-05-14,Midwest,completed
13930,3897,2025-03-15,Northeast,completed
13931,2212,2026-03-28,West,completed
13932,3202,2025-04-21,West,completed
13933,4276,2025-03-31,Southwest,completed
13934,1497,2024-11-05,Northeast,returned
13935,1696,2026-06-04,Southeast,completed
13936,4018,2025-03-22,Midwest,completed
13937,1573,2025-05-09,Southeast,completed
13938,3653,2025-05-10,Southeast,completed
13939,4434,2025-12-30,Midwest,returned
13940,4928,2025-09-13,West,completed
13941,2115,2026-03-10,Northeast,completed
13942,1509,2026-07-05,Southwest,completed
13943,152,2025-01-08,Midwest,completed
13944,1865,2026-03-23,Northeast,completed
13945,121,2026-05-27,Northeast,completed
13946,3974,2025-03-18,Southwest,completed
13947,4811,2024-09-15,Southeast,completed
13948,295,2024-03-27,Southwest,completed
13949,4660,2026-07-30,Midwest,completed
13950,1801,2024-11-27,Northeast,completed
13951,1520,2024-05-19,West,completed
13952,3426,2026-07-20,Southwest,returned
13953,1304,2024-09-10,Southwest,completed
13954,2269,2026-04-06,Northeast,completed
13955,1498,2025-08-05,Midwest,completed
13956,1332,2026-06-03,Midwest,completed
13957,1867,2024-05-07,Northeast,completed
13958,2674,2025-10-28,Southeast,cancelled
13959,4377,2025-10-06,Midwest,completed
13960,1045,2025-08-22,Midwest,completed
13961,4897,2025-01-14,Southeast,completed
13962,3778,2024-11-18,Northeast,completed
13963,2647,2025-12-17,Southeast,completed
13964,3893,2025-05-12,Northeast,completed
13965,3960,2025-07-03,Northeast,cancelled
13966,4022,2024-10-23,Southwest,completed
13967,1063,2026-01-05,Southwest,completed
13968,3454,2025-10-27,West,completed
13969,2241,2026-02-01,Southeast,completed
13970,2642,2024-12-14,Southeast,completed
13971,529,2025-09-12,West,completed
13972,4436,2024-08-22,Northeast,completed
13973,2918,2025-12-05,Southwest,cancelled
13974,284,2025-11-10,West,completed
13975,4620,2025-01-11,Southwest,cancelled
13976,2954,2025-12-10,West,cancelled
13977,2474,2025-06-07,Southwest,cancelled
13978,2510,2025-02-13,Midwest,completed
13979,4807,2024-01-09,Southeast,completed
13980,4378,2025-09-26,Southwest,completed
13981,2503,2025-07-26,West,completed
13982,2402,2025-01-05,Northeast,completed
13983,2045,2025-11-07,West,completed
13984,2135,2024-01-11,Southeast,completed
13985,90,2025-04-13,Southwest,completed
13986,3140,2024-04-30,Southeast,completed
13987,433,2024-10-08,West,completed
13988,1049,2026-05-10,Northeast,completed
13989,3282,2026-05-04,Southwest,completed
13990,4911,2025-11-15,Southeast,completed
13991,4716,2025-09-29,West,completed
13992,7,2024-03-29,Southwest,completed
13993,2070,2026-02-17,Southeast,completed
13994,1851,2025-07-25,Northeast,completed
13995,759,2026-07-13,Southeast,completed
13996,2758,2025-03-14,Northeast,completed
13997,1958,2024-05-27,Southeast,completed
13998,2704,2026-01-21,Southwest,completed
13999,4540,2024-08-06,West,completed
14000,2090,2024-10-05,Southwest,completed
14001,3827,2025-08-12,Southwest,completed
14002,270,2025-03-26,Northeast,completed
14003,1809,2025-05-01,Southwest,completed
14004,559,2025-03-07,Midwest,completed
14005,2541,2025-04-02,Southwest,returned
14006,3329,2025-04-07,Midwest,completed
14007,2650,2026-04-09,Southeast,completed
14008,2416,2024-03-11,West,completed
14009,4122,2025-02-16,West,completed
14010,2024,2024-10-23,Southeast,completed
14011,3751,2024-11-26,Southeast,cancelled
14012,3888,2024-12-13,Southeast,completed
14013,2925,2025-02-22,Southwest,completed
14014,3760,2025-01-29,Southwest,completed
14015,3242,2025-11-12,Southwest,completed
14016,4173,2024-08-02,Midwest,completed
14017,1877,2025-09-21,Northeast,completed
14018,3656,2025-11-25,West,completed
14019,1783,2026-03-21,Southeast,completed
14020,636,2026-05-14,Southwest,completed
14021,3998,2024-09-05,Southwest,completed
14022,536,2026-08-14,Southwest,completed
14023,3644,2026-01-07,Southeast,returned
14024,617,2024-11-04,Midwest,completed
14025,4317,2025-01-23,Southeast,completed
14026,1718,2025-06-26,Northeast,completed
14027,4279,2024-05-25,Southwest,completed
14028,943,2024-12-16,Northeast,completed
14029,3163,2026-01-07,Southeast,completed
14030,1594,2024-06-09,Northeast,completed
14031,4239,2025-12-12,Midwest,completed
14032,4107,2026-05-11,Northeast,completed
14033,3309,2024-10-25,West,completed
14034,774,2024-09-14,Southwest,completed
14035,4226,2024-04-14,Northeast,completed
14036,2372,2025-11-04,Southeast,completed
14037,85,2026-04-22,Northeast,completed
14038,1298,2024-04-11,West,completed
14039,2440,2025-12-21,Southeast,completed
14040,1588,2025-11-11,West,completed
14041,4354,2024-10-04,West,completed
14042,1635,2026-01-22,Southwest,completed
14043,4013,2024-03-05,Midwest,completed
14044,2978,2026-03-12,Northeast,completed
14045,2163,2024-11-21,Southwest,returned
14046,4026,2025-07-22,Midwest,completed
14047,953,2026-08-24,Northeast,completed
14048,3035,2025-09-23,Southwest,completed
14049,2414,2025-09-25,Southwest,completed
14050,2586,2024-04-21,Northeast,completed
14051,95,2025-12-28,West,completed
14052,2375,2024-03-13,Midwest,completed
14053,168,2026-05-28,Southwest,completed
14054,2578,2024-10-23,Northeast,completed
14055,1426,2025-06-09,West,completed
14056,3214,2026-03-02,Southeast,completed
14057,1808,2024-04-15,Northeast,cancelled
14058,3148,2026-02-07,West,completed
14059,2941,2025-07-08,Southwest,returned
14060,2863,2024-07-08,West,completed
14061,813,2026-01-08,Southwest,completed
14062,4522,2025-11-01,Southwest,completed
14063,185,2024-11-19,West,completed
14064,1284,2025-05-30,Southwest,completed
14065,2307,2025-12-16,West,completed
14066,2508,2026-04-15,West,completed
14067,1704,2024-08-05,Northeast,completed
14068,3835,2024-10-05,Midwest,completed
14069,579,2024-01-15,Southeast,completed
14070,2865,2024-06-22,Southeast,completed
14071,4351,2024-07-05,Southwest,completed
14072,4257,2024-03-25,West,completed
14073,791,2026-05-17,Southeast,completed
14074,338,2024-05-22,West,completed
14075,4652,2026-04-08,Midwest,completed
14076,3986,2025-07-28,Midwest,completed
14077,4399,2025-09-12,West,completed
14078,4178,2025-12-11,West,cancelled
14079,2873,2025-08-26,West,completed
14080,913,2025-09-09,Northeast,completed
14081,4227,2025-03-16,Southeast,completed
14082,2300,2025-09-10,Southeast,completed
14083,2355,2026-04-05,Northeast,completed
14084,621,2026-03-30,Midwest,completed
14085,1176,2025-01-13,Northeast,completed
14086,2691,2025-04-18,West,completed
14087,2965,2026-05-14,Southwest,completed
14088,1707,2025-11-15,West,completed
14089,3348,2026-06-21,Midwest,completed
14090,1073,2024-06-10,Midwest,completed
14091,172,2026-01-04,Midwest,returned
14092,1394,2026-04-07,Southeast,completed
14093,4088,2024-07-05,Midwest,completed
14094,316,2026-08-25,Southeast,completed
14095,695,2025-03-28,Southeast,completed
14096,1553,2026-03-03,Southwest,completed
14097,2312,2026-07-11,Midwest,completed
14098,3180,2026-04-12,Northeast,completed
14099,957,2026-06-10,Southwest,returned
14100,3607,2024-02-27,Midwest,completed
14101,2387,2025-08-04,Southeast,completed
14102,4460,2025-02-03,Southeast,completed
14103,4751,2024-07-22,Southeast,completed
14104,494,2025-02-05,Southwest,completed
14105,597,2024-03-16,Midwest,completed
14106,4186,2025-04-21,Southwest,completed
14107,2185,2026-05-27,Southeast,completed
14108,1835,2025-07-15,Southwest,completed
14109,1548,2024-02-12,Southeast,completed
14110,315,2024-11-06,Northeast,completed
14111,1278,2025-09-29,West,completed
14112,643,2024-05-22,West,completed
14113,3109,2025-03-03,West,completed
14114,4972,2025-04-25,West,completed
14115,4193,2025-05-02,Midwest,completed
14116,3957,2025-05-18,Northeast,completed
14117,602,2025-01-05,Northeast,cancelled
14118,2575,2025-01-14,Midwest,completed
14119,860,2025-07-05,Northeast,completed
14120,4072,2025-07-17,West,completed
14121,603,2024-02-29,Southeast,completed
14122,1517,2024-05-17,West,cancelled
14123,4357,2024-03-31,Northeast,completed
14124,1898,2025-12-16,Northeast,completed
14125,4083,2025-07-28,Southwest,cancelled
14126,3930,2024-05-01,Northeast,completed
14127,3917,2025-11-25,West,completed
14128,2299,2025-04-16,Northeast,completed
14129,1717,2025-04-09,West,completed
14130,3799,2026-06-13,Southwest,completed
14131,457,2025-02-08,Midwest,completed
14132,1524,2025-11-05,West,completed
14133,2586,2025-01-24,Northeast,completed
14134,1524,2026-06-01,West,completed
14135,1193,2026-06-17,West,completed
14136,3262,2025-06-21,Northeast,completed
14137,2415,2025-09-25,Southeast,completed
14138,2807,2024-08-23,Midwest,cancelled
14139,873,2024-07-01,Southeast,completed
14140,976,2026-01-05,Northeast,completed
14141,2735,2025-10-13,Midwest,completed
14142,1688,2024-06-06,Southwest,completed
14143,4038,2025-09-24,West,completed
14144,3970,2024-05-22,Southwest,completed
14145,3168,2024-11-29,Southeast,completed
14146,2335,2025-03-19,Southeast,returned
14147,1469,2026-05-17,Southeast,completed
14148,3343,2024-03-06,Northeast,completed
14149,1609,2025-01-19,Northeast,completed
14150,482,2024-01-08,Northeast,returned
14151,92,2024-06-27,West,completed
14152,890,2024-04-14,Midwest,completed
14153,3921,2024-03-13,Midwest,completed
14154,1117,2026-07-31,West,completed
14155,3761,2025-01-08,West,completed
14156,1333,2024-09-14,Northeast,completed
14157,3958,2025-01-30,Southeast,returned
14158,2114,2024-09-06,West,completed
14159,1748,2025-07-15,Midwest,completed
14160,454,2024-08-31,Southeast,completed
14161,2042,2025-11-25,Northeast,completed
14162,4015,2025-07-05,Southwest,completed
14163,4215,2026-03-23,Southwest,completed
14164,869,2025-03-31,West,completed
14165,1086,2024-08-24,Northeast,completed
14166,1109,2026-08-05,Southwest,completed
14167,1484,2026-06-12,Midwest,completed
14168,1233,2025-06-06,West,completed
14169,1911,2025-09-29,Midwest,completed
14170,999,2024-02-18,Southwest,completed
14171,2789,2024-02-08,West,completed
14172,1088,2024-06-11,Northeast,completed
14173,4605,2025-08-25,Southeast,completed
14174,554,2024-08-06,Northeast,completed
14175,3880,2025-04-21,Southeast,completed
14176,1111,2025-04-07,Midwest,completed
14177,122,2026-05-28,Northeast,completed
14178,1444,2024-05-17,Northeast,completed
14179,1452,2026-02-06,Midwest,completed
14180,581,2025-07-15,Midwest,completed
14181,164,2025-02-15,Midwest,completed
14182,651,2024-05-18,Midwest,completed
14183,4584,2024-07-01,West,completed
14184,3660,2024-06-30,Northeast,completed
14185,4665,2025-07-16,Southeast,completed
14186,4377,2025-02-10,Midwest,completed
14187,3286,2024-06-25,West,completed
14188,770,2025-11-07,West,completed
14189,920,2024-10-09,Southwest,returned
14190,2985,2025-11-29,Northeast,completed
14191,3522,2024-10-02,Southeast,returned
14192,362,2026-02-19,Southeast,completed
14193,3246,2026-03-15,Northeast,completed
14194,2452,2026-08-17,Southeast,completed
14195,2556,2025-05-13,West,completed
14196,2180,2024-03-06,Southeast,completed
14197,1210,2025-11-19,Northeast,completed
14198,4485,2025-11-27,Northeast,completed
14199,870,2025-07-09,West,completed
14200,3944,2024-01-05,Southeast,completed
14201,873,2024-05-12,Southeast,completed
14202,936,2025-01-25,Northeast,completed
14203,915,2025-12-25,Midwest,completed
14204,3344,2026-01-10,Midwest,completed
14205,1692,2025-03-03,West,cancelled
14206,4068,2025-04-21,Southwest,completed
14207,56,2024-08-01,Southwest,completed
14208,3664,2024-04-10,Northeast,completed
14209,1246,2024-08-25,Southeast,completed
14210,1795,2026-07-26,Northeast,completed
14211,1940,2026-05-24,Southeast,completed
14212,678,2024-09-15,West,completed
14213,4858,2024-06-02,West,completed
14214,4832,2025-04-05,Midwest,completed
14215,1220,2024-07-05,Southwest,completed
14216,455,2025-11-18,Midwest,completed
14217,4172,2024-02-13,Northeast,completed
14218,3021,2024-06-27,Southwest,completed
14219,3819,2026-05-08,Midwest,completed
14220,4653,2025-09-06,Southwest,completed
14221,1763,2025-05-13,Southwest,completed
14222,2336,2025-03-16,Southwest,completed
14223,2357,2026-03-23,Southeast,completed
14224,866,2024-06-28,Southwest,completed
14225,752,2025-11-27,West,completed
14226,181,2024-03-04,Southwest,completed
14227,3674,2025-07-04,West,returned
14228,3536,2026-08-19,West,completed
14229,4665,2025-03-11,Southeast,completed
14230,4356,2025-07-01,Southeast,completed
14231,1606,2024-08-24,Southwest,completed
14232,3166,2026-02-14,West,completed
14233,1731,2025-11-29,Southwest,completed
14234,997,2024-10-27,Southwest,completed
14235,811,2024-05-14,Southwest,completed
14236,3994,2025-02-08,Southeast,completed
14237,4693,2025-08-14,Southeast,completed
14238,1571,2026-08-14,West,completed
14239,3914,2025-06-25,West,completed
14240,2894,2024-07-27,Southeast,completed
14241,2611,2026-06-04,Southwest,completed
14242,193,2025-08-04,West,completed
14243,2795,2024-05-19,Southwest,completed
14244,4296,2026-03-07,West,completed
14245,2307,2024-02-26,West,completed
14246,924,2026-06-01,Southwest,completed
14247,1610,2025-03-29,West,completed
14248,2411,2026-08-04,Northeast,completed
14249,426,2026-03-10,Midwest,completed
14250,1610,2024-05-19,West,cancelled
14251,1528,2025-11-03,Midwest,completed
14252,4066,2026-07-19,Northeast,completed
14253,1508,2025-05-22,Southwest,cancelled
14254,4029,2024-07-05,West,completed
14255,358,2025-04-30,Midwest,cancelled
14256,292,2026-02-18,Midwest,completed
14257,1361,2025-01-21,Northeast,completed
14258,4090,2026-04-15,West,completed
14259,235,2024-10-24,West,completed
14260,4997,2025-03-09,Southwest,completed
14261,3367,2025-07-11,Southwest,completed
14262,4359,2024-01-14,Southeast,completed
14263,4273,2025-01-22,Southwest,completed
14264,167,2025-09-02,West,completed
14265,4469,2025-07-01,West,completed
14266,2014,2024-10-29,West,completed
14267,1555,2026-05-12,Southeast,completed
14268,4325,2024-06-23,Northeast,cancelled
14269,939,2024-09-09,Southwest,completed
14270,2262,2026-03-10,Northeast,completed
14271,4417,2026-06-08,West,completed
14272,1470,2024-04-07,West,completed
14273,3233,2024-11-19,Midwest,completed
14274,2731,2025-01-14,Southwest,completed
14275,714,2025-07-22,Northeast,completed
14276,4357,2026-05-02,Northeast,cancelled
14277,3478,2025-10-01,Northeast,completed
14278,433,2026-04-07,West,completed
14279,2938,2025-12-02,Northeast,completed
14280,3789,2025-08-28,Northeast,completed
14281,2646,2025-05-21,Northeast,completed
14282,4377,2025-08-18,Midwest,cancelled
14283,4480,2025-01-01,Midwest,cancelled
14284,3506,2024-07-01,Southwest,completed
14285,2414,2024-12-18,Southwest,completed
14286,1250,2024-08-27,Midwest,completed
14287,1565,2025-10-16,Northeast,completed
14288,2848,2025-02-15,Midwest,completed
14289,2715,2024-05-06,Southeast,completed
14290,1063,2025-05-25,Southwest,completed
14291,4051,2024-11-28,West,completed
14292,3223,2024-05-20,Southwest,completed
14293,4538,2025-09-13,Southwest,completed
14294,4709,2025-07-03,Southwest,completed
14295,2469,2026-01-24,Northeast,completed
14296,2680,2025-05-24,West,completed
14297,65,2024-09-01,Southwest,completed
14298,4869,2026-04-22,Northeast,completed
14299,4373,2025-09-01,West,completed
14300,175,2026-05-02,Midwest,completed
14301,1265,2026-05-21,Southeast,completed
14302,1389,2024-09-21,Northeast,completed
14303,1615,2025-03-27,Southwest,completed
14304,3845,2025-11-25,Midwest,completed
14305,1545,2026-05-01,West,completed
14306,3497,2025-11-19,Southwest,cancelled
14307,1426,2026-06-26,West,completed
14308,4580,2026-07-21,West,cancelled
14309,4148,2024-12-25,Midwest,completed
14310,4352,2026-03-08,Southwest,returned
14311,486,2024-04-07,Northeast,completed
14312,1868,2024-03-29,Southeast,completed
14313,3260,2024-10-02,West,returned
14314,967,2026-04-22,West,completed
14315,3351,2024-09-26,Midwest,completed
14316,3856,2024-05-26,West,completed
14317,908,2024-12-12,Southwest,completed
14318,719,2026-01-02,Southeast,completed
14319,3233,2025-06-18,Midwest,completed
14320,654,2024-06-30,Midwest,completed
14321,1724,2025-12-17,Southeast,completed
14322,2608,2025-11-09,Midwest,completed
14323,3978,2024-01-30,Northeast,completed
14324,3132,2025-10-29,Southwest,completed
14325,824,2025-07-26,Southeast,completed
14326,52,2026-08-16,Northeast,completed
14327,1756,2025-07-11,Southeast,completed
14328,1133,2025-12-29,Northeast,completed
14329,4641,2026-03-19,Southwest,completed
14330,4708,2025-01-29,Midwest,completed
14331,2509,2025-07-13,Midwest,completed
14332,1879,2026-01-25,Northeast,completed
14333,3774,2024-08-07,Southwest,completed
14334,1355,2026-03-29,Southeast,completed
14335,1893,2025-11-25,Northeast,completed
14336,780,2024-07-01,Southwest,completed
14337,2659,2026-04-09,Southwest,completed
14338,1144,2026-07-18,Midwest,completed
14339,3006,2025-12-06,Southeast,cancelled
14340,3939,2026-08-06,Southwest,completed
14341,3334,2025-08-18,West,completed
14342,527,2024-02-19,Southeast,completed
14343,1198,2025-12-09,Midwest,completed
14344,270,2024-04-11,Northeast,completed
14345,1943,2024-07-20,Northeast,completed
14346,3748,2024-11-30,Southeast,completed
14347,1739,2024-05-27,Northeast,completed
14348,3335,2024-01-20,Southeast,completed
14349,4445,2024-02-28,West,completed
14350,1690,2025-02-08,West,completed
14351,1750,2024-07-30,Southeast,completed
14352,2642,2024-10-20,Southeast,completed
14353,2034,2025-07-20,Southeast,completed
14354,652,2024-03-31,Southeast,completed
14355,2769,2024-05-27,Northeast,completed
14356,4787,2024-10-17,West,completed
14357,1035,2024-08-16,Midwest,completed
14358,3512,2025-09-09,West,completed
14359,3415,2025-08-20,West,completed
14360,910,2024-04-15,Midwest,completed
14361,1836,2024-06-01,Southwest,completed
14362,27,2025-01-07,Northeast,completed
14363,1877,2024-11-17,Northeast,completed
14364,1231,2025-12-06,West,completed
14365,896,2025-05-03,West,completed
14366,3550,2026-02-27,Midwest,returned
14367,3943,2025-08-24,Southwest,completed
14368,329,2024-05-29,Southeast,completed
14369,4893,2025-08-21,Southwest,completed
14370,1395,2024-03-25,Northeast,completed
14371,1277,2024-05-01,Southwest,completed
14372,3425,2024-03-17,Midwest,completed
14373,4363,2025-12-21,Midwest,completed
14374,3402,2025-12-19,Midwest,completed
14375,570,2025-04-24,Northeast,returned
14376,3387,2026-03-05,West,completed
14377,4854,2024-06-06,Midwest,completed
14378,108,2024-01-07,Midwest,completed
14379,140,2024-06-16,Southeast,returned
14380,3646,2025-12-10,Midwest,completed
14381,107,2024-05-23,Midwest,completed
14382,798,2025-08-25,Southwest,returned
14383,3273,2026-01-20,Midwest,completed
14384,4323,2025-09-20,Midwest,cancelled
14385,3960,2025-01-17,Northeast,completed
14386,1252,2025-03-28,Southeast,completed
14387,758,2025-07-25,West,completed
14388,4209,2024-08-02,Southeast,completed
14389,2650,2024-01-18,Southeast,completed
14390,1901,2026-03-16,Midwest,completed
14391,4040,2025-10-21,Southeast,completed
14392,3902,2025-01-30,West,completed
14393,2229,2026-08-22,Midwest,completed
14394,2256,2024-01-30,West,returned
14395,2406,2024-07-29,Southeast,completed
14396,2008,2024-07-13,Midwest,completed
14397,3073,2024-10-15,Southwest,completed
14398,169,2026-05-23,Midwest,completed
14399,1096,2024-08-30,Midwest,completed
14400,3050,2026-03-06,Southeast,completed
14401,866,2026-08-17,Southwest,completed
14402,3573,2026-02-24,West,completed
14403,4992,2026-02-13,West,completed
14404,3280,2024-01-13,Midwest,completed
14405,3457,2026-08-08,Southwest,completed
14406,3274,2026-05-27,Southwest,completed
14407,4269,2025-11-16,Southwest,completed
14408,4814,2024-08-01,Midwest,completed
14409,3427,2024-10-09,Southeast,completed
14410,1499,2026-07-14,Midwest,completed
14411,4042,2025-07-07,Southeast,completed
14412,2100,2026-05-08,Midwest,completed
14413,2971,2024-06-08,Midwest,completed
14414,3766,2024-02-02,West,completed
14415,4789,2024-09-25,Southeast,completed
14416,4688,2025-05-19,Northeast,completed
14417,3585,2025-08-24,Midwest,completed
14418,3907,2024-07-22,West,completed
14419,3791,2024-05-23,Southeast,completed
14420,3125,2025-08-22,Southwest,cancelled
14421,3878,2024-01-07,Midwest,completed
14422,4633,2025-12-02,Southeast,completed
14423,2190,2024-02-13,Southwest,completed
14424,32,2025-06-12,Northeast,completed
14425,3449,2026-03-10,Midwest,completed
14426,2340,2024-02-24,Northeast,completed
14427,2218,2024-01-14,Southeast,completed
14428,3907,2024-04-27,West,completed
14429,4998,2026-08-13,Southeast,cancelled
14430,1386,2026-02-13,Northeast,completed
14431,4407,2026-07-23,West,completed
14432,3470,2024-06-13,Midwest,completed
14433,2483,2024-10-29,Southeast,completed
14434,4130,2025-01-14,Midwest,completed
14435,4009,2026-04-29,Southeast,returned
14436,535,2024-10-14,Midwest,completed
14437,1432,2026-03-21,Southwest,completed
14438,4871,2024-02-09,Northeast,completed
14439,3518,2024-10-26,West,completed
14440,3528,2025-03-30,Southwest,cancelled
14441,2481,2026-05-12,Midwest,completed
14442,3286,2024-01-27,West,completed
14443,481,2025-05-14,Northeast,cancelled
14444,17,2026-06-08,Northeast,completed
14445,4784,2025-10-02,Southeast,completed
14446,507,2024-06-13,Southwest,completed
14447,3240,2024-10-30,Midwest,cancelled
14448,4775,2025-09-28,Southeast,completed
14449,4228,2024-08-06,Northeast,completed
14450,3754,2024-02-16,West,completed
14451,1017,2024-02-26,Southeast,completed
14452,3483,2024-03-08,West,returned
14453,3279,2024-08-04,Southwest,cancelled
14454,3271,2024-07-17,Midwest,returned
14455,1728,2025-07-24,Midwest,completed
14456,127,2025-06-17,Southeast,completed
14457,4356,2025-05-30,Southeast,completed
14458,1794,2024-07-09,West,completed
14459,872,2025-02-26,Southeast,completed
14460,4064,2025-04-27,Midwest,completed
14461,3066,2026-05-15,Midwest,completed
14462,670,2024-05-14,Southwest,completed
14463,2749,2024-06-09,Midwest,returned
14464,4612,2024-01-22,Southeast,completed
14465,3783,2025-04-07,West,completed
14466,4031,2025-05-20,West,completed
14467,4898,2024-10-28,West,completed
14468,4685,2025-01-08,Midwest,completed
14469,2871,2024-09-19,Northeast,completed
14470,1021,2026-08-24,Northeast,completed
14471,319,2026-04-18,Southwest,completed
14472,2920,2026-05-15,West,completed
14473,1751,2024-03-03,Southwest,completed
14474,2361,2024-01-22,Southwest,completed
14475,3223,2025-08-06,Southwest,completed
14476,2327,2026-06-24,Northeast,completed
14477,1023,2024-11-14,Midwest,returned
14478,2285,2024-05-05,Southwest,completed
14479,833,2025-09-08,Southeast,completed
14480,283,2026-01-26,Southeast,completed
14481,3692,2024-04-07,Midwest,completed
14482,1129,2026-07-10,Midwest,completed
14483,654,2026-03-05,Midwest,completed
14484,4110,2025-12-07,Southeast,completed
14485,4825,2025-09-29,Southeast,completed
14486,1515,2026-07-15,Midwest,completed
14487,3736,2026-05-18,Southwest,completed
14488,4947,2024-08-13,Midwest,completed
14489,3499,2025-11-09,West,completed
14490,285,2026-03-03,Northeast,completed
14491,4728,2026-07-30,West,completed
14492,770,2026-01-16,West,completed
14493,2099,2025-05-08,Northeast,completed
14494,2909,2025-03-24,Northeast,cancelled
14495,2613,2024-05-16,Northeast,completed
14496,2020,2024-01-28,Northeast,completed
14497,762,2026-03-25,Southwest,completed
14498,1903,2026-06-08,Midwest,completed
14499,1259,2025-10-14,Southwest,completed
14500,2253,2024-01-10,Northeast,completed
14501,60,2025-09-11,Northeast,completed
14502,4159,2024-05-05,Southeast,completed
14503,1873,2026-07-07,Northeast,completed
14504,1813,2026-08-08,Southwest,completed
14505,3555,2024-04-12,West,completed
14506,1647,2025-02-28,Southeast,completed
14507,1892,2025-03-10,Northeast,completed
14508,265,2026-01-30,Northeast,returned
14509,2879,2025-06-23,Southwest,completed
14510,993,2026-06-29,Northeast,completed
14511,3351,2024-07-20,Midwest,returned
14512,3513,2024-03-26,Southwest,completed
14513,4299,2024-05-18,Southwest,completed
14514,3834,2025-03-27,Midwest,completed
14515,3751,2024-08-23,Southeast,completed
14516,3471,2025-04-13,Northeast,completed
14517,4801,2025-02-16,Northeast,completed
14518,3003,2026-06-06,Northeast,completed
14519,3818,2024-07-19,Southwest,completed
14520,702,2024-10-01,West,completed
14521,4237,2025-11-22,Midwest,completed
14522,3283,2024-10-10,West,completed
14523,2562,2025-11-16,Southeast,completed
14524,1592,2026-06-20,Midwest,completed
14525,3240,2024-01-22,Midwest,returned
14526,4604,2025-07-19,West,completed
14527,2149,2024-11-30,Northeast,completed
14528,3473,2025-01-13,Northeast,completed
14529,3871,2025-12-20,Southeast,returned
14530,2205,2025-08-21,Northeast,completed
14531,1595,2025-07-05,Southwest,completed
14532,1184,2025-02-22,Southwest,completed
14533,1632,2024-11-06,Midwest,completed
14534,3515,2024-09-22,Southwest,completed
14535,4748,2024-02-14,West,cancelled
14536,1335,2024-11-15,Southeast,completed
14537,3974,2025-02-15,Southwest,completed
14538,379,2025-05-13,Northeast,cancelled
14539,2121,2025-10-01,West,completed
14540,4359,2025-06-06,Southeast,completed
14541,3425,2025-02-08,Midwest,completed
14542,2905,2024-11-06,Northeast,completed
14543,4328,2025-06-26,West,completed
14544,2589,2024-05-27,Southwest,completed
14545,1317,2024-09-25,West,completed
14546,2473,2025-03-06,Northeast,completed
14547,1497,2025-02-23,Northeast,completed
14548,2031,2026-05-16,West,completed
14549,55,2025-09-07,Southwest,completed
14550,2617,2024-04-18,Southwest,completed
14551,1516,2026-07-14,Southwest,completed
14552,1396,2025-03-23,West,completed
14553,1048,2026-07-12,Midwest,completed
14554,274,2026-03-10,Southeast,completed
14555,893,2025-05-19,Southwest,completed
14556,2700,2026-01-05,Southeast,completed
14557,2668,2025-09-23,West,completed
14558,667,2024-12-20,Southeast,completed
14559,3676,2024-11-04,Midwest,completed
14560,3061,2025-04-28,Southeast,completed
14561,3790,2025-11-15,Southeast,completed
14562,1795,2026-04-20,Northeast,completed
14563,3875,2025-09-16,Northeast,completed
14564,86,2025-05-26,Midwest,completed
14565,974,2025-06-05,Southeast,completed
14566,3166,2025-12-03,West,completed
14567,2733,2024-01-26,Midwest,completed
14568,864,2025-11-16,Southeast,returned
14569,3337,2025-09-27,Southeast,completed
14570,3917,2026-03-07,West,completed
14571,3209,2026-08-11,Northeast,completed
14572,3533,2026-05-22,West,returned
14573,4186,2026-02-10,Southwest,completed
14574,3250,2025-09-09,Midwest,completed
14575,4519,2025-11-29,Southwest,completed
14576,4876,2024-02-16,Midwest,completed
14577,4448,2025-08-11,Northeast,completed
14578,4413,2024-05-16,Southeast,completed
14579,1491,2025-01-22,Southeast,completed
14580,2327,2025-07-04,Northeast,completed
14581,1542,2025-08-15,Southeast,completed
14582,3127,2026-07-28,West,completed
14583,4227,2026-06-20,Southeast,returned
14584,268,2026-02-10,Northeast,completed
14585,4748,2026-08-04,West,completed
14586,2120,2024-08-28,Midwest,completed
14587,4637,2024-03-31,Northeast,completed
14588,1274,2025-04-26,West,completed
14589,3234,2024-07-15,Southeast,completed
14590,2587,2026-04-25,Midwest,completed
14591,4281,2025-11-15,Northeast,completed
14592,778,2024-01-03,West,completed
14593,439,2025-11-19,Midwest,completed
14594,853,2025-09-25,Midwest,completed
14595,4073,2024-01-24,Northeast,completed
14596,1295,2025-08-18,Midwest,completed
14597,697,2026-03-17,Southeast,returned
14598,947,2024-07-12,Northeast,completed
14599,3035,2025-08-18,Southwest,cancelled
14600,1561,2025-10-06,Midwest,completed
14601,583,2024-11-02,West,completed
14602,955,2024-10-14,Midwest,completed
14603,79,2026-05-31,West,completed
14604,3922,2026-02-01,West,completed
14605,2982,2024-11-07,Midwest,completed
14606,1872,2025-11-11,Southwest,completed
14607,2827,2025-12-08,Southeast,completed
14608,1724,2024-03-25,Southeast,completed
14609,2596,2025-02-09,West,returned
14610,279,2026-02-28,Southeast,completed
14611,2754,2026-03-17,Northeast,completed
14612,4222,2024-05-30,Midwest,completed
14613,4806,2024-07-17,Northeast,completed
14614,1473,2026-05-09,Southwest,completed
14615,4224,2025-06-17,Midwest,completed
14616,1376,2025-11-04,Southeast,returned
14617,4622,2025-10-27,Southeast,completed
14618,4858,2024-01-04,West,completed
14619,2698,2025-10-10,West,completed
14620,2445,2025-04-13,West,returned
14621,1268,2025-07-21,Midwest,completed
14622,2399,2025-05-16,Midwest,completed
14623,246,2024-08-19,Southeast,completed
14624,4496,2024-09-10,Southeast,completed
14625,1071,2024-08-01,Southwest,completed
14626,2592,2024-12-24,Northeast,completed
14627,853,2025-07-27,Midwest,completed
14628,4689,2025-10-02,West,returned
14629,4392,2026-04-30,Midwest,completed
14630,1472,2025-02-14,West,completed
14631,1746,2024-03-03,Midwest,completed
14632,3923,2024-11-23,Midwest,completed
14633,3411,2024-01-28,Southeast,completed
14634,117,2025-12-25,Southwest,completed
14635,1147,2026-02-02,Southwest,completed
14636,1200,2026-06-17,Southwest,completed
14637,4040,2025-05-22,Southeast,completed
14638,2375,2026-07-13,Midwest,completed
14639,804,2024-04-05,Southwest,returned
14640,4425,2024-05-20,West,completed
14641,3594,2025-11-15,Northeast,completed
14642,2409,2024-11-21,Midwest,completed
14643,4685,2024-04-29,Midwest,completed
14644,3425,2024-05-21,Midwest,completed
14645,3901,2026-07-25,Southwest,cancelled
14646,2398,2026-01-21,Southwest,completed
14647,2371,2025-11-21,Southeast,completed
14648,104,2026-01-21,Southwest,completed
14649,4535,2025-11-02,Southeast,completed
14650,4129,2025-03-28,Northeast,cancelled
14651,2634,2024-01-15,Midwest,completed
14652,4434,2025-08-15,Midwest,completed
14653,1078,2025-10-24,West,completed
14654,1957,2025-01-06,Northeast,completed
14655,1901,2024-12-17,Midwest,completed
14656,320,2025-05-13,West,completed
14657,1741,2024-10-31,West,completed
14658,622,2025-08-22,West,completed
14659,129,2024-12-27,West,completed
14660,1781,2024-01-26,Northeast,returned
14661,562,2024-10-26,Southeast,completed
14662,4699,2026-05-24,Midwest,completed
14663,2895,2024-04-08,Northeast,completed
14664,423,2026-06-11,Southwest,completed
14665,2199,2025-12-24,West,returned
14666,4036,2025-04-27,Southeast,completed
14667,889,2025-12-09,Southeast,returned
14668,1694,2026-08-07,Northeast,completed
14669,3512,2024-01-01,West,completed
14670,2066,2026-02-20,Southeast,completed
14671,1549,2024-08-14,Southwest,cancelled
14672,1300,2025-11-20,Midwest,cancelled
14673,411,2024-05-12,Southwest,completed
14674,1405,2026-01-13,Southeast,completed
14675,932,2026-07-26,Midwest,completed
14676,2671,2024-10-02,Southeast,completed
14677,3879,2026-08-19,Southeast,completed
14678,3089,2025-07-30,Northeast,completed
14679,1511,2024-02-28,Southeast,completed
14680,1277,2024-06-03,Southwest,completed
14681,801,2026-04-11,Southeast,completed
14682,4320,2025-12-24,Southeast,completed
14683,127,2026-03-12,Southeast,completed
14684,2686,2025-01-13,Southeast,completed
14685,2217,2025-10-08,Southeast,completed
14686,757,2026-03-20,Northeast,cancelled
14687,2862,2026-04-16,Midwest,completed
14688,13,2024-01-13,Southeast,completed
14689,4157,2025-06-11,Midwest,completed
14690,4397,2024-11-07,Southwest,completed
14691,3799,2026-01-20,Southwest,completed
14692,520,2024-07-01,Southwest,completed
14693,832,2025-03-17,Southeast,completed
14694,3990,2025-05-29,West,completed
14695,2688,2024-07-05,Northeast,completed
14696,2441,2024-07-28,Midwest,completed
14697,1146,2026-01-16,Midwest,completed
14698,2188,2024-07-03,Midwest,completed
14699,1790,2026-07-09,Northeast,completed
14700,507,2024-01-09,Southwest,completed
14701,4408,2026-01-15,Northeast,completed
14702,4012,2025-09-23,Southwest,completed
14703,1953,2024-03-31,Southeast,completed
14704,235,2025-03-12,West,completed
14705,2619,2025-11-21,Southeast,completed
14706,2305,2025-04-15,Southeast,completed
14707,1293,2025-06-09,Northeast,completed
14708,1817,2025-09-22,Northeast,completed
14709,2685,2025-07-01,Midwest,completed
14710,4370,2025-01-05,Southeast,completed
14711,282,2024-07-09,Northeast,completed
14712,4846,2025-06-22,Southwest,completed
14713,1704,2025-05-02,Northeast,completed
14714,375,2026-05-01,Southeast,completed
14715,4786,2025-12-24,Southeast,completed
14716,4793,2025-06-15,West,cancelled
14717,4107,2024-02-01,Northeast,completed
14718,3518,2024-11-06,West,completed
14719,2716,2026-02-11,Midwest,completed
14720,4913,2024-01-29,Northeast,completed
14721,3067,2024-07-13,Northeast,completed
14722,3364,2024-12-31,Southwest,completed
14723,1480,2025-06-13,Southwest,cancelled
14724,4311,2026-02-02,West,completed
14725,3013,2024-09-27,Midwest,completed
14726,3185,2025-06-10,West,completed
14727,600,2024-07-14,Midwest,completed
14728,1958,2026-01-19,Southeast,completed
14729,1700,2024-10-31,Southeast,returned
14730,1888,2024-04-04,Northeast,completed
14731,2377,2024-07-27,Northeast,cancelled
14732,1246,2025-09-13,Southeast,completed
14733,1411,2025-05-04,Northeast,completed
14734,839,2025-09-22,Northeast,completed
14735,4511,2024-01-29,Southwest,completed
14736,2466,2024-12-31,Southeast,completed
14737,2173,2025-05-27,Midwest,returned
14738,372,2024-08-01,Southeast,completed
14739,2686,2024-07-16,Southeast,cancelled
14740,1789,2024-08-06,Southeast,cancelled
14741,1256,2024-01-07,Northeast,completed
14742,2532,2024-05-20,West,completed
14743,930,2025-12-31,Southwest,completed
14744,3385,2025-08-29,West,completed
14745,3410,2025-03-03,Northeast,completed
14746,3562,2024-06-16,West,cancelled
14747,4238,2025-07-10,Southwest,completed
14748,382,2026-05-23,Southwest,completed
14749,2352,2024-06-24,West,completed
14750,2006,2024-03-15,West,completed
14751,3751,2024-11-15,Southeast,completed
14752,1061,2025-06-03,Northeast,completed
14753,4811,2025-04-13,Southeast,completed
14754,2469,2024-03-08,Northeast,completed
14755,4821,2024-12-16,Northeast,completed
14756,290,2024-04-01,Midwest,completed
14757,3211,2025-08-24,Northeast,completed
14758,1892,2024-10-31,Northeast,completed
14759,2458,2024-09-04,West,completed
14760,4858,2024-08-21,West,completed
14761,1214,2025-07-26,Midwest,completed
14762,3508,2025-09-28,Southwest,completed
14763,2259,2024-04-06,Southeast,completed
14764,757,2025-01-26,Northeast,returned
14765,3579,2025-04-06,Southwest,cancelled
14766,3272,2024-08-12,Southeast,completed
14767,4834,2024-07-14,West,completed
14768,764,2024-01-09,Northeast,cancelled
14769,299,2026-06-23,Northeast,completed
14770,1469,2024-04-13,Southeast,completed
14771,657,2024-05-22,West,cancelled
14772,842,2025-10-14,Southeast,completed
14773,3177,2024-06-29,Northeast,completed
14774,1726,2025-11-15,Midwest,completed
14775,4972,2024-12-09,West,completed
14776,1898,2024-05-19,Northeast,completed
14777,2323,2024-08-09,Southeast,completed
14778,117,2026-03-24,Southwest,returned
14779,4952,2024-06-14,West,completed
14780,786,2024-03-28,Northeast,completed
14781,4856,2024-09-10,West,completed
14782,68,2026-02-22,Midwest,completed
14783,161,2026-02-19,Southwest,completed
14784,2514,2024-03-02,Southeast,completed
14785,1773,2024-12-13,Southwest,completed
14786,2413,2025-10-15,West,returned
14787,4835,2025-12-24,Northeast,completed
14788,643,2024-01-15,West,completed
14789,2908,2026-08-20,Northeast,completed
14790,2041,2024-10-15,Southeast,cancelled
14791,2595,2024-03-27,West,completed
14792,1537,2025-05-27,Southeast,returned
14793,3036,2025-08-17,Midwest,completed
14794,3134,2025-06-13,Northeast,completed
14795,4936,2024-06-06,Southeast,returned
14796,1214,2025-09-09,Midwest,completed
14797,3605,2025-03-31,Midwest,completed
14798,4205,2025-09-26,Midwest,completed
14799,3171,2026-01-30,West,completed
14800,1276,2024-02-19,West,completed
14801,2146,2024-12-11,Southwest,completed
14802,1064,2026-07-01,Northeast,completed
14803,3856,2025-06-01,West,completed
14804,521,2024-07-12,West,completed
14805,3516,2026-01-30,Midwest,completed
14806,3130,2024-02-28,Southeast,completed
14807,796,2025-10-15,West,completed
14808,3966,2024-12-31,Southwest,completed
14809,903,2026-02-27,Southeast,completed
14810,2597,2025-06-26,Northeast,completed
14811,1132,2024-01-03,Northeast,completed
14812,3699,2025-03-24,Southwest,completed
14813,4540,2025-01-15,West,completed
14814,2491,2025-10-29,West,completed
14815,1459,2026-03-14,Southwest,completed
14816,2414,2024-03-05,Southwest,completed
14817,2499,2024-11-02,Southwest,completed
14818,823,2026-02-14,Southeast,completed
14819,4061,2024-02-13,West,completed
14820,3935,2024-08-02,Southwest,completed
14821,1015,2025-09-03,Southwest,completed
14822,125,2025-08-12,Northeast,completed
14823,1773,2024-11-27,Southwest,completed
14824,2744,2025-06-20,Northeast,completed
14825,2564,2026-08-17,West,completed
14826,2554,2025-06-13,Midwest,completed
14827,2361,2024-10-23,Southwest,completed
14828,1196,2026-02-01,Southwest,completed
14829,2792,2024-08-03,Southeast,completed
14830,4719,2024-04-13,Southwest,completed
14831,1201,2026-03-24,Southeast,completed
14832,339,2024-03-17,Midwest,completed
14833,498,2024-01-13,West,completed
14834,3727,2024-04-13,West,completed
14835,4423,2026-02-02,Southeast,completed
14836,3119,2025-08-14,Midwest,completed
14837,2583,2024-07-04,Northeast,completed
14838,4390,2026-01-28,Midwest,completed
14839,3194,2024-11-27,Southwest,completed
14840,3249,2024-07-09,Northeast,completed
14841,3596,2024-08-15,Northeast,completed
14842,1974,2024-08-26,Southeast,completed
14843,2213,2025-06-29,Northeast,completed
14844,2587,2025-09-04,Midwest,completed
14845,3602,2024-06-12,West,completed
14846,2421,2024-10-12,Midwest,completed
14847,3949,2025-12-12,Southwest,completed
14848,2470,2025-12-24,Northeast,completed
14849,2057,2024-07-18,Southeast,completed
14850,4139,2025-06-23,Southwest,completed
14851,4213,2024-08-14,West,completed
14852,1788,2025-02-24,Northeast,completed
14853,640,2024-09-20,West,completed
14854,1287,2026-08-02,Northeast,completed
14855,2934,2025-01-27,West,completed
14856,1279,2024-10-28,Midwest,completed
14857,4468,2025-11-22,Northeast,completed
14858,808,2025-06-20,Southwest,completed
14859,2402,2025-09-19,Northeast,completed
14860,2407,2026-08-12,West,completed
14861,4423,2024-06-23,Southeast,completed
14862,127,2025-12-29,Southeast,completed
14863,2342,2026-03-04,West,completed
14864,629,2024-08-06,Southeast,completed
14865,2160,2026-02-15,Northeast,completed
14866,191,2024-06-12,West,completed
14867,3263,2025-10-14,Southwest,cancelled
14868,2299,2026-07-09,Northeast,completed
14869,2984,2025-02-04,West,completed
14870,2105,2024-08-27,Southwest,completed
14871,2814,2026-02-05,Midwest,completed
14872,160,2025-12-21,West,completed
14873,2024,2024-10-06,Southeast,completed
14874,3419,2025-02-22,Midwest,completed
14875,4767,2024-03-09,Midwest,completed
14876,1552,2024-04-10,Northeast,completed
14877,1173,2024-02-06,Midwest,completed
14878,3929,2024-05-19,West,completed
14879,1492,2024-05-08,Southeast,completed
14880,215,2024-01-15,Midwest,completed
14881,3099,2026-01-29,Midwest,completed
14882,1607,2025-07-04,West,completed
14883,2233,2024-01-02,Midwest,completed
14884,4129,2026-03-16,Northeast,completed
14885,4823,2024-05-25,West,completed
14886,997,2025-05-05,Southwest,completed
14887,2248,2024-11-09,Midwest,completed
14888,247,2026-05-01,West,completed
14889,266,2024-12-21,Northeast,completed
14890,4289,2026-03-27,Midwest,completed
14891,2695,2026-07-15,Midwest,completed
14892,3490,2025-02-10,Southeast,completed
14893,1616,2024-10-03,Southwest,completed
14894,4998,2024-11-25,Southeast,completed
14895,1248,2024-05-09,Midwest,completed
14896,470,2024-02-23,Southeast,completed
14897,1296,2025-08-29,Southeast,completed
14898,2260,2026-05-02,West,completed
14899,2310,2025-05-21,Midwest,completed
14900,931,2026-03-24,Southwest,completed
14901,2658,2025-11-10,Northeast,completed
14902,1953,2025-10-26,Southeast,completed
14903,3248,2024-01-11,Midwest,completed
14904,3670,2024-12-03,West,completed
14905,3829,2026-03-31,Southeast,returned
14906,4955,2024-05-09,Northeast,completed
14907,1702,2024-01-14,Southwest,completed
14908,592,2025-08-04,Southeast,completed
14909,3072,2024-10-23,Midwest,completed
14910,2357,2026-05-02,Southeast,completed
14911,765,2024-06-27,Midwest,completed
14912,1712,2026-02-10,Southwest,completed
14913,3830,2026-06-30,Southwest,completed
14914,492,2024-02-14,Southeast,completed
14915,969,2026-07-30,Midwest,completed
14916,1860,2024-02-13,Midwest,cancelled
14917,4236,2025-01-15,Northeast,cancelled
14918,3262,2024-07-16,Northeast,completed
14919,1687,2024-12-18,Southwest,returned
14920,2647,2026-08-08,Southeast,returned
14921,502,2025-04-28,Northeast,completed
14922,1458,2024-03-27,Midwest,completed
14923,271,2025-01-08,Midwest,completed
14924,2278,2026-05-18,West,completed
14925,2950,2026-03-01,West,completed
14926,1410,2025-10-26,Midwest,completed
14927,187,2026-02-07,Northeast,completed
14928,4151,2024-06-29,Southeast,completed
14929,566,2024-06-03,Southwest,completed
14930,3158,2025-07-06,Northeast,completed
14931,110,2024-07-16,Southwest,completed
14932,4930,2025-03-12,West,completed
14933,2208,2024-04-20,West,completed
14934,2585,2026-01-26,Southeast,completed
14935,1558,2026-03-04,Southeast,completed
14936,2590,2024-11-20,Southeast,completed
14937,732,2025-10-14,Northeast,completed
14938,4842,2026-01-28,Southwest,completed
14939,4665,2025-12-08,Southeast,completed
14940,3505,2024-01-23,Southeast,completed
14941,1464,2026-07-09,Southeast,completed
14942,3342,2026-05-15,Northeast,completed
14943,4985,2025-06-24,West,completed
14944,4356,2025-03-25,Southeast,completed
14945,2018,2025-01-18,Southeast,completed
14946,138,2026-06-24,Northeast,completed
14947,4021,2026-01-28,Southwest,completed
14948,4541,2025-10-28,Southwest,completed
14949,1778,2024-11-16,West,completed
14950,2695,2024-01-15,Midwest,completed
14951,887,2025-01-31,West,completed
14952,4555,2025-03-29,Southeast,completed
14953,4165,2026-02-15,Midwest,completed
14954,1865,2025-06-11,Northeast,completed
14955,4373,2024-01-13,West,completed
14956,1514,2025-02-08,Southwest,completed
14957,1128,2025-01-31,Northeast,completed
14958,1265,2026-04-13,Southeast,completed
14959,2610,2025-07-29,Midwest,completed
14960,1703,2026-06-24,Southeast,completed
14961,1771,2025-07-19,Midwest,completed
14962,952,2026-03-02,Southeast,completed
14963,4288,2024-02-20,Southwest,completed
14964,304,2026-07-20,West,completed
14965,214,2024-12-30,Southwest,completed
14966,4394,2024-04-09,Southwest,completed
14967,188,2024-05-20,Northeast,completed
14968,4193,2024-02-21,Midwest,completed
14969,1984,2024-11-12,West,completed
14970,2695,2026-04-14,Midwest,completed
14971,4484,2025-12-27,Southwest,completed
14972,204,2026-05-10,Northeast,completed
14973,1173,2024-09-12,Midwest,completed
14974,1071,2025-02-08,Southwest,completed
14975,671,2025-04-15,Northeast,completed
14976,2821,2025-03-26,Northeast,completed
14977,1124,2024-04-06,Northeast,completed
14978,4437,2024-10-05,Midwest,completed
14979,2415,2026-06-16,Southeast,completed
14980,4274,2024-07-06,Southwest,completed
14981,2417,2025-10-04,Midwest,completed
14982,3160,2024-08-26,Northeast,completed
14983,4938,2024-06-06,Southeast,completed
14984,1645,2026-07-15,West,completed
14985,1577,2026-02-22,Northeast,completed
14986,1729,2026-06-24,Northeast,completed
14987,4913,2024-05-18,Northeast,completed
14988,702,2025-05-03,West,completed
14989,1695,2026-06-13,Midwest,completed
14990,2517,2024-10-07,West,completed
14991,3294,2025-02-27,Midwest,returned
14992,521,2026-03-10,West,completed
14993,3706,2026-05-20,Northeast,completed
14994,69,2025-01-01,Northeast,completed
14995,3933,2024-07-09,Southwest,completed
14996,1691,2026-04-01,Southwest,completed
14997,1133,2024-04-29,Northeast,completed
14998,3630,2025-11-24,Southeast,completed
14999,1771,2026-06-10,Midwest,completed
15000,2511,2024-04-14,Midwest,completed
15001,1585,2024-12-14,West,completed
15002,1781,2025-09-07,Northeast,completed
15003,4809,2025-01-18,West,completed
15004,901,2024-10-17,Southeast,completed
15005,1994,2024-12-26,Northeast,cancelled
15006,2293,2026-02-17,Southeast,completed
15007,2044,2025-09-01,Southeast,completed
15008,561,2024-12-20,Southeast,completed
15009,3560,2024-04-20,Northeast,completed
15010,745,2025-04-17,Midwest,completed
15011,3122,2024-05-23,West,completed
15012,34,2025-06-30,Southwest,completed
15013,4794,2026-01-09,West,completed
15014,900,2025-07-25,Southwest,completed
15015,2067,2024-10-24,Northeast,completed
15016,1163,2025-07-21,Northeast,completed
15017,3490,2024-12-28,Southeast,completed
15018,4392,2024-05-13,Midwest,completed
15019,2371,2024-06-23,Southeast,completed
15020,1315,2025-08-15,Southwest,completed
15021,2995,2025-09-13,Midwest,completed
15022,1359,2026-07-30,Northeast,completed
15023,2974,2025-05-25,Southwest,completed
15024,407,2025-09-09,Midwest,completed
15025,898,2025-08-06,Southwest,completed
15026,2874,2024-05-12,Northeast,completed
15027,4946,2026-08-21,Northeast,completed
15028,3571,2024-09-09,West,completed
15029,916,2025-08-31,Midwest,completed
15030,4935,2026-05-11,Northeast,completed
15031,2483,2026-01-27,Southeast,completed
15032,3776,2026-05-09,Southeast,completed
15033,1312,2026-02-04,Northeast,completed
15034,2860,2024-08-25,Southeast,cancelled
15035,2222,2025-05-03,Northeast,completed
15036,2826,2024-09-24,Southwest,returned
15037,2747,2025-09-05,Midwest,completed
15038,1916,2026-05-30,West,completed
15039,4049,2025-11-30,Northeast,completed
15040,4468,2024-01-14,Northeast,completed
15041,3488,2024-07-03,Southeast,returned
15042,4045,2024-04-22,Southwest,completed
15043,3540,2025-10-18,Midwest,completed
15044,3527,2024-07-05,Southwest,completed
15045,372,2024-10-08,Southeast,completed
15046,3331,2024-03-06,Southwest,returned
15047,3454,2025-12-08,West,completed
15048,976,2025-08-16,Northeast,completed
15049,4814,2024-04-22,Midwest,completed
15050,1886,2025-10-28,Midwest,completed
15051,2743,2024-04-07,Southwest,completed
15052,1726,2024-11-27,Midwest,completed
15053,2699,2024-06-04,Midwest,completed
15054,3925,2025-12-11,Midwest,completed
15055,521,2024-05-04,West,returned
15056,1116,2024-01-10,Southeast,completed
15057,861,2026-02-13,Southwest,completed
15058,3255,2024-10-09,Midwest,completed
15059,3668,2024-05-12,West,cancelled
15060,2377,2026-05-08,Northeast,completed
15061,3361,2025-08-23,Midwest,completed
15062,877,2024-10-09,Northeast,completed
15063,3055,2026-06-18,Southwest,completed
15064,637,2024-09-23,Northeast,completed
15065,2977,2026-02-19,Southwest,cancelled
15066,648,2025-05-08,Southwest,completed
15067,2147,2025-09-27,Southeast,completed
15068,1454,2025-10-15,Southwest,completed
15069,3808,2025-11-29,Midwest,cancelled
15070,132,2025-03-09,Southwest,completed
15071,1786,2024-06-22,Southeast,completed
15072,1510,2024-01-11,West,completed
15073,2142,2024-11-02,West,completed
15074,941,2024-02-12,Southeast,completed
15075,2178,2025-07-23,Southeast,completed
15076,3411,2025-12-10,Southeast,completed
15077,258,2026-03-23,Southwest,completed
15078,2264,2025-12-08,Midwest,completed
15079,2325,2024-08-15,Southeast,completed
15080,534,2025-07-16,West,completed
15081,4228,2025-03-18,Northeast,completed
15082,1227,2026-07-04,Southwest,completed
15083,915,2026-06-21,Midwest,completed
15084,2409,2025-02-17,Midwest,completed
15085,732,2024-05-06,Northeast,completed
15086,80,2024-10-06,Northeast,completed
15087,1042,2024-07-29,West,completed
15088,3064,2024-12-14,Midwest,returned
15089,3341,2025-08-11,Northeast,completed
15090,594,2025-11-29,West,completed
15091,3343,2026-03-08,Northeast,completed
15092,972,2025-06-12,Midwest,completed
15093,2095,2025-05-06,Southeast,completed
15094,1549,2025-06-26,Southwest,cancelled
15095,514,2025-02-05,Midwest,completed
15096,2680,2024-07-10,West,completed
15097,859,2025-07-15,West,completed
15098,3204,2024-01-12,Northeast,completed
15099,2976,2026-02-25,Northeast,completed
15100,3211,2026-02-07,Northeast,completed
15101,1887,2025-09-09,West,completed
15102,553,2024-01-21,West,completed
15103,1573,2026-07-13,Southeast,completed
15104,4967,2026-03-08,Southwest,completed
15105,206,2026-05-21,West,cancelled
15106,4434,2025-12-14,Midwest,completed
15107,2959,2025-11-01,Northeast,completed
15108,2767,2024-02-10,Northeast,completed
15109,2873,2024-09-18,West,completed
15110,2153,2025-07-26,Southeast,completed
15111,250,2025-01-16,Southeast,completed
15112,3857,2026-02-16,Midwest,completed
15113,3315,2025-06-03,Southwest,completed
15114,2553,2026-04-30,Southwest,completed
15115,447,2025-09-25,Northeast,completed
15116,574,2026-01-19,West,completed
15117,1155,2025-04-18,Midwest,completed
15118,1922,2024-04-26,Southeast,completed
15119,2224,2026-04-19,West,completed
15120,2197,2024-08-29,Midwest,completed
15121,4614,2024-03-08,Southeast,completed
15122,2057,2024-05-25,Southeast,completed
15123,3205,2024-09-20,Midwest,completed
15124,3560,2025-10-22,Northeast,completed
15125,1839,2026-08-06,Northeast,completed
15126,4359,2025-06-07,Southeast,completed
15127,971,2026-01-14,Northeast,completed
15128,2849,2024-10-30,Midwest,completed
15129,2207,2026-06-24,Midwest,completed
15130,4009,2026-01-24,Southeast,completed
15131,3442,2025-08-22,West,completed
15132,1802,2025-10-13,Midwest,completed
15133,1793,2024-05-18,Midwest,completed
15134,4055,2025-04-01,Midwest,completed
15135,1428,2024-02-04,Midwest,completed
15136,2528,2024-05-02,Midwest,completed
15137,2471,2024-07-03,Southwest,completed
15138,2267,2024-10-07,Northeast,completed
15139,520,2025-01-09,Southwest,completed
15140,3614,2024-04-15,Midwest,completed
15141,3304,2024-04-01,West,completed
15142,2113,2026-01-06,Southwest,completed
15143,4897,2024-10-18,Southeast,completed
15144,1805,2024-07-16,Southwest,completed
15145,2606,2024-11-07,Midwest,completed
15146,4734,2026-03-06,Southeast,returned
15147,1880,2024-11-10,Southeast,completed
15148,272,2025-01-01,Midwest,completed
15149,3406,2026-08-12,Southwest,completed
15150,3702,2024-05-01,Northeast,completed
15151,1037,2024-03-03,Northeast,completed
15152,1497,2026-03-10,Northeast,completed
15153,2614,2026-05-06,Southeast,completed
15154,3286,2025-12-11,West,completed
15155,3726,2024-03-24,Southwest,completed
15156,2245,2025-09-24,Southeast,completed
15157,4486,2024-12-30,Southwest,cancelled
15158,4837,2026-07-24,Midwest,completed
15159,4289,2024-02-08,Midwest,completed
15160,1658,2025-02-18,Northeast,completed
15161,3384,2025-01-04,Northeast,completed
15162,3978,2024-10-11,Northeast,completed
15163,1071,2024-08-08,Southwest,completed
15164,3095,2025-04-06,Midwest,completed
15165,227,2025-07-02,Southwest,completed
15166,1260,2026-05-22,Midwest,completed
15167,2021,2024-01-14,Midwest,completed
15168,1032,2024-11-15,Northeast,completed
15169,4143,2026-02-09,Midwest,completed
15170,1603,2026-05-15,Southwest,completed
15171,3175,2026-01-02,West,completed
15172,4798,2025-12-06,Southwest,completed
15173,2131,2024-05-22,Northeast,completed
15174,1451,2026-07-09,Southwest,completed
15175,2685,2025-04-22,Midwest,completed
15176,1446,2026-01-24,Southeast,cancelled
15177,1855,2024-04-18,Northeast,completed
15178,4464,2024-03-24,West,completed
15179,930,2025-07-17,Southwest,returned
15180,4449,2025-04-25,Midwest,completed
15181,3192,2024-12-30,West,completed
15182,833,2024-05-06,Southeast,completed
15183,539,2026-03-24,Northeast,completed
15184,1891,2024-07-13,Southeast,completed
15185,2874,2025-11-26,Northeast,completed
15186,4252,2025-08-24,West,completed
15187,879,2025-08-22,Southwest,cancelled
15188,1908,2024-02-06,West,completed
15189,3534,2026-06-16,Southeast,completed
15190,4965,2026-07-12,Southeast,completed
15191,642,2024-05-13,Southwest,completed
15192,3472,2025-05-14,Northeast,completed
15193,288,2025-10-15,Northeast,completed
15194,2229,2025-07-22,Midwest,completed
15195,447,2026-02-02,Northeast,completed
15196,3849,2024-05-26,Southeast,completed
15197,2940,2024-10-20,West,completed
15198,1445,2024-10-18,Northeast,cancelled
15199,1346,2026-07-13,Northeast,completed
15200,690,2025-08-17,Northeast,completed
15201,1408,2026-08-24,Southwest,completed
15202,3542,2025-11-04,Northeast,completed
15203,1310,2026-04-27,Northeast,completed
15204,3294,2026-03-20,Midwest,completed
15205,4346,2024-07-29,Southeast,completed
15206,2494,2026-02-16,Midwest,completed
15207,627,2024-10-05,West,completed
15208,2578,2025-12-21,Northeast,completed
15209,1854,2024-11-23,Southeast,completed
15210,3794,2026-07-09,Midwest,completed
15211,4530,2025-05-19,Northeast,completed
15212,4572,2026-07-17,Midwest,completed
15213,3925,2024-05-18,Midwest,completed
15214,2929,2026-03-09,Midwest,completed
15215,184,2026-07-17,West,completed
15216,4545,2024-06-10,Southwest,cancelled
15217,4909,2024-11-27,Northeast,completed
15218,202,2026-07-09,Southeast,completed
15219,1619,2025-05-18,Midwest,completed
15220,4432,2025-12-31,West,completed
15221,155,2025-09-22,Northeast,cancelled
15222,3490,2025-07-03,Southeast,completed
15223,4514,2024-07-22,Southeast,completed
15224,1668,2024-01-17,West,completed
15225,4976,2024-10-03,Northeast,completed
15226,1807,2024-04-27,West,completed
15227,4724,2024-04-23,Southeast,completed
15228,1582,2025-12-16,Southeast,completed
15229,4873,2026-07-09,Midwest,completed
15230,4070,2025-08-16,Southwest,completed
15231,4757,2024-05-09,Northeast,completed
15232,3772,2024-11-30,Southwest,completed
15233,3947,2024-05-01,Northeast,completed
15234,713,2024-05-03,West,completed
15235,2282,2026-01-03,Northeast,completed
15236,618,2026-05-05,Midwest,cancelled
15237,4648,2024-07-01,Midwest,cancelled
15238,1659,2024-07-29,Southeast,completed
15239,3476,2026-07-08,Southeast,completed
15240,4864,2025-03-24,Northeast,returned
15241,972,2026-01-10,Midwest,returned
15242,4995,2025-12-26,Midwest,completed
15243,1497,2026-01-07,Northeast,completed
15244,1513,2025-05-08,West,completed
15245,794,2024-02-14,Southwest,completed
15246,3692,2024-08-22,Midwest,completed
15247,1876,2024-10-29,Midwest,cancelled
15248,3350,2026-07-01,Southwest,completed
15249,1017,2024-06-11,Southeast,completed
15250,1184,2025-08-21,Southwest,completed
15251,34,2024-12-29,Southwest,completed
15252,322,2025-04-01,Southwest,completed
15253,2999,2024-07-09,West,completed
15254,3305,2025-02-14,Southwest,completed
15255,10,2024-11-09,Northeast,cancelled
15256,2403,2024-02-28,Midwest,completed
15257,2144,2025-05-26,Midwest,completed
15258,30,2026-05-09,West,completed
15259,4829,2025-08-26,Northeast,completed
15260,576,2025-01-01,Midwest,completed
15261,3833,2024-04-02,Northeast,completed
15262,1741,2026-05-06,West,cancelled
15263,2155,2025-10-15,West,completed
15264,414,2026-05-25,Midwest,cancelled
15265,1055,2024-04-13,Northeast,completed
15266,2645,2026-03-11,Southwest,completed
15267,1380,2025-06-05,Midwest,completed
15268,266,2025-04-30,Northeast,completed
15269,1172,2024-07-11,Southeast,completed
15270,358,2025-12-21,Midwest,completed
15271,1661,2026-05-23,Midwest,completed
15272,1653,2026-04-11,West,completed
15273,2374,2025-05-06,West,completed
15274,4766,2024-03-14,Southeast,completed
15275,3801,2024-09-19,Northeast,completed
15276,3939,2026-01-22,Southwest,cancelled
15277,500,2025-07-16,Midwest,completed
15278,4974,2025-06-27,Southeast,completed
15279,3976,2024-05-28,Southeast,completed
15280,3717,2026-04-14,Southeast,completed
15281,959,2024-08-30,Southeast,completed
15282,4735,2024-11-14,West,completed
15283,556,2024-11-22,Southwest,completed
15284,3480,2025-12-19,Southeast,completed
15285,4752,2024-02-27,Southeast,completed
15286,4338,2024-09-11,Northeast,completed
15287,2198,2024-08-20,Southwest,completed
15288,409,2025-09-07,Midwest,completed
15289,3804,2025-11-29,West,completed
15290,4010,2024-01-26,Southeast,completed
15291,4221,2026-01-13,Southwest,completed
15292,2968,2024-12-24,West,completed
15293,3705,2025-07-01,Southwest,completed
15294,2980,2026-03-26,Southeast,completed
15295,3911,2025-03-31,Northeast,completed
15296,1708,2026-02-04,Midwest,completed
15297,558,2025-06-09,Northeast,completed
15298,1008,2026-07-29,Southwest,completed
15299,571,2025-09-13,Southwest,completed
15300,2186,2026-08-01,Southwest,completed
15301,4266,2025-04-15,Southwest,completed
15302,4799,2025-01-29,Southwest,returned
15303,3291,2024-11-27,Southwest,completed
15304,2810,2026-07-05,Southwest,completed
15305,4727,2024-06-04,Northeast,completed
15306,2266,2026-06-03,Northeast,completed
15307,3081,2025-06-16,Midwest,completed
15308,910,2026-05-02,Midwest,returned
15309,42,2026-07-17,Northeast,completed
15310,3624,2024-06-08,Southwest,completed
15311,2599,2024-12-15,West,completed
15312,3742,2026-01-06,West,completed
15313,297,2025-02-22,Southwest,completed
15314,4624,2025-10-24,Southeast,completed
15315,77,2025-01-16,Northeast,completed
15316,1579,2024-10-18,Southeast,completed
15317,4478,2024-03-18,West,completed
15318,543,2025-07-29,Northeast,completed
15319,927,2024-04-16,Midwest,completed
15320,3194,2026-01-25,Southwest,completed
15321,3645,2025-07-09,Midwest,completed
15322,2290,2024-12-11,Southwest,completed
15323,4003,2026-06-20,Northeast,completed
15324,4721,2024-11-23,West,cancelled
15325,1557,2024-06-24,West,returned
15326,1448,2024-04-01,Midwest,completed
15327,4783,2026-02-21,West,completed
15328,1216,2025-05-18,Southwest,completed
15329,1094,2026-05-02,Southwest,returned
15330,3156,2024-01-25,Southeast,completed
15331,1503,2025-06-27,Northeast,completed
15332,2881,2026-08-13,Northeast,returned
15333,3407,2024-10-25,West,completed
15334,3769,2025-03-01,Northeast,returned
15335,1479,2024-06-13,Northeast,completed
15336,896,2026-02-12,West,completed
15337,1987,2025-01-18,Northeast,completed
15338,446,2024-09-26,West,completed
15339,1740,2025-01-22,Midwest,completed
15340,4538,2026-03-19,Southwest,completed
15341,4515,2026-04-13,West,completed
15342,589,2025-02-07,Southwest,cancelled
15343,3489,2024-10-14,Midwest,completed
15344,3025,2024-10-23,Northeast,completed
15345,4895,2024-10-05,West,completed
15346,1831,2025-10-05,Southeast,completed
15347,2943,2025-02-03,Northeast,completed
15348,3615,2024-09-17,West,cancelled
15349,765,2026-06-30,Midwest,completed
15350,1409,2026-07-26,Southeast,completed
15351,3966,2024-02-06,Southwest,completed
15352,1833,2025-07-29,Midwest,returned
15353,2878,2026-03-14,Southeast,completed
15354,2706,2025-03-08,West,completed
15355,3954,2025-07-09,Northeast,completed
15356,4543,2026-08-18,Southwest,completed
15357,4877,2024-06-07,Midwest,completed
15358,3487,2024-12-15,Southeast,completed
15359,419,2024-10-09,West,completed
15360,2518,2024-04-05,Midwest,completed
15361,2758,2025-04-07,Northeast,completed
15362,3165,2026-07-25,Northeast,completed
15363,3394,2026-07-01,Northeast,completed
15364,410,2025-09-25,Northeast,completed
15365,1409,2024-11-12,Southeast,completed
15366,3435,2024-09-30,Northeast,completed
15367,4687,2024-10-17,Southwest,returned
15368,3953,2024-05-29,Southeast,completed
15369,427,2024-09-01,Midwest,completed
15370,4733,2025-05-17,Southeast,completed
15371,4626,2024-12-28,Southwest,completed
15372,2174,2025-09-13,Northeast,completed
15373,922,2026-03-07,Northeast,completed
15374,183,2024-11-20,Midwest,returned
15375,4421,2025-07-12,Southwest,completed
15376,1609,2024-11-06,Northeast,completed
15377,4496,2025-06-08,Southeast,completed
15378,3019,2024-10-26,Northeast,completed
15379,3691,2025-06-01,West,completed
15380,3355,2026-04-29,Midwest,completed
15381,3533,2026-04-06,West,completed
15382,975,2025-09-04,Southeast,completed
15383,4126,2024-04-11,Northeast,returned
15384,2039,2025-04-05,Midwest,returned
15385,260,2025-01-07,Northeast,completed
15386,244,2024-04-18,Northeast,completed
15387,4795,2024-11-01,West,completed
15388,748,2026-08-05,Northeast,completed
15389,3648,2025-06-17,Northeast,completed
15390,1038,2025-07-05,Southwest,completed
15391,1914,2025-01-07,Southwest,completed
15392,2911,2025-05-22,Northeast,completed
15393,3039,2026-04-03,Southwest,completed
15394,101,2025-03-05,Southeast,completed
15395,1412,2024-05-03,Southeast,completed
15396,2230,2025-04-19,Northeast,cancelled
15397,4620,2026-07-26,Southwest,completed
15398,3536,2025-04-16,West,completed
15399,3557,2024-11-06,Midwest,completed
15400,3338,2024-07-07,Northeast,completed
15401,405,2024-09-01,West,completed
15402,834,2025-07-25,Northeast,cancelled
15403,451,2026-01-02,Midwest,completed
15404,2421,2025-06-03,Midwest,completed
15405,3175,2025-08-21,West,completed
15406,4895,2025-10-14,West,completed
15407,191,2024-01-04,West,completed
15408,1336,2025-11-04,West,completed
15409,1147,2025-10-25,Southwest,completed
15410,3570,2026-05-22,Southwest,completed
15411,4042,2024-09-30,Southeast,completed
15412,1716,2025-07-21,Midwest,completed
15413,2561,2025-09-12,Midwest,completed
15414,3988,2024-08-13,Southwest,cancelled
15415,2960,2024-08-12,Southwest,completed
15416,4208,2026-07-31,Southeast,completed
15417,247,2024-12-21,West,completed
15418,2868,2026-03-25,Southwest,completed
15419,4323,2025-09-10,Midwest,completed
15420,4297,2024-11-12,West,cancelled
15421,3385,2026-01-31,West,completed
15422,1309,2025-01-10,Southeast,completed
15423,1069,2024-02-03,West,completed
15424,2136,2025-01-25,Midwest,completed
15425,2396,2024-05-29,Southwest,completed
15426,729,2024-02-19,West,completed
15427,1688,2024-07-22,Southwest,completed
15428,2809,2025-06-16,West,completed
15429,3210,2024-07-14,Southeast,returned
15430,1631,2026-01-04,Midwest,completed
15431,3247,2026-07-05,Northeast,completed
15432,2129,2024-03-30,Southeast,completed
15433,1049,2024-06-25,Northeast,completed
15434,2922,2025-04-21,Southwest,completed
15435,2061,2025-06-09,West,completed
15436,3191,2026-02-22,Northeast,returned
15437,949,2024-10-22,Midwest,completed
15438,4492,2025-01-07,Northeast,completed
15439,1407,2026-05-15,Midwest,completed
15440,1022,2024-12-30,West,completed
15441,2692,2025-01-22,Northeast,completed
15442,4527,2024-04-11,Southwest,completed
15443,2197,2025-06-07,Midwest,completed
15444,774,2024-11-11,Southwest,completed
15445,3500,2026-08-17,West,returned
15446,2849,2025-01-20,Midwest,completed
15447,2494,2026-06-18,Midwest,cancelled
15448,3404,2024-06-22,Midwest,completed
15449,3403,2026-08-13,Southeast,completed
15450,1170,2026-07-15,Midwest,completed
15451,1873,2024-02-14,Northeast,completed
15452,2140,2024-05-05,Southwest,completed
15453,4274,2025-12-13,Southwest,completed
15454,2512,2026-03-20,Midwest,completed
15455,133,2024-08-09,Northeast,completed
15456,4646,2026-04-06,Northeast,completed
15457,3228,2026-02-23,Northeast,completed
15458,288,2025-04-24,Northeast,cancelled
15459,3212,2024-12-18,West,completed
15460,2583,2024-01-25,Northeast,completed
15461,4258,2024-02-12,Southeast,completed
15462,1631,2024-12-06,Midwest,completed
15463,3612,2024-05-04,Southwest,completed
15464,1718,2025-08-29,Northeast,completed
15465,661,2025-03-19,Southeast,completed
15466,3818,2025-12-25,Southwest,completed
15467,3419,2026-06-02,Midwest,completed
15468,1404,2025-06-30,West,completed
15469,3313,2024-08-16,Northeast,completed
15470,1462,2025-05-22,West,completed
15471,66,2026-06-28,Southwest,completed
15472,526,2025-09-05,Northeast,completed
15473,3994,2026-05-06,Southeast,completed
15474,2211,2024-06-27,West,completed
15475,28,2024-09-07,Northeast,completed
15476,1810,2024-10-11,Southeast,completed
15477,2604,2026-04-13,Midwest,completed
15478,2922,2024-10-27,Southwest,completed
15479,1403,2025-10-27,Midwest,completed
15480,1772,2025-09-19,West,completed
15481,2475,2024-08-30,Southwest,completed
15482,4619,2025-10-07,Southeast,completed
15483,4547,2024-09-23,Midwest,completed
15484,2919,2025-10-07,Southwest,completed
15485,4411,2024-05-24,Northeast,completed
15486,2721,2026-05-01,Midwest,completed
15487,2555,2026-06-12,Northeast,completed
15488,2597,2025-05-04,Northeast,completed
15489,214,2024-11-21,Southwest,returned
15490,166,2024-11-25,Northeast,completed
15491,186,2026-05-10,Northeast,completed
15492,3638,2026-03-12,West,completed
15493,4807,2024-09-18,Southeast,completed
15494,886,2025-08-24,Southeast,completed
15495,3274,2026-07-13,Southwest,completed
15496,2783,2026-05-07,Southeast,returned
15497,1728,2026-06-22,Midwest,completed
15498,2458,2026-08-15,West,completed
15499,361,2024-06-28,Northeast,completed
15500,4931,2024-07-28,Southwest,completed
15501,4966,2024-04-20,Midwest,completed
15502,570,2025-05-15,Northeast,completed
15503,1326,2024-03-02,Southeast,completed
15504,2860,2025-10-30,Southeast,returned
15505,1562,2024-02-04,Northeast,cancelled
15506,661,2025-12-13,Southeast,completed
15507,3119,2026-07-20,Midwest,completed
15508,4667,2024-06-21,Northeast,completed
15509,2725,2025-10-20,Southwest,completed
15510,1423,2026-05-24,Southwest,returned
15511,1642,2025-02-01,Southeast,returned
15512,2638,2026-01-11,West,completed
15513,2741,2024-05-20,Midwest,returned
15514,592,2024-07-18,Southeast,completed
15515,4843,2024-07-03,Northeast,completed
15516,2976,2025-05-30,Northeast,completed
15517,90,2024-02-21,Southwest,completed
15518,794,2025-07-10,Southwest,completed
15519,1130,2025-01-19,Southwest,completed
15520,2272,2025-01-04,Midwest,completed
15521,3455,2026-02-14,West,completed
15522,3319,2026-03-25,Northeast,completed
15523,2062,2024-06-23,Southeast,completed
15524,2382,2024-06-15,Southwest,completed
15525,360,2024-05-18,Northeast,completed
15526,4778,2024-12-30,Northeast,completed
15527,1492,2025-05-17,Southeast,completed
15528,3263,2024-06-23,Southwest,completed
15529,999,2024-11-12,Southwest,completed
15530,1073,2024-05-06,Midwest,completed
15531,136,2024-02-01,Southeast,completed
15532,1231,2025-12-08,West,completed
15533,554,2025-06-29,Northeast,completed
15534,3974,2024-09-14,Southwest,completed
15535,674,2025-05-06,Midwest,completed
15536,1077,2024-08-15,Southwest,completed
15537,1936,2025-01-26,Southwest,completed
15538,33,2024-08-28,Northeast,completed
15539,773,2025-06-04,Southwest,completed
15540,1445,2024-11-05,Northeast,completed
15541,912,2024-01-12,Southwest,returned
15542,387,2025-08-24,Northeast,completed
15543,2831,2024-12-29,Southeast,cancelled
15544,3704,2026-07-13,West,completed
15545,1076,2024-12-04,West,completed
15546,4004,2024-09-04,Midwest,completed
15547,368,2024-12-18,Southeast,completed
15548,3888,2025-10-05,Southeast,cancelled
15549,2164,2024-08-26,Northeast,completed
15550,3049,2025-02-10,Midwest,completed
15551,1374,2025-07-06,Southeast,completed
15552,235,2024-05-21,West,completed
15553,1489,2025-01-08,Southwest,completed
15554,4078,2024-09-14,Southeast,completed
15555,1148,2024-12-16,West,completed
15556,251,2026-08-02,Southeast,cancelled
15557,577,2025-05-14,Southwest,completed
15558,864,2025-04-22,Southeast,completed
15559,3190,2025-09-14,Northeast,completed
15560,1391,2026-06-17,Midwest,completed
15561,748,2025-12-09,Northeast,completed
15562,3136,2024-11-23,Southwest,completed
15563,3226,2026-06-16,Northeast,completed
15564,1199,2024-01-28,Northeast,completed
15565,3658,2026-04-14,Southeast,completed
15566,4350,2026-02-04,Midwest,completed
15567,4360,2024-04-13,Southeast,cancelled
15568,4144,2024-08-19,Midwest,completed
15569,3115,2025-09-25,Southwest,completed
15570,899,2024-10-29,Midwest,returned
15571,1091,2025-03-10,Northeast,completed
15572,4124,2025-12-02,West,returned
15573,1315,2024-08-09,Southwest,completed
15574,2217,2024-11-17,Southeast,completed
15575,1770,2024-04-24,Southwest,completed
15576,4947,2024-11-08,Midwest,completed
15577,338,2025-07-21,West,returned
15578,2710,2025-07-06,Southwest,cancelled
15579,748,2026-07-14,Northeast,returned
15580,3533,2024-07-10,West,completed
15581,3720,2026-08-06,Midwest,completed
15582,3294,2025-07-01,Midwest,completed
15583,3338,2025-07-16,Northeast,completed
15584,3167,2026-01-02,Southwest,completed
15585,3654,2026-01-15,Southwest,completed
15586,1520,2024-12-31,West,completed
15587,1112,2026-02-03,Southeast,completed
15588,1400,2024-03-29,Southwest,completed
15589,2305,2024-08-08,Southeast,completed
15590,1337,2025-07-26,West,completed
15591,4733,2024-05-14,Southeast,completed
15592,2490,2025-09-22,Northeast,completed
15593,3445,2024-05-06,Northeast,completed
15594,1974,2024-12-05,Southeast,completed
15595,2236,2024-07-14,West,completed
15596,3289,2025-02-20,Southeast,completed
15597,4546,2024-07-12,Southeast,completed
15598,3465,2024-07-25,Midwest,completed
15599,319,2025-10-24,Southwest,completed
15600,188,2025-06-04,Northeast,completed
15601,3596,2025-04-28,Northeast,completed
15602,1454,2026-07-28,Southwest,completed
15603,11,2024-12-04,Midwest,completed
15604,3103,2024-08-18,Midwest,completed
15605,794,2024-10-21,Southwest,completed
15606,927,2024-03-10,Midwest,completed
15607,320,2025-04-14,West,completed
15608,2239,2024-05-09,Southeast,cancelled
15609,4251,2025-08-28,Southwest,completed
15610,181,2025-08-13,Southwest,returned
15611,4276,2025-02-06,Southwest,completed
15612,1579,2024-09-21,Southeast,completed
15613,2611,2025-10-02,Southwest,completed
15614,3445,2026-05-28,Northeast,completed
15615,4693,2024-01-18,Southeast,completed
15616,4039,2026-03-10,Midwest,completed
15617,2361,2025-06-21,Southwest,completed
15618,837,2024-11-08,Southeast,completed
15619,3888,2025-12-19,Southeast,completed
15620,4653,2024-04-26,Southwest,completed
15621,1206,2026-07-18,Midwest,completed
15622,3506,2025-02-14,Southwest,completed
15623,2581,2024-04-09,Southeast,completed
15624,4108,2026-03-23,Northeast,completed
15625,4118,2025-12-13,Midwest,completed
15626,4310,2024-09-25,Midwest,completed
15627,851,2024-05-14,West,completed
15628,598,2026-06-10,West,returned
15629,3203,2025-12-27,West,completed
15630,1935,2025-09-22,Southeast,completed
15631,4836,2024-12-19,Southeast,cancelled
15632,3282,2026-01-08,Southwest,cancelled
15633,4371,2024-11-23,Midwest,completed
15634,4803,2026-03-23,West,completed
15635,4847,2025-06-28,Southwest,completed
15636,2049,2024-01-15,Southwest,completed
15637,4066,2024-10-20,Northeast,completed
15638,2625,2024-10-02,Southeast,completed
15639,4774,2026-08-20,Southwest,completed
15640,1704,2024-06-01,Northeast,completed
15641,1171,2026-07-20,Southeast,completed
15642,2297,2024-02-04,West,cancelled
15643,784,2025-03-09,Southeast,completed
15644,2918,2025-08-16,Southwest,completed
15645,4818,2025-07-28,West,completed
15646,3261,2024-07-20,Midwest,completed
15647,1679,2026-07-17,West,completed
15648,2441,2024-12-14,Midwest,completed
15649,3188,2024-10-10,Midwest,completed
15650,2549,2025-08-17,Northeast,completed
15651,4883,2025-08-24,Midwest,completed
15652,2262,2024-12-11,Northeast,completed
15653,2249,2025-12-23,Northeast,completed
15654,1378,2026-08-10,Southwest,completed
15655,1360,2026-01-12,Southeast,completed
15656,4883,2025-12-04,Midwest,completed
15657,2916,2026-04-30,Midwest,completed
15658,4823,2024-02-05,West,completed
15659,2574,2025-02-17,West,completed
15660,1937,2025-02-08,Southeast,completed
15661,1055,2024-01-30,Northeast,completed
15662,1032,2025-08-25,Northeast,completed
15663,900,2024-06-24,Southwest,completed
15664,2683,2026-08-15,Southeast,completed
15665,4781,2024-12-27,Northeast,completed
15666,4985,2024-11-04,West,completed
15667,3298,2026-03-04,Southeast,returned
15668,2403,2026-07-16,Midwest,completed
15669,91,2025-07-11,Southeast,completed
15670,3055,2024-03-07,Southwest,completed
15671,3044,2024-07-26,Southeast,completed
15672,2048,2024-01-29,Northeast,completed
15673,296,2024-10-27,Southeast,completed
15674,648,2026-08-06,Southwest,completed
15675,2950,2025-07-08,West,completed
15676,2789,2026-03-24,West,completed
15677,1788,2025-10-15,Northeast,completed
15678,1436,2026-08-03,Southeast,completed
15679,2484,2025-12-02,Southeast,cancelled
15680,4352,2024-08-17,Southwest,completed
15681,109,2026-01-24,West,completed
15682,2801,2026-02-28,West,returned
15683,422,2024-06-04,West,completed
15684,2014,2025-12-25,West,completed
15685,3721,2025-01-02,Midwest,completed
15686,3607,2026-01-14,Midwest,completed
15687,1499,2024-01-19,Midwest,completed
15688,1441,2024-04-08,West,completed
15689,244,2024-11-09,Northeast,completed
15690,4177,2024-08-29,Southwest,completed
15691,1163,2024-09-28,Northeast,completed
15692,651,2025-11-19,Midwest,completed
15693,3225,2024-03-20,West,completed
15694,4699,2025-12-16,Midwest,completed
15695,4326,2024-10-15,Midwest,completed
15696,3089,2025-06-17,Northeast,completed
15697,1219,2025-03-31,Midwest,completed
15698,2013,2025-11-01,Midwest,completed
15699,485,2025-03-30,West,completed
15700,3586,2026-05-18,Northeast,completed
15701,4020,2024-07-15,West,completed
15702,4097,2025-07-19,Southeast,completed
15703,3761,2025-03-08,West,completed
15704,1232,2026-01-01,Southeast,completed
15705,4828,2025-07-03,Southeast,completed
15706,621,2026-05-08,Midwest,completed
15707,1327,2025-09-05,Northeast,completed
15708,3388,2026-03-09,West,completed
15709,3789,2025-08-04,Northeast,completed
15710,2535,2024-01-02,Northeast,completed
15711,163,2025-06-26,Northeast,completed
15712,1787,2026-02-14,Southeast,returned
15713,1421,2025-04-19,Southwest,completed
15714,2067,2026-06-01,Northeast,completed
15715,4310,2024-05-31,Midwest,completed
15716,4955,2025-07-17,Northeast,completed
15717,612,2026-02-07,Midwest,completed
15718,486,2024-08-26,Northeast,completed
15719,4757,2024-09-10,Northeast,completed
15720,4251,2024-01-11,Southwest,completed
15721,3392,2026-05-29,Midwest,completed
15722,4234,2024-03-01,Southwest,completed
15723,4365,2026-05-30,Southwest,completed
15724,3921,2026-05-30,Midwest,completed
15725,4865,2025-03-16,Southeast,completed
15726,3396,2025-08-26,Southeast,completed
15727,4042,2025-10-18,Southeast,completed
15728,2213,2024-02-05,Northeast,completed
15729,3028,2025-05-02,Northeast,cancelled
15730,2035,2026-06-26,West,completed
15731,1607,2026-04-30,West,completed
15732,682,2026-08-01,Southwest,completed
15733,1223,2024-01-30,Northeast,completed
15734,3676,2024-12-10,Midwest,completed
15735,1768,2025-04-18,Southwest,completed
15736,763,2024-11-14,Southeast,completed
15737,919,2025-02-23,Southwest,cancelled
15738,3135,2024-03-01,Southwest,completed
15739,1510,2024-01-23,West,completed
15740,4552,2024-04-03,West,completed
15741,4770,2025-08-14,Southwest,completed
15742,1296,2025-03-28,Southeast,completed
15743,1518,2024-11-14,West,completed
15744,372,2026-03-28,Southeast,completed
15745,3972,2024-09-10,Midwest,completed
15746,1517,2024-01-17,West,completed
15747,1268,2024-03-15,Midwest,completed
15748,1149,2024-11-21,Southeast,completed
15749,272,2024-01-03,Midwest,completed
15750,1072,2024-06-11,Southwest,completed
15751,1415,2026-02-25,Midwest,completed
15752,4196,2024-07-20,Southeast,completed
15753,1089,2025-02-09,Southeast,completed
15754,4206,2024-01-19,Southwest,completed
15755,2037,2026-06-21,Southeast,completed
15756,684,2024-02-05,Southeast,completed
15757,707,2025-11-19,Southeast,completed
15758,1734,2026-01-14,Northeast,completed
15759,4209,2025-09-21,Southeast,completed
15760,1826,2024-03-25,West,completed
15761,1105,2024-01-10,Southwest,completed
15762,575,2024-12-28,Midwest,completed
15763,1741,2024-04-01,West,completed
15764,4310,2025-08-30,Midwest,completed
15765,1999,2026-05-24,West,completed
15766,2213,2026-04-25,Northeast,completed
15767,3735,2024-05-29,West,completed
15768,1601,2025-04-13,West,completed
15769,512,2024-12-10,West,completed
15770,2544,2024-10-07,Northeast,cancelled
15771,3591,2024-06-16,Northeast,completed
15772,3220,2025-01-24,West,completed
15773,3492,2024-08-09,West,completed
15774,663,2024-09-02,Southwest,completed
15775,4205,2024-02-12,Midwest,completed
15776,4390,2024-02-12,Midwest,completed
15777,3942,2025-10-09,Northeast,completed
15778,2688,2025-02-20,Northeast,completed
15779,963,2025-01-19,Midwest,completed
15780,3243,2024-12-21,Midwest,completed
15781,4919,2024-11-20,Southeast,completed
15782,4306,2024-07-28,Southeast,completed
15783,3696,2024-02-10,West,completed
15784,66,2025-05-29,Southwest,completed
15785,612,2026-01-01,Midwest,completed
15786,1420,2025-06-21,Midwest,completed
15787,2298,2024-06-14,Northeast,completed
15788,4317,2025-03-14,Southeast,completed
15789,3988,2024-12-07,Southwest,completed
15790,2798,2026-02-21,Southeast,completed
15791,416,2026-03-30,Midwest,completed
15792,952,2025-11-28,Southeast,completed
15793,2087,2025-11-10,Southwest,completed
15794,4485,2024-05-29,Northeast,completed
15795,3076,2024-11-03,Midwest,completed
15796,2917,2026-07-20,Southwest,completed
15797,2500,2026-06-08,Southwest,completed
15798,4518,2026-01-13,Midwest,completed
15799,578,2026-01-20,Midwest,completed
15800,3064,2024-10-18,Midwest,cancelled
15801,4936,2025-06-07,Southeast,completed
15802,965,2025-08-24,Midwest,completed
15803,3294,2024-09-19,Midwest,completed
15804,4941,2026-05-15,West,completed
15805,2436,2026-08-14,Southwest,completed
15806,2725,2024-02-01,Southwest,completed
15807,4038,2025-04-12,West,completed
15808,2294,2024-02-22,Midwest,completed
15809,1134,2026-04-09,Southeast,completed
15810,4200,2024-04-23,Southwest,completed
15811,672,2026-02-02,Southeast,completed
15812,286,2025-02-11,Southwest,completed
15813,2192,2024-07-14,Southeast,completed
15814,3289,2024-12-18,Southeast,completed
15815,1891,2025-01-09,Southeast,completed
15816,623,2025-10-06,West,completed
15817,4895,2026-04-23,West,completed
15818,4310,2026-02-24,Midwest,completed
15819,1778,2026-07-30,West,completed
15820,4762,2025-01-16,Northeast,completed
15821,1929,2026-05-25,West,completed
15822,2534,2024-07-15,West,completed
15823,2532,2026-05-18,West,completed
15824,2314,2026-01-24,Northeast,completed
15825,3804,2026-08-02,West,completed
15826,2742,2025-11-25,West,completed
15827,162,2024-08-30,Southeast,returned
15828,294,2024-10-08,Southwest,completed
15829,373,2025-10-22,Northeast,completed
15830,480,2024-01-30,Southwest,returned
15831,1064,2024-05-08,Northeast,completed
15832,3862,2025-07-30,Midwest,completed
15833,1281,2024-09-27,West,completed
15834,1738,2025-11-24,West,completed
15835,1032,2026-04-02,Northeast,completed
15836,1358,2026-06-19,Midwest,completed
15837,1903,2024-08-21,Midwest,completed
15838,1470,2024-03-17,West,completed
15839,2889,2024-01-25,Midwest,cancelled
15840,363,2026-03-07,Northeast,completed
15841,4660,2025-09-13,Midwest,completed
15842,4611,2026-04-10,Northeast,completed
15843,3102,2026-06-06,West,completed
15844,4860,2024-06-10,Southwest,completed
15845,188,2024-06-10,Northeast,completed
15846,3790,2024-07-13,Southeast,completed
15847,334,2025-07-14,Southeast,completed
15848,2966,2026-04-13,Midwest,completed
15849,2513,2025-05-07,Northeast,completed
15850,2247,2026-05-09,Midwest,completed
15851,405,2025-08-05,West,completed
15852,1319,2026-03-30,West,completed
15853,4959,2024-02-12,Northeast,completed
15854,1402,2025-02-15,Southeast,completed
15855,4413,2024-11-13,Southeast,completed
15856,4070,2025-01-21,Southwest,completed
15857,274,2024-10-12,Southeast,completed
15858,1540,2025-12-11,Northeast,completed
15859,3077,2025-10-29,West,completed
15860,510,2024-09-08,Southwest,completed
15861,3450,2025-03-24,Midwest,completed
15862,4907,2024-09-24,Midwest,completed
15863,62,2024-06-29,Midwest,completed
15864,1010,2025-11-20,Northeast,completed
15865,4762,2024-03-24,Northeast,cancelled
15866,1515,2025-11-02,Midwest,completed
15867,1474,2024-10-09,Northeast,completed
15868,4176,2025-07-13,Northeast,completed
15869,1610,2026-07-08,West,completed
15870,334,2024-11-23,Southeast,completed
15871,1978,2024-10-04,Southeast,returned
15872,3038,2024-04-29,West,completed
15873,2515,2024-07-05,Southeast,completed
15874,2998,2024-01-12,West,completed
15875,2206,2024-03-20,Midwest,completed
15876,2910,2025-03-04,West,completed
15877,838,2024-11-29,Southeast,completed
15878,672,2024-06-17,Southeast,completed
15879,1110,2024-09-03,West,completed
15880,3673,2024-12-21,Northeast,completed
15881,3216,2024-05-12,Northeast,completed
15882,2222,2026-02-18,Northeast,completed
15883,2004,2025-10-02,Southwest,completed
15884,145,2024-03-20,Southeast,completed
15885,1088,2024-06-13,Northeast,completed
15886,3687,2026-05-29,Southeast,completed
15887,1478,2025-02-07,Southeast,completed
15888,4379,2026-05-03,Southeast,completed
15889,373,2024-07-15,Northeast,completed
15890,1654,2024-03-17,West,completed
15891,4139,2025-07-26,Southwest,completed
15892,3773,2024-10-31,Midwest,completed
15893,803,2024-06-13,Midwest,completed
15894,2728,2024-07-11,Southwest,completed
15895,1692,2024-05-03,West,completed
15896,4725,2024-02-09,Southwest,completed
15897,4479,2025-05-07,Northeast,cancelled
15898,139,2025-11-24,West,completed
15899,3492,2024-03-11,West,completed
15900,3775,2025-11-20,Midwest,returned
15901,47,2026-08-08,Midwest,completed
15902,785,2024-06-23,Southeast,completed
15903,1815,2025-10-18,Southwest,completed
15904,3238,2024-02-11,Southeast,completed
15905,665,2024-11-18,West,completed
15906,3374,2025-01-21,Midwest,completed
15907,1025,2024-06-22,Southwest,completed
15908,4340,2025-04-05,Southeast,completed
15909,2705,2025-09-09,West,completed
15910,1846,2025-07-27,Northeast,cancelled
15911,4132,2025-12-09,West,completed
15912,997,2026-01-06,Southwest,completed
15913,3758,2025-06-30,Midwest,completed
15914,3612,2025-04-26,Southwest,completed
15915,3207,2026-05-03,Midwest,completed
15916,3470,2025-05-10,Midwest,completed
15917,964,2025-06-18,Southeast,completed
15918,892,2026-06-04,Southeast,completed
15919,3327,2025-12-31,Southeast,completed
15920,2109,2025-10-31,Northeast,completed
15921,1967,2025-02-16,Northeast,completed
15922,1885,2025-03-21,Northeast,completed
15923,3487,2025-10-27,Southeast,completed
15924,1605,2026-06-18,Southwest,completed
15925,343,2024-07-16,Midwest,completed
15926,1727,2024-11-26,West,completed
15927,1062,2025-04-24,West,completed
15928,193,2024-07-19,West,returned
15929,4781,2024-05-07,Northeast,completed
15930,3654,2025-09-27,Southwest,completed
15931,2819,2025-05-03,Midwest,completed
15932,4500,2024-10-24,Northeast,completed
15933,1018,2024-08-30,Midwest,cancelled
15934,1545,2026-06-21,West,completed
15935,1854,2024-09-15,Southeast,completed
15936,1092,2025-08-22,Northeast,completed
15937,4692,2024-01-04,Midwest,completed
15938,3469,2026-03-12,Southeast,returned
15939,3202,2024-11-01,West,completed
15940,3108,2025-06-19,West,completed
15941,341,2025-08-17,Northeast,completed
15942,3929,2025-07-12,West,completed
15943,4621,2024-11-10,Northeast,completed
15944,271,2025-01-06,Midwest,completed
15945,4584,2026-06-23,West,completed
15946,2126,2026-01-05,West,completed
15947,1739,2025-12-17,Northeast,completed
15948,2021,2024-01-18,Midwest,returned
15949,4374,2024-06-01,Midwest,completed
15950,2805,2025-08-26,Southwest,completed
15951,3836,2026-06-16,Southwest,completed
15952,2792,2024-07-20,Southeast,completed
15953,4400,2024-04-29,Midwest,completed
15954,2444,2026-04-25,Midwest,completed
15955,734,2024-01-02,Southwest,completed
15956,846,2026-05-14,Southwest,returned
15957,262,2025-06-19,Northeast,completed
15958,4143,2024-03-10,Midwest,completed
15959,2970,2025-05-23,Northeast,returned
15960,1599,2024-05-26,Northeast,returned
15961,3621,2026-07-03,Midwest,completed
15962,4990,2024-05-11,Northeast,completed
15963,4829,2025-09-25,Northeast,completed
15964,1877,2026-02-10,Northeast,completed
15965,2544,2024-08-27,Northeast,completed
15966,4554,2024-12-07,Southeast,completed
15967,4701,2024-11-01,West,completed
15968,3622,2025-08-16,Southwest,cancelled
15969,2063,2024-05-06,West,completed
15970,288,2026-05-07,Northeast,completed
15971,467,2026-08-20,Southwest,completed
15972,1326,2024-05-14,Southeast,completed
15973,2705,2025-06-27,West,completed
15974,1262,2025-04-29,Southeast,completed
15975,4231,2026-08-18,Southeast,completed
15976,640,2024-07-12,West,completed
15977,1071,2024-02-16,Southwest,completed
15978,4419,2025-11-11,Southwest,completed
15979,4633,2026-08-13,Southeast,completed
15980,3827,2025-12-02,Southwest,completed
15981,375,2024-01-30,Southeast,completed
15982,4942,2025-03-29,Southeast,completed
15983,4844,2025-03-11,Northeast,completed
15984,4836,2025-03-16,Southeast,completed
15985,2797,2024-12-29,Southwest,completed
15986,3269,2024-01-27,Midwest,completed
15987,4472,2025-03-18,Southeast,completed
15988,2041,2024-01-22,Southeast,completed
15989,547,2024-09-30,West,cancelled
15990,538,2024-11-18,Southeast,returned
15991,890,2025-07-15,Midwest,completed
15992,3888,2025-11-01,Southeast,completed
15993,4602,2024-05-21,West,returned
15994,4627,2026-06-30,West,completed
15995,2051,2025-01-27,Midwest,completed
15996,507,2026-03-05,Southwest,completed
15997,3624,2024-12-22,Southwest,completed
15998,3833,2024-04-27,Northeast,completed
15999,1589,2024-07-23,Midwest,completed
16000,705,2025-01-29,Northeast,completed
16001,1694,2024-05-11,Northeast,completed
16002,2273,2026-01-25,Southwest,completed
16003,4833,2024-10-05,Southeast,completed
16004,1827,2025-10-19,West,completed
16005,178,2024-11-04,Southwest,completed
16006,1536,2026-05-27,Southeast,cancelled
16007,4053,2025-08-09,Northeast,completed
16008,3325,2024-05-17,Southwest,completed
16009,1167,2025-04-29,Northeast,completed
16010,3250,2024-10-12,Midwest,completed
16011,4170,2025-04-21,Midwest,completed
16012,2234,2026-05-04,Northeast,completed
16013,1247,2026-03-13,Midwest,completed
16014,43,2024-12-27,Northeast,completed
16015,4510,2025-06-02,Southeast,completed
16016,4902,2024-04-13,West,completed
16017,97,2024-06-30,Northeast,completed
16018,4890,2026-01-19,Southwest,completed
16019,1617,2025-05-04,Northeast,completed
16020,551,2025-03-15,Southwest,returned
16021,2540,2026-04-17,Southwest,completed
16022,4711,2026-01-06,West,completed
16023,4859,2024-10-05,Southwest,returned
16024,3149,2026-08-22,Southwest,completed
16025,4660,2025-10-05,Midwest,completed
16026,971,2024-09-26,Northeast,completed
16027,961,2024-09-22,Southeast,completed
16028,1078,2024-01-20,West,completed
16029,1600,2024-04-09,Southwest,completed
16030,1886,2025-12-06,Midwest,completed
16031,14,2025-01-23,Southwest,completed
16032,3692,2025-10-27,Midwest,completed
16033,2564,2025-03-24,West,completed
16034,2775,2024-10-08,Southwest,completed
16035,63,2024-03-15,Southwest,completed
16036,754,2026-04-07,Southwest,completed
16037,3034,2025-07-31,Southeast,completed
16038,2516,2024-06-23,Southeast,completed
16039,4189,2026-05-05,Southeast,completed
16040,4285,2026-03-06,Northeast,completed
16041,2682,2025-07-04,Southeast,completed
16042,1323,2025-10-23,Midwest,completed
16043,3683,2026-05-26,Southwest,completed
16044,3965,2025-04-29,Southeast,completed
16045,4803,2025-09-11,West,completed
16046,166,2025-10-30,Northeast,completed
16047,1170,2026-07-30,Midwest,completed
16048,3063,2024-01-30,Southeast,returned
16049,871,2026-08-24,Midwest,completed
16050,2527,2024-12-23,Midwest,returned
16051,4668,2024-10-30,Southeast,returned
16052,4190,2025-09-25,Southwest,completed
16053,4613,2024-10-08,Northeast,completed
16054,3365,2025-09-19,Midwest,completed
16055,192,2025-04-15,Northeast,completed
16056,3995,2024-07-24,Southeast,completed
16057,2560,2024-10-14,West,completed
16058,3938,2026-03-28,Southwest,completed
16059,1947,2024-04-18,Northeast,completed
16060,4234,2025-11-04,Southwest,completed
16061,1508,2025-09-07,Southwest,completed
16062,2201,2024-12-07,Midwest,completed
16063,2416,2024-03-24,West,returned
16064,4222,2026-04-29,Midwest,completed
16065,4892,2024-02-03,Midwest,completed
16066,1196,2024-06-09,Southwest,completed
16067,1384,2026-07-05,Southwest,completed
16068,142,2025-10-02,Northeast,completed
16069,3898,2024-11-02,Northeast,completed
16070,1164,2024-04-09,Southeast,completed
16071,912,2024-12-06,Southwest,completed
16072,2856,2025-09-21,Northeast,completed
16073,432,2026-01-11,West,completed
16074,3182,2026-02-19,West,completed
16075,1747,2025-01-31,Midwest,completed
16076,1493,2025-04-30,Northeast,completed
16077,4560,2025-09-20,Southeast,completed
16078,4074,2025-06-25,Southwest,completed
16079,770,2025-10-15,West,completed
16080,3887,2025-11-03,West,completed
16081,3428,2025-08-10,Northeast,completed
16082,784,2025-03-12,Southeast,completed
16083,3669,2026-04-11,Northeast,completed
16084,2968,2024-01-15,West,completed
16085,340,2024-08-06,West,completed
16086,584,2025-11-13,Midwest,completed
16087,2744,2026-01-07,Northeast,completed
16088,3139,2025-08-30,Southeast,completed
16089,4093,2025-07-12,Southwest,completed
16090,2465,2024-09-09,Southwest,completed
16091,686,2024-02-06,West,cancelled
16092,255,2025-05-30,Northeast,completed
16093,3788,2025-11-29,Southeast,completed
16094,3204,2024-12-16,Northeast,completed
16095,1423,2025-05-06,Southwest,returned
16096,2521,2025-10-25,Southwest,completed
16097,1679,2024-03-21,West,completed
16098,2466,2024-12-15,Southeast,completed
16099,2418,2025-11-17,West,completed
16100,3617,2024-10-14,Southeast,completed
16101,3558,2025-08-09,Southwest,completed
16102,2395,2024-11-04,West,completed
16103,3100,2025-06-10,Southeast,cancelled
16104,1172,2024-08-23,Southeast,completed
16105,4534,2024-10-16,Southwest,completed
16106,2587,2024-09-18,Midwest,completed
16107,620,2025-12-04,Southeast,completed
16108,704,2024-08-25,West,completed
16109,537,2024-11-17,Southeast,completed
16110,694,2024-12-15,Southwest,completed
16111,4540,2025-07-13,West,completed
16112,1340,2025-07-18,Southwest,completed
16113,4987,2025-11-10,West,completed
16114,438,2024-04-08,Midwest,completed
16115,167,2025-09-05,West,completed
16116,2892,2025-08-15,Midwest,completed
16117,1081,2026-07-01,West,completed
16118,3950,2026-07-06,Southwest,completed
16119,3791,2024-10-05,Southeast,completed
16120,1095,2024-01-23,Midwest,completed
16121,2846,2024-11-22,West,completed
16122,3569,2024-10-15,Northeast,completed
16123,744,2025-02-24,Midwest,completed
16124,890,2025-10-19,Midwest,completed
16125,3359,2025-09-30,Southwest,completed
16126,4310,2025-12-01,Midwest,completed
16127,3881,2026-05-25,Southwest,returned
16128,1015,2025-02-27,Southwest,completed
16129,4975,2024-09-13,Midwest,completed
16130,104,2025-07-31,Southwest,completed
16131,1399,2025-06-08,West,completed
16132,4734,2024-01-24,Southeast,completed
16133,4158,2025-08-21,Southeast,completed
16134,3869,2025-02-08,Midwest,completed
16135,1024,2025-03-31,West,completed
16136,3504,2026-03-31,Midwest,completed
16137,1700,2024-02-22,Southeast,completed
16138,4624,2026-08-24,Southeast,completed
16139,2380,2024-04-28,Northeast,cancelled
16140,1518,2026-07-01,West,completed
16141,652,2025-04-11,Southeast,completed
16142,2396,2024-01-15,Southwest,completed
16143,3891,2026-08-06,Northeast,completed
16144,1795,2025-03-05,Northeast,completed
16145,3645,2024-10-01,Midwest,cancelled
16146,3815,2025-12-19,Northeast,completed
16147,3614,2024-06-20,Midwest,completed
16148,588,2026-07-29,West,completed
16149,686,2024-03-30,West,completed
16150,2140,2025-02-14,Southwest,completed
16151,2971,2026-04-11,Midwest,completed
16152,2857,2025-02-22,Southeast,cancelled
16153,611,2024-04-29,Southwest,completed
16154,78,2025-08-18,Northeast,completed
16155,4361,2025-12-01,Northeast,completed
16156,2641,2025-05-10,Northeast,completed
16157,4944,2025-02-21,West,completed
16158,3567,2025-04-17,Northeast,completed
16159,4244,2026-04-09,Southwest,completed
16160,4971,2026-06-10,West,returned
16161,3320,2025-10-21,Midwest,completed
16162,1039,2026-06-03,Southwest,completed
16163,3597,2025-09-20,Southeast,completed
16164,4484,2026-07-25,Southwest,completed
16165,74,2026-04-23,Southeast,completed
16166,3447,2024-08-28,Northeast,completed
16167,3214,2024-06-16,Southeast,completed
16168,4860,2025-05-05,Southwest,completed
16169,1852,2025-08-17,Northeast,completed
16170,2207,2024-10-01,Midwest,completed
16171,3305,2025-12-11,Southwest,completed
16172,4022,2024-08-16,Southwest,completed
16173,4084,2024-05-01,Southeast,completed
16174,4726,2024-03-21,Midwest,completed
16175,2516,2024-11-07,Southeast,cancelled
16176,4175,2024-11-21,Northeast,returned
16177,331,2024-12-21,Southeast,completed
16178,1818,2026-03-11,West,returned
16179,3055,2024-03-08,Southwest,returned
16180,4778,2026-08-14,Northeast,completed
16181,1805,2025-10-22,Southwest,completed
16182,4580,2025-01-14,West,completed
16183,710,2024-12-31,Northeast,completed
16184,1240,2024-05-15,West,completed
16185,4540,2024-01-25,West,completed
16186,2535,2026-08-09,Northeast,completed
16187,326,2025-09-11,Midwest,completed
16188,3099,2024-06-15,Midwest,completed
16189,2524,2025-05-05,Southeast,completed
16190,2893,2024-06-29,Southwest,completed
16191,1920,2024-02-19,Southwest,cancelled
16192,1276,2025-09-10,West,returned
16193,177,2024-11-16,Southeast,completed
16194,4396,2026-05-30,Northeast,cancelled
16195,3887,2026-07-09,West,completed
16196,2707,2025-12-26,Northeast,completed
16197,1078,2026-03-30,West,completed
16198,1736,2025-07-26,West,cancelled
16199,3054,2025-08-08,West,completed
16200,1743,2025-04-08,Southwest,completed
16201,2688,2024-02-07,Northeast,completed
16202,2638,2025-05-08,West,completed
16203,4327,2024-07-01,Midwest,completed
16204,1697,2026-05-31,Midwest,completed
16205,3368,2026-04-16,Southeast,completed
16206,3851,2025-07-08,Midwest,completed
16207,354,2025-11-26,Southeast,completed
16208,548,2024-01-31,Northeast,completed
16209,333,2025-12-27,West,completed
16210,2082,2025-07-20,West,completed
16211,1398,2025-05-07,Northeast,completed
16212,4046,2025-05-04,Northeast,completed
16213,103,2024-04-13,Southeast,returned
16214,3724,2026-03-02,Northeast,completed
16215,1647,2026-03-17,Southeast,completed
16216,2770,2024-05-02,Northeast,cancelled
16217,2262,2026-02-01,Northeast,completed
16218,4697,2024-08-04,Northeast,completed
16219,4992,2026-04-18,West,completed
16220,624,2024-09-28,Northeast,completed
16221,2359,2026-04-02,West,completed
16222,4670,2025-08-11,Southwest,completed
16223,4389,2025-01-15,West,completed
16224,994,2025-01-04,Northeast,completed
16225,4288,2025-12-12,Southwest,completed
16226,821,2026-08-14,Northeast,completed
16227,4491,2024-03-22,Southeast,completed
16228,1117,2025-11-06,West,completed
16229,2926,2025-02-21,West,completed
16230,596,2025-12-30,West,returned
16231,2326,2026-01-15,Southeast,completed
16232,1077,2026-03-24,Southwest,completed
16233,607,2025-03-13,Southeast,completed
16234,2880,2025-08-29,Northeast,completed
16235,1333,2025-02-08,Northeast,completed
16236,3244,2024-04-04,Northeast,completed
16237,2539,2024-07-24,Southeast,completed
16238,3776,2024-09-28,Southeast,completed
16239,930,2024-08-30,Southwest,completed
16240,1029,2024-09-09,West,completed
16241,3953,2025-01-21,Southeast,completed
16242,4662,2025-08-23,West,cancelled
16243,1705,2024-06-24,Midwest,completed
16244,2550,2025-04-01,West,completed
16245,3005,2025-07-20,Northeast,completed
16246,4090,2024-11-25,West,completed
16247,3418,2026-04-02,West,completed
16248,2984,2024-05-11,West,completed
16249,3658,2024-05-18,Southeast,returned
16250,3994,2024-12-11,Southeast,completed
16251,3536,2026-07-23,West,completed
16252,421,2024-04-18,West,returned
16253,4169,2025-10-08,Northeast,completed
16254,402,2025-08-15,Northeast,completed
16255,769,2026-03-01,Southwest,cancelled
16256,4948,2025-04-26,Midwest,completed
16257,1003,2024-06-01,Midwest,completed
16258,705,2026-05-17,Northeast,completed
16259,4737,2024-02-15,Southeast,completed
16260,4348,2026-08-08,Southwest,completed
16261,2602,2024-07-24,Northeast,completed
16262,674,2024-07-03,Midwest,completed
16263,2488,2025-11-21,Southwest,completed
16264,23,2026-07-06,Southwest,completed
16265,4075,2025-06-16,Midwest,completed
16266,3388,2025-06-19,West,completed
16267,2828,2025-09-25,Northeast,completed
16268,2257,2025-05-16,Midwest,completed
16269,4098,2025-01-07,Northeast,completed
16270,1204,2024-12-06,Midwest,completed
16271,2770,2025-10-03,Northeast,completed
16272,4718,2024-04-23,Northeast,completed
16273,1545,2024-09-07,West,completed
16274,219,2026-06-05,Northeast,completed
16275,833,2024-10-03,Southeast,completed
16276,3669,2025-10-28,Northeast,completed
16277,380,2024-09-04,Northeast,completed
16278,3783,2024-03-29,West,completed
16279,2945,2026-08-07,Southwest,completed
16280,129,2024-05-03,West,completed
16281,4373,2024-07-21,West,returned
16282,1027,2026-03-26,Southeast,completed
16283,1408,2025-07-17,Southwest,completed
16284,3654,2025-01-13,Southwest,completed
16285,2877,2026-04-08,Southeast,completed
16286,2861,2025-07-03,Northeast,completed
16287,2511,2026-06-25,Midwest,completed
16288,3746,2025-11-06,Southwest,cancelled
16289,547,2025-10-02,West,completed
16290,4949,2025-10-06,Midwest,completed
16291,2098,2025-03-20,Southeast,completed
16292,3470,2025-05-28,Midwest,completed
16293,4678,2024-07-20,Midwest,completed
16294,3194,2024-12-03,Southwest,completed
16295,2386,2025-08-11,Southwest,completed
16296,589,2024-05-17,Southwest,returned
16297,2830,2026-01-25,Northeast,completed
16298,160,2025-07-15,West,completed
16299,2858,2025-02-08,Midwest,completed
16300,2419,2024-06-20,West,completed
16301,2273,2025-11-09,Southwest,completed
16302,2435,2024-04-24,West,completed
16303,1586,2025-09-09,West,completed
16304,617,2026-06-18,Midwest,completed
16305,4450,2025-03-05,Northeast,completed
16306,1443,2026-08-01,Midwest,completed
16307,2747,2025-09-02,Midwest,completed
16308,2303,2025-08-10,Southeast,completed
16309,2466,2025-04-10,Southeast,completed
16310,3580,2026-05-21,West,completed
16311,4964,2025-10-04,Northeast,completed
16312,3432,2024-02-07,Northeast,completed
16313,51,2024-02-25,West,completed
16314,4811,2026-02-25,Southeast,completed
16315,455,2024-02-24,Midwest,returned
16316,3507,2025-07-18,Midwest,completed
16317,803,2026-03-01,Midwest,completed
16318,2613,2025-02-01,Northeast,completed
16319,1554,2025-04-28,Southeast,completed
16320,1825,2026-02-20,Southeast,completed
16321,3105,2024-06-30,Midwest,completed
16322,4686,2024-11-19,Southwest,completed
16323,4953,2025-08-22,West,returned
16324,904,2024-09-21,Northeast,completed
16325,1909,2025-05-24,Southwest,completed
16326,1223,2025-08-11,Northeast,completed
16327,1530,2024-02-13,Southwest,completed
16328,2478,2025-01-02,Northeast,completed
16329,4647,2026-03-12,Northeast,completed
16330,2269,2025-11-25,Northeast,completed
16331,3420,2024-12-11,Southwest,completed
16332,1777,2025-08-13,Northeast,completed
16333,2220,2025-09-14,West,completed
16334,584,2025-08-03,Midwest,completed
16335,4607,2026-07-11,Southwest,completed
16336,3408,2025-08-25,West,completed
16337,444,2024-11-20,Northeast,completed
16338,1775,2026-06-28,Midwest,completed
16339,163,2026-01-28,Northeast,completed
16340,1192,2025-09-21,Southeast,completed
16341,1505,2025-02-18,Southeast,completed
16342,4059,2024-04-20,Northeast,completed
16343,3333,2024-05-23,Southwest,completed
16344,4057,2025-12-10,West,completed
16345,4383,2025-07-24,Southwest,completed
16346,1851,2025-05-02,Northeast,returned
16347,2018,2025-05-16,Southeast,returned
16348,4641,2025-03-26,Southwest,completed
16349,3731,2024-07-24,West,completed
16350,4821,2024-12-01,Northeast,completed
16351,2261,2024-01-31,Southeast,completed
16352,3845,2024-12-31,Midwest,completed
16353,1703,2025-12-10,Southeast,completed
16354,1886,2026-01-16,Midwest,completed
16355,1227,2024-05-02,Southwest,completed
16356,3677,2024-10-25,Southeast,cancelled
16357,1907,2025-02-18,Southwest,completed
16358,1462,2024-10-02,West,completed
16359,664,2025-06-12,Southwest,completed
16360,3020,2024-10-29,Southwest,cancelled
16361,2768,2024-10-24,Midwest,completed
16362,3610,2026-02-11,Southwest,completed
16363,3830,2025-12-07,Southwest,completed
16364,2609,2024-04-06,Midwest,completed
16365,225,2024-05-30,Southeast,completed
16366,3209,2024-07-17,Northeast,completed
16367,1297,2026-08-04,West,completed
16368,1178,2025-05-22,Southwest,completed
16369,3232,2025-10-31,Southeast,completed
16370,95,2025-07-31,West,completed
16371,632,2026-07-09,Midwest,completed
16372,3143,2025-12-29,Midwest,completed
16373,2939,2024-04-12,Midwest,completed
16374,789,2024-01-25,West,completed
16375,3507,2025-01-29,Midwest,completed
16376,1510,2026-05-17,West,completed
16377,2323,2026-02-19,Southeast,completed
16378,362,2024-05-02,Southeast,completed
16379,131,2026-05-25,Northeast,completed
16380,1448,2026-02-05,Midwest,completed
16381,2935,2025-01-09,Southwest,completed
16382,4622,2024-03-07,Southeast,completed
16383,2453,2025-04-07,Northeast,completed
16384,158,2024-11-11,Southeast,returned
16385,2064,2025-12-18,West,completed
16386,868,2025-11-18,Northeast,completed
16387,3895,2024-02-02,Southeast,completed
16388,4975,2026-07-14,Midwest,completed
16389,1826,2024-11-21,West,completed
16390,4859,2026-03-27,Southwest,completed
16391,4545,2026-02-02,Southwest,completed
16392,3466,2026-05-28,Northeast,completed
16393,3777,2025-07-18,West,completed
16394,1383,2025-05-04,West,completed
16395,2549,2024-11-28,Northeast,completed
16396,1929,2025-02-14,West,completed
16397,4455,2026-03-24,Southwest,completed
16398,2273,2024-09-23,Southwest,completed
16399,1643,2026-01-09,Southwest,completed
16400,1940,2026-03-10,Southeast,completed
16401,1258,2024-01-13,West,completed
16402,4647,2024-07-07,Northeast,completed
16403,563,2025-02-18,Southeast,completed
16404,3618,2025-03-14,Northeast,returned
16405,4541,2024-04-17,Southwest,completed
16406,2359,2026-03-22,West,completed
16407,1734,2025-10-19,Northeast,completed
16408,205,2025-04-14,Midwest,completed
16409,1734,2026-03-09,Northeast,completed
16410,4969,2024-02-16,Southeast,returned
16411,4597,2026-06-15,West,completed
16412,4190,2026-04-24,Southwest,cancelled
16413,2587,2025-02-09,Midwest,completed
16414,562,2024-04-29,Southeast,completed
16415,366,2025-04-25,Midwest,completed
16416,3712,2025-09-30,Southeast,completed
16417,759,2024-06-10,Southeast,completed
16418,2755,2024-02-04,Northeast,completed
16419,2172,2025-08-16,Midwest,completed
16420,3806,2026-06-27,Southeast,cancelled
16421,1822,2026-02-11,Southwest,completed
16422,222,2024-05-02,Northeast,completed
16423,4021,2025-12-31,Southwest,completed
16424,2835,2025-01-15,Southwest,completed
16425,4375,2025-05-21,Midwest,completed
16426,3833,2025-06-23,Northeast,completed
16427,1269,2025-12-29,Southeast,completed
16428,4826,2025-10-04,Southeast,completed
16429,2044,2025-02-24,Southeast,completed
16430,169,2024-05-20,Midwest,completed
16431,2230,2025-12-07,Northeast,completed
16432,929,2025-04-10,Northeast,completed
16433,4762,2026-04-13,Northeast,cancelled
16434,2956,2024-05-18,Southeast,completed
16435,33,2026-06-23,Northeast,cancelled
16436,4210,2024-04-01,Midwest,completed
16437,1220,2026-04-01,Southwest,cancelled
16438,4993,2026-04-19,Southeast,completed
16439,1443,2025-05-28,Midwest,completed
16440,935,2026-01-01,West,completed
16441,509,2026-06-27,Midwest,completed
16442,2302,2026-07-16,Midwest,completed
16443,1576,2025-01-24,Southeast,cancelled
16444,2024,2024-02-12,Southeast,completed
16445,3529,2025-01-11,Northeast,completed
16446,1906,2024-02-21,Southwest,completed
16447,1004,2025-08-05,Southwest,completed
16448,1355,2024-11-11,Southeast,completed
16449,3559,2025-02-13,Southwest,completed
16450,2484,2025-09-07,Southeast,completed
16451,3338,2024-09-22,Northeast,completed
16452,1219,2026-06-25,Midwest,returned
16453,802,2024-05-29,Southwest,returned
16454,930,2026-02-28,Southwest,completed
16455,4132,2024-01-06,West,completed
16456,4773,2024-07-07,Southeast,completed
16457,702,2024-06-27,West,completed
16458,134,2024-06-08,Midwest,completed
16459,4091,2025-09-11,Southwest,completed
16460,1306,2026-06-10,Southwest,completed
16461,2447,2024-03-02,Midwest,completed
16462,3786,2025-07-03,Southwest,completed
16463,4125,2024-09-04,Southeast,completed
16464,3583,2026-07-04,Midwest,completed
16465,2213,2024-04-04,Northeast,completed
16466,3141,2025-04-03,West,completed
16467,850,2026-03-17,Southeast,cancelled
16468,3548,2025-08-16,Southeast,completed
16469,4255,2025-08-15,Northeast,completed
16470,2103,2024-12-14,Northeast,completed
16471,1149,2025-11-11,Southeast,completed
16472,82,2026-01-23,West,completed
16473,2013,2026-01-26,Midwest,completed
16474,1182,2025-06-21,Northeast,completed
16475,2430,2026-04-01,Northeast,completed
16476,856,2025-04-24,Southwest,completed
16477,1156,2025-10-13,Southwest,completed
16478,1443,2025-03-17,Midwest,returned
16479,661,2026-03-07,Southeast,completed
16480,3849,2024-05-08,Southeast,completed
16481,1137,2025-12-24,Northeast,completed
16482,4695,2025-04-03,Southwest,completed
16483,2707,2025-05-08,Northeast,cancelled
16484,4053,2025-09-22,Northeast,completed
16485,65,2026-03-31,Southwest,completed
16486,3277,2025-06-14,Northeast,completed
16487,1051,2024-12-22,Midwest,completed
16488,2867,2025-05-20,Southwest,completed
16489,4589,2024-03-28,West,completed
16490,4653,2026-06-06,Southwest,completed
16491,3268,2026-01-12,Southeast,completed
16492,3733,2025-04-25,Northeast,completed
16493,3930,2024-09-03,Northeast,completed
16494,915,2024-10-23,Midwest,completed
16495,1138,2025-09-03,West,completed
16496,686,2025-10-29,West,completed
16497,3229,2025-11-06,Southwest,completed
16498,1399,2025-01-15,West,completed
16499,862,2026-04-17,Midwest,completed
16500,4676,2024-09-26,Northeast,completed
16501,4540,2024-10-09,West,completed
16502,1492,2024-05-07,Southeast,completed
16503,262,2025-07-18,Northeast,completed
16504,4872,2025-05-18,Southwest,completed
16505,3878,2024-07-12,Midwest,completed
16506,2435,2024-03-06,West,completed
16507,1282,2026-04-26,Southwest,completed
16508,911,2025-05-11,Southeast,completed
16509,2712,2026-06-08,Midwest,completed
16510,696,2025-05-22,Midwest,completed
16511,1762,2025-10-29,Northeast,completed
16512,4026,2026-02-07,Midwest,completed
16513,1990,2026-05-23,Southwest,completed
16514,4020,2024-02-11,West,completed
16515,4588,2026-05-23,Southwest,cancelled
16516,3142,2024-02-19,Midwest,returned
16517,3828,2024-12-20,Midwest,completed
16518,2189,2026-04-22,Southeast,completed
16519,3270,2025-02-09,West,completed
16520,2936,2026-03-03,West,completed
16521,4755,2025-10-24,Southwest,completed
16522,4032,2025-06-25,Southeast,completed
16523,309,2025-02-21,Southeast,completed
16524,4233,2025-05-14,Southeast,completed
16525,4949,2025-11-13,Midwest,completed
16526,3330,2026-08-22,Midwest,completed
16527,1212,2026-08-16,Northeast,completed
16528,2305,2025-10-17,Southeast,completed
16529,3198,2026-01-13,Midwest,completed
16530,2702,2025-03-25,West,completed
16531,3963,2026-01-06,Southwest,completed
16532,944,2025-09-04,Midwest,completed
16533,3208,2025-06-27,Midwest,completed
16534,4193,2025-06-10,Midwest,returned
16535,3520,2026-08-08,West,completed
16536,4316,2024-02-20,Southeast,completed
16537,1328,2025-03-15,Southeast,completed
16538,2084,2024-03-31,Midwest,completed
16539,4845,2024-05-21,Southeast,completed
16540,4670,2025-11-04,Southwest,completed
16541,784,2025-09-09,Southeast,completed
16542,3674,2024-05-29,West,completed
16543,3328,2024-12-26,Northeast,completed
16544,4857,2025-12-27,Southwest,completed
16545,220,2025-05-28,Northeast,completed
16546,4028,2025-04-02,West,completed
16547,662,2024-04-02,Midwest,completed
16548,4857,2024-08-02,Southwest,completed
16549,3489,2026-06-29,Midwest,cancelled
16550,3881,2025-10-28,Southwest,completed
16551,4961,2025-12-21,Midwest,completed
16552,954,2026-08-05,Northeast,completed
16553,323,2026-08-15,West,completed
16554,1653,2026-02-23,West,completed
16555,1828,2025-10-03,Midwest,completed
16556,621,2024-12-19,Midwest,completed
16557,618,2026-05-27,Midwest,returned
16558,3496,2025-06-28,Southeast,completed
16559,1069,2025-05-05,West,completed
16560,667,2024-08-26,Southeast,cancelled
16561,3051,2024-09-03,Midwest,returned
16562,1616,2025-09-04,Southwest,completed
16563,3561,2024-10-29,West,completed
16564,4857,2025-02-12,Southwest,completed
16565,202,2025-11-18,Southeast,completed
16566,1741,2024-06-12,West,completed
16567,4156,2026-04-24,Southwest,completed
16568,2711,2024-11-10,Southeast,completed
16569,1367,2025-07-10,West,completed
16570,305,2024-06-13,Southeast,completed
16571,4013,2026-07-25,Midwest,completed
16572,3105,2024-04-09,Midwest,completed
16573,4204,2025-07-16,Southeast,completed
16574,4972,2024-04-21,West,completed
16575,4311,2026-04-20,West,completed
16576,155,2025-09-25,Northeast,completed
16577,1670,2025-10-25,Southwest,returned
16578,344,2024-08-15,West,completed
16579,2069,2025-09-14,West,completed
16580,1500,2024-09-12,Southwest,completed
16581,2393,2026-01-26,Southwest,completed
16582,825,2024-02-16,Southeast,completed
16583,1300,2025-10-19,Midwest,completed
16584,1796,2024-06-07,Northeast,completed
16585,2027,2024-01-12,West,completed
16586,494,2025-01-06,Southwest,completed
16587,563,2025-02-02,Southeast,completed
16588,1664,2024-10-22,Southwest,completed
16589,3864,2025-10-12,West,completed
16590,1767,2026-06-28,Midwest,completed
16591,1025,2024-03-28,Southwest,completed
16592,3611,2024-01-05,Northeast,completed
16593,392,2026-08-06,Southeast,cancelled
16594,1807,2026-01-03,West,returned
16595,820,2026-02-08,West,completed
16596,402,2026-04-10,Northeast,completed
16597,4945,2025-11-09,Northeast,completed
16598,4851,2025-06-01,Midwest,completed
16599,1964,2025-09-01,Southeast,returned
16600,4092,2024-09-03,Midwest,completed
16601,134,2026-02-01,Midwest,completed
16602,614,2025-02-20,Northeast,returned
16603,3026,2024-06-26,Southeast,completed
16604,561,2024-06-28,Southeast,completed
16605,2844,2025-08-14,Northeast,completed
16606,345,2026-04-02,Midwest,cancelled
16607,3947,2026-07-03,Northeast,completed
16608,1407,2024-02-11,Midwest,completed
16609,4240,2024-01-15,Northeast,completed
16610,2619,2025-09-12,Southeast,completed
16611,4992,2024-01-29,West,completed
16612,3412,2026-04-10,Midwest,completed
16613,4831,2025-09-05,West,completed
16614,1681,2025-11-11,West,cancelled
16615,3081,2025-02-26,Midwest,returned
16616,4811,2026-02-21,Southeast,completed
16617,3683,2024-10-26,Southwest,completed
16618,3881,2025-12-04,Southwest,completed
16619,3139,2026-02-14,Southeast,completed
16620,3837,2026-04-02,Southeast,completed
16621,669,2024-08-28,West,completed
16622,4657,2025-06-29,Midwest,completed
16623,3968,2024-07-16,Northeast,completed
16624,717,2025-12-01,Midwest,cancelled
16625,1822,2025-06-28,Southwest,completed
16626,3172,2025-02-07,Southwest,completed
16627,4095,2026-05-06,Southwest,completed
16628,3118,2025-03-24,Southwest,completed
16629,820,2025-06-28,West,completed
16630,2341,2026-01-28,Midwest,completed
16631,4608,2024-09-12,Northeast,completed
16632,4129,2024-03-19,Northeast,completed
16633,2594,2024-02-12,Midwest,completed
16634,1970,2025-06-27,Southeast,completed
16635,3977,2024-09-12,Northeast,completed
16636,4784,2024-11-19,Southeast,completed
16637,1124,2025-09-05,Northeast,returned
16638,1949,2024-06-04,Southeast,returned
16639,1796,2024-03-06,Northeast,completed
16640,130,2024-10-02,Southeast,completed
16641,2512,2025-11-08,Midwest,completed
16642,3766,2024-10-04,West,completed
16643,990,2025-07-07,Midwest,completed
16644,3579,2024-05-13,Southwest,completed
16645,427,2025-10-09,Midwest,completed
16646,2658,2025-03-09,Northeast,completed
16647,386,2025-12-21,Southwest,completed
16648,465,2024-07-20,Midwest,completed
16649,1186,2024-10-30,West,completed
16650,4349,2025-08-24,Midwest,completed
16651,3272,2024-06-29,Southeast,completed
16652,618,2024-05-02,Midwest,completed
16653,4836,2024-10-03,Southeast,completed
16654,362,2025-07-11,Southeast,completed
16655,679,2024-10-29,Northeast,completed
16656,3378,2024-10-03,Southwest,completed
16657,4603,2025-12-29,West,completed
16658,3981,2025-05-12,Midwest,completed
16659,2728,2026-06-14,Southwest,completed
16660,2055,2025-03-23,West,completed
16661,3794,2026-02-13,Midwest,cancelled
16662,2989,2024-09-30,Southwest,completed
16663,3034,2025-02-17,Southeast,completed
16664,4576,2024-05-30,Southeast,completed
16665,554,2024-07-22,Northeast,completed
16666,4706,2026-01-17,Midwest,completed
16667,3802,2024-07-20,Southeast,completed
16668,2483,2026-07-16,Southeast,completed
16669,1629,2026-01-07,Northeast,completed
16670,1762,2024-05-29,Northeast,completed
16671,2011,2025-01-07,Southeast,completed
16672,2727,2024-12-31,Southwest,completed
16673,561,2026-04-20,Southeast,completed
16674,3305,2024-04-20,Southwest,completed
16675,3689,2026-07-31,Southwest,completed
16676,3701,2025-03-22,Southeast,completed
16677,3292,2024-01-02,Southeast,completed
16678,3771,2025-10-15,Southeast,completed
16679,4821,2024-11-12,Northeast,completed
16680,4616,2026-04-28,West,completed
16681,4170,2026-04-25,Midwest,cancelled
16682,1778,2024-06-29,West,cancelled
16683,899,2025-03-23,Midwest,completed
16684,4314,2025-09-27,Northeast,completed
16685,4713,2025-02-26,Northeast,completed
16686,2927,2025-05-31,Northeast,completed
16687,4933,2024-10-25,Midwest,completed
16688,2583,2024-11-06,Northeast,completed
16689,4453,2025-07-27,Southwest,completed
16690,21,2024-05-28,West,completed
16691,1122,2024-10-24,Southwest,completed
16692,3371,2025-03-13,Southwest,completed
16693,4203,2025-12-31,Southwest,completed
16694,2611,2024-02-06,Southwest,completed
16695,2743,2025-02-11,Southwest,completed
16696,1105,2025-08-05,Southwest,completed
16697,1862,2024-10-20,Northeast,completed
16698,3392,2024-04-02,Midwest,completed
16699,957,2025-06-23,Southwest,completed
16700,3997,2025-12-02,Midwest,completed
16701,1738,2025-06-25,West,completed
16702,174,2025-08-22,Midwest,completed
16703,141,2025-11-29,Southeast,completed
16704,2908,2026-06-01,Northeast,completed
16705,1833,2024-12-24,Midwest,completed
16706,2139,2024-03-25,Southwest,completed
16707,3915,2026-07-24,Midwest,completed
16708,3946,2025-01-12,Southwest,completed
16709,933,2025-07-28,Southwest,completed
16710,693,2025-11-29,Southwest,completed
16711,292,2025-07-11,Midwest,completed
16712,3796,2025-09-01,Southwest,returned
16713,2831,2024-10-02,Southeast,completed
16714,2222,2025-09-07,Northeast,cancelled
16715,4705,2024-11-08,Midwest,completed
16716,4074,2026-08-19,Southwest,returned
16717,1045,2025-06-25,Midwest,completed
16718,2593,2025-05-10,Northeast,completed
16719,2798,2025-05-29,Southeast,completed
16720,37,2024-11-15,Northeast,returned
16721,1427,2024-02-04,Midwest,completed
16722,4626,2024-02-15,Southwest,completed
16723,4871,2025-09-01,Northeast,completed
16724,245,2024-05-29,Southwest,completed
16725,2424,2024-04-22,Southeast,completed
16726,4991,2025-06-13,Southwest,completed
16727,658,2025-04-13,Midwest,completed
16728,4478,2025-04-11,West,completed
16729,1407,2025-04-10,Midwest,completed
16730,3106,2024-06-30,Midwest,completed
16731,4603,2024-05-16,West,completed
16732,939,2026-04-18,Southwest,completed
16733,655,2026-06-01,Southeast,completed
16734,901,2025-07-24,Southeast,completed
16735,4937,2026-04-02,West,completed
16736,3108,2025-07-07,West,completed
16737,1622,2024-07-02,Southeast,completed
16738,2851,2025-08-18,Midwest,cancelled
16739,2949,2025-09-01,Midwest,completed
16740,2781,2025-10-07,Southeast,completed
16741,1337,2025-09-12,West,completed
16742,4627,2024-02-10,West,completed
16743,1026,2025-03-30,West,completed
16744,1015,2024-04-14,Southwest,completed
16745,66,2025-04-29,Southwest,completed
16746,2828,2024-07-28,Northeast,completed
16747,1757,2024-12-15,Midwest,completed
16748,453,2026-04-27,Northeast,completed
16749,4520,2026-05-29,Southwest,completed
16750,487,2026-04-22,Southwest,cancelled
16751,1944,2024-08-12,Southwest,completed
16752,2063,2026-06-27,West,completed
16753,1894,2024-09-08,Midwest,completed
16754,308,2026-04-25,Southeast,completed
16755,702,2026-05-25,West,completed
16756,2008,2025-11-11,Midwest,completed
16757,4566,2024-02-23,Southeast,completed
16758,329,2025-08-22,Southeast,completed
16759,147,2026-03-30,Southwest,completed
16760,576,2026-05-18,Midwest,completed
16761,510,2026-01-20,Southwest,completed
16762,4193,2025-09-18,Midwest,completed
16763,282,2024-09-02,Northeast,completed
16764,3784,2025-07-26,West,completed
16765,4110,2024-08-11,Southeast,completed
16766,61,2025-08-11,Midwest,completed
16767,3457,2026-07-10,Southwest,completed
16768,4432,2024-10-15,West,completed
16769,1547,2024-08-10,Northeast,completed
16770,2852,2025-09-18,Midwest,completed
16771,3727,2024-07-29,West,completed
16772,1102,2025-10-01,Southwest,completed
16773,2231,2024-10-19,Midwest,completed
16774,1284,2025-11-23,Southwest,completed
16775,4957,2025-10-08,West,completed
16776,938,2025-05-11,West,completed
16777,2937,2024-07-05,West,completed
16778,1614,2024-06-23,Southwest,completed
16779,1968,2025-01-15,West,completed
16780,4893,2026-01-10,Southwest,completed
16781,3175,2026-06-12,West,completed
16782,2103,2024-10-01,Northeast,completed
16783,109,2025-07-21,West,completed
16784,3376,2025-10-06,Southeast,completed
16785,1840,2026-08-21,West,completed
16786,3460,2025-01-30,Midwest,completed
16787,4808,2026-01-27,Northeast,completed
16788,1962,2025-01-15,Southeast,completed
16789,2904,2025-07-01,Southeast,completed
16790,4876,2025-04-28,Midwest,completed
16791,2271,2025-07-01,West,completed
16792,3416,2024-12-17,Northeast,completed
16793,27,2025-04-03,Northeast,completed
16794,1859,2024-09-22,Northeast,completed
16795,4622,2026-07-28,Southeast,completed
16796,2152,2024-10-01,Northeast,completed
16797,1412,2025-03-27,Southeast,completed
16798,4990,2024-06-02,Northeast,completed
16799,3640,2025-09-28,Southwest,cancelled
16800,1939,2025-08-23,Southeast,completed
16801,3866,2024-09-19,Midwest,returned
16802,2648,2026-01-16,Midwest,completed
16803,3653,2026-07-05,Southeast,returned
16804,1877,2024-09-02,Northeast,completed
16805,2499,2025-09-13,Southwest,completed
16806,1819,2025-01-10,Midwest,completed
16807,554,2024-11-14,Northeast,completed
16808,2876,2024-03-12,Southeast,completed
16809,4820,2024-12-05,Northeast,completed
16810,1801,2025-03-04,Northeast,completed
16811,4874,2025-02-01,Midwest,cancelled
16812,3140,2026-05-13,Southeast,completed
16813,75,2024-02-08,Midwest,completed
16814,2602,2025-11-26,Northeast,completed
16815,152,2024-04-13,Midwest,completed
16816,282,2026-03-04,Northeast,completed
16817,1277,2024-11-02,Southwest,completed
16818,4889,2025-01-17,Southwest,cancelled
16819,4641,2026-08-10,Southwest,completed
16820,2739,2026-03-18,Southwest,completed
16821,2534,2025-01-01,West,completed
16822,1143,2026-02-26,West,completed
16823,3035,2025-12-26,Southwest,completed
16824,1719,2025-09-23,Southwest,completed
16825,2189,2025-10-08,Southeast,completed
16826,3358,2025-05-14,Northeast,completed
16827,2021,2025-02-14,Midwest,completed
16828,1946,2024-11-16,Midwest,cancelled
16829,2354,2024-02-24,Northeast,cancelled
16830,3611,2024-02-20,Northeast,completed
16831,2234,2026-03-30,Northeast,completed
16832,1584,2025-09-20,West,completed
16833,3331,2024-07-02,Southwest,completed
16834,4257,2026-02-28,West,completed
16835,3051,2024-05-18,Midwest,completed
16836,2853,2024-09-21,Southeast,completed
16837,4729,2026-05-28,Southeast,completed
16838,632,2024-04-23,Midwest,completed
16839,2599,2025-12-09,West,completed
16840,2398,2024-09-08,Southwest,completed
16841,1532,2024-11-07,Southeast,completed
16842,1237,2026-08-19,Northeast,completed
16843,4711,2026-05-11,West,completed
16844,1344,2025-02-01,Midwest,completed
16845,4188,2024-11-09,West,returned
16846,3445,2026-07-09,Northeast,completed
16847,3042,2026-07-21,Southeast,completed
16848,4075,2025-07-25,Midwest,completed
16849,825,2024-04-11,Southeast,completed
16850,3620,2024-01-06,Southwest,completed
16851,3797,2026-08-14,Northeast,completed
16852,1575,2024-12-29,Northeast,completed
16853,1949,2024-07-14,Southeast,completed
16854,4189,2025-11-22,Southeast,completed
16855,2396,2025-05-12,Southwest,completed
16856,3732,2025-04-25,Southwest,completed
16857,4824,2026-02-15,Midwest,completed
16858,4735,2025-04-19,West,completed
16859,1869,2026-08-09,Southwest,completed
16860,1412,2024-11-10,Southeast,returned
16861,2635,2026-07-03,Southeast,completed
16862,984,2024-11-21,Southeast,completed
16863,2525,2026-02-17,Southeast,completed
16864,4849,2024-09-07,West,completed
16865,142,2024-05-10,Northeast,completed
16866,3994,2025-08-04,Southeast,completed
16867,3083,2025-02-04,Southwest,completed
16868,2893,2025-08-11,Southwest,completed
16869,3940,2024-07-26,Midwest,completed
16870,1813,2024-08-27,Southwest,completed
16871,3468,2026-06-27,West,cancelled
16872,4827,2024-01-20,Southwest,completed
16873,2882,2024-04-05,Midwest,completed
16874,2129,2026-08-13,Southeast,completed
16875,44,2026-01-02,Southeast,completed
16876,1143,2026-01-10,West,completed
16877,2809,2025-11-16,West,completed
16878,1608,2026-05-24,Northeast,completed
16879,885,2024-11-06,Southeast,completed
16880,4937,2024-07-13,West,completed
16881,831,2026-04-19,Southwest,completed
16882,1786,2024-11-13,Southeast,completed
16883,4427,2025-09-06,Midwest,completed
16884,2129,2026-03-16,Southeast,completed
16885,2860,2025-09-17,Southeast,completed
16886,761,2025-04-20,Northeast,completed
16887,4182,2026-07-22,Southeast,completed
16888,4397,2026-03-04,Southwest,completed
16889,4964,2026-01-11,Northeast,completed
16890,4784,2024-10-27,Southeast,completed
16891,3281,2025-11-28,West,completed
16892,4269,2025-01-21,Southwest,completed
16893,506,2025-04-22,Midwest,completed
16894,4308,2025-01-24,Southeast,completed
16895,1586,2024-05-23,West,completed
16896,4892,2024-03-29,Midwest,completed
16897,3082,2026-06-29,Northeast,completed
16898,3960,2024-10-05,Northeast,completed
16899,2045,2025-05-06,West,completed
16900,1743,2025-08-22,Southwest,completed
16901,437,2024-06-10,West,completed
16902,2521,2025-12-17,Southwest,completed
16903,4018,2025-03-20,Midwest,completed
16904,3862,2026-08-24,Midwest,completed
16905,2498,2026-06-01,West,completed
16906,729,2026-04-11,West,completed
16907,2043,2026-04-11,Midwest,completed
16908,3245,2024-04-07,Northeast,completed
16909,2992,2026-08-15,Southeast,completed
16910,4925,2026-05-06,Midwest,returned
16911,4966,2026-06-26,Midwest,completed
16912,4296,2026-06-08,West,completed
16913,60,2024-03-11,Northeast,completed
16914,147,2024-05-13,Southwest,completed
16915,4046,2026-04-02,Northeast,completed
16916,3102,2025-09-29,West,completed
16917,4898,2025-04-09,West,completed
16918,4228,2024-09-24,Northeast,completed
16919,3233,2024-11-25,Midwest,completed
16920,2017,2025-03-28,Northeast,completed
16921,868,2025-06-21,Northeast,cancelled
16922,488,2024-12-18,Southwest,returned
16923,1189,2026-06-18,Southwest,completed
16924,1606,2024-12-05,Southwest,completed
16925,1951,2024-08-18,Midwest,completed
16926,715,2024-07-09,Midwest,completed
16927,4957,2026-05-18,West,completed
16928,1305,2025-12-23,Southwest,completed
16929,3024,2024-02-25,Northeast,completed
16930,2725,2026-07-12,Southwest,cancelled
16931,3765,2025-01-30,Northeast,completed
16932,3771,2026-01-17,Southeast,completed
16933,3148,2024-09-19,West,completed
16934,2488,2025-05-09,Southwest,completed
16935,1814,2024-03-20,Midwest,completed
16936,266,2024-03-13,Northeast,cancelled
16937,813,2025-02-05,Southwest,completed
16938,395,2026-07-21,West,completed
16939,4576,2026-03-10,Southeast,completed
16940,1332,2024-11-26,Midwest,completed
16941,4663,2026-07-05,West,completed
16942,3125,2025-02-21,Southwest,completed
16943,961,2024-12-05,Southeast,returned
16944,2476,2026-01-23,Southeast,cancelled
16945,1632,2024-08-17,Midwest,completed
16946,4646,2024-04-11,Northeast,completed
16947,3638,2024-05-25,West,completed
16948,3197,2026-08-20,Northeast,completed
16949,4788,2026-03-11,Northeast,completed
16950,4611,2025-10-11,Northeast,returned
16951,2563,2024-03-19,Southeast,completed
16952,4009,2024-12-09,Southeast,completed
16953,3567,2024-11-23,Northeast,completed
16954,4997,2024-07-31,Southwest,completed
16955,2949,2024-11-29,Midwest,completed
16956,721,2024-04-17,Midwest,completed
16957,2735,2025-08-09,Midwest,completed
16958,235,2025-04-05,West,completed
16959,4495,2025-02-27,Northeast,completed
16960,4302,2024-09-27,Northeast,completed
16961,3287,2025-07-10,Northeast,completed
16962,1467,2026-08-16,Midwest,completed
16963,964,2024-05-31,Southeast,completed
16964,307,2024-06-20,Southeast,completed
16965,4084,2025-09-23,Southeast,completed
16966,1316,2025-12-23,Southwest,completed
16967,2161,2024-07-21,Southeast,completed
16968,1265,2024-08-07,Southeast,completed
16969,1984,2025-01-08,West,completed
16970,1733,2025-04-30,Midwest,completed
16971,2903,2026-01-02,Southeast,completed
16972,281,2024-07-08,West,completed
16973,1752,2026-01-22,Northeast,completed
16974,1250,2024-01-05,Midwest,completed
16975,4048,2025-03-16,Northeast,completed
16976,896,2025-02-01,West,completed
16977,3541,2026-01-22,Northeast,completed
16978,3920,2025-02-18,Southeast,completed
16979,3858,2026-02-10,Northeast,completed
16980,1737,2025-02-10,Southeast,completed
16981,2701,2024-02-13,West,completed
16982,2821,2024-12-01,Northeast,completed
16983,38,2024-02-29,Northeast,completed
16984,4531,2024-12-02,Southeast,completed
16985,2496,2025-10-22,Northeast,completed
16986,3125,2024-10-28,Southwest,completed
16987,4695,2025-08-19,Southwest,completed
16988,3732,2026-04-21,Southwest,completed
16989,977,2024-07-14,Midwest,cancelled
16990,1637,2026-01-21,West,completed
16991,2705,2025-02-13,West,completed
16992,4273,2026-04-26,Southwest,completed
16993,403,2025-02-07,West,completed
16994,4265,2026-01-19,Midwest,completed
16995,3090,2026-08-16,Southeast,completed
16996,2323,2024-07-12,Southeast,completed
16997,1341,2024-01-24,West,completed
16998,2483,2026-05-18,Southeast,completed
16999,3437,2024-11-30,Southwest,completed
17000,3611,2026-08-13,Northeast,completed
17001,4319,2024-06-16,West,completed
17002,1752,2025-11-11,Northeast,completed
17003,924,2025-09-09,Southwest,completed
17004,2655,2024-11-27,West,completed
17005,3551,2026-01-09,West,completed
17006,3522,2026-05-03,Southeast,completed
17007,444,2025-06-01,Northeast,cancelled
17008,2449,2025-12-02,Southwest,completed
17009,3448,2025-08-12,Southeast,cancelled
17010,4332,2024-03-16,West,completed
17011,4320,2024-08-01,Southeast,completed
17012,4893,2024-04-02,Southwest,completed
17013,547,2026-04-16,West,completed
17014,2092,2025-05-19,Southeast,completed
17015,1565,2025-03-17,Northeast,completed
17016,818,2025-12-13,Southeast,completed
17017,1362,2025-05-16,West,completed
17018,290,2026-02-07,Midwest,completed
17019,1036,2026-03-18,Southwest,returned
17020,161,2024-02-25,Southwest,completed
17021,919,2024-11-11,Southwest,completed
17022,4952,2026-07-24,West,completed
17023,2210,2025-01-22,Southeast,completed
17024,2678,2026-02-11,Southwest,completed
17025,4474,2025-07-19,West,completed
17026,2881,2024-02-20,Northeast,completed
17027,730,2026-01-12,Midwest,completed
17028,428,2026-04-22,Northeast,completed
17029,4686,2026-06-09,Southwest,completed
17030,190,2024-02-21,Southeast,completed
17031,736,2024-02-05,Southwest,completed
17032,4396,2024-03-03,Northeast,returned
17033,1769,2024-08-19,Southwest,completed
17034,4950,2026-03-24,Northeast,completed
17035,68,2024-07-21,Midwest,completed
17036,2566,2025-06-09,Midwest,completed
17037,948,2024-06-24,Midwest,completed
17038,4110,2024-06-03,Southeast,completed
17039,73,2025-02-18,West,completed
17040,4211,2024-11-21,Midwest,completed
17041,4309,2025-09-28,West,completed
17042,2133,2024-12-26,Southeast,completed
17043,3542,2026-03-23,Northeast,completed
17044,242,2024-07-05,Southeast,completed
17045,4864,2024-02-22,Northeast,returned
17046,2142,2026-03-02,West,completed
17047,1833,2025-12-15,Midwest,completed
17048,1391,2024-12-21,Midwest,completed
17049,3434,2026-06-26,Southwest,cancelled
17050,4981,2024-12-08,Northeast,completed
17051,3451,2025-04-09,Midwest,completed
17052,2710,2025-02-25,Southwest,completed
17053,738,2024-11-11,Northeast,completed
17054,4929,2025-12-20,Southeast,completed
17055,4632,2025-05-17,Midwest,completed
17056,4184,2026-07-03,Southeast,completed
17057,181,2026-04-24,Southwest,completed
17058,1376,2026-05-14,Southeast,completed
17059,3355,2026-08-22,Midwest,completed
17060,1777,2025-04-23,Northeast,completed
17061,1636,2024-08-10,Southeast,completed
17062,1685,2025-02-25,Northeast,completed
17063,195,2024-08-13,Southwest,completed
17064,1192,2026-04-18,Southeast,returned
17065,776,2024-03-08,Southeast,completed
17066,4053,2025-04-12,Northeast,completed
17067,4461,2024-07-12,Midwest,completed
17068,415,2024-10-15,West,cancelled
17069,556,2025-12-25,Southwest,completed
17070,569,2025-10-05,Midwest,completed
17071,3299,2025-11-08,Southeast,completed
17072,3969,2026-01-28,Southeast,returned
17073,491,2025-06-05,Midwest,completed
17074,4821,2024-02-26,Northeast,returned
17075,2641,2025-03-10,Northeast,completed
17076,1815,2024-10-04,Southwest,completed
17077,2287,2025-04-12,Southwest,completed
17078,724,2025-10-27,Northeast,completed
17079,3861,2025-10-16,Southeast,returned
17080,1364,2024-11-14,West,completed
17081,2399,2025-05-11,Midwest,completed
17082,3198,2025-02-13,Midwest,returned
17083,681,2024-02-29,West,completed
17084,1269,2025-01-12,Southeast,completed
17085,813,2025-01-29,Southwest,cancelled
17086,799,2026-05-09,Southeast,completed
17087,4686,2026-03-11,Southwest,completed
17088,4973,2024-06-27,West,completed
17089,1740,2024-08-05,Midwest,completed
17090,157,2026-03-21,Southwest,returned
17091,3087,2024-02-04,Midwest,completed
17092,1234,2025-05-28,Southwest,completed
17093,1639,2024-06-19,Northeast,returned
17094,2870,2024-05-18,West,completed
17095,4191,2026-03-31,West,completed
17096,1954,2025-01-08,Southwest,completed
17097,4052,2024-12-13,Midwest,completed
17098,3729,2024-03-21,Southeast,completed
17099,3324,2024-11-09,West,completed
17100,1460,2026-02-04,Northeast,completed
17101,4560,2025-06-11,Southeast,completed
17102,3634,2025-10-27,West,completed
17103,3926,2025-04-09,Northeast,completed
17104,1223,2026-03-10,Northeast,completed
17105,2946,2024-02-09,West,completed
17106,1861,2026-05-20,West,completed
17107,3056,2026-02-11,Northeast,completed
17108,2126,2026-03-04,West,completed
17109,873,2025-02-04,Southeast,completed
17110,4520,2025-11-25,Southwest,completed
17111,4788,2025-07-30,Northeast,completed
17112,1316,2025-08-29,Southwest,completed
17113,251,2025-06-14,Southeast,completed
17114,490,2026-02-10,Southeast,completed
17115,1521,2024-12-03,Southeast,completed
17116,1585,2025-08-14,West,returned
17117,2660,2025-03-03,Southeast,completed
17118,386,2024-09-17,Southwest,completed
17119,547,2025-02-10,West,completed
17120,2649,2025-09-15,Northeast,completed
17121,2512,2025-10-01,Midwest,completed
17122,2715,2024-01-07,Southeast,completed
17123,2210,2025-06-22,Southeast,completed
17124,924,2025-10-23,Southwest,completed
17125,4733,2025-08-07,Southeast,returned
17126,3379,2024-11-07,Midwest,completed
17127,4713,2026-04-08,Northeast,completed
17128,1137,2025-06-04,Northeast,completed
17129,4060,2024-05-27,Midwest,returned
17130,4773,2024-04-16,Southeast,completed
17131,584,2025-03-21,Midwest,completed
17132,3082,2025-09-26,Northeast,completed
17133,3469,2024-04-25,Southeast,cancelled
17134,2383,2024-10-23,Southeast,completed
17135,2107,2026-05-17,Southwest,completed
17136,4078,2024-06-14,Southeast,completed
17137,1578,2026-04-03,West,completed
17138,4031,2025-12-10,West,completed
17139,3605,2026-04-25,Midwest,returned
17140,2663,2026-08-21,Midwest,completed
17141,3807,2024-08-12,West,completed
17142,4801,2025-11-04,Northeast,completed
17143,4985,2025-04-30,West,completed
17144,1128,2026-01-07,Northeast,completed
17145,227,2026-05-26,Southwest,completed
17146,4763,2024-11-24,Southwest,completed
17147,1240,2026-05-28,West,completed
17148,967,2025-07-27,West,completed
17149,1496,2024-09-20,Southeast,completed
17150,1322,2025-12-18,West,completed
17151,2567,2025-03-16,Southwest,completed
17152,1819,2025-07-26,Midwest,completed
17153,100,2025-06-26,Southeast,completed
17154,1178,2025-05-17,Southwest,cancelled
17155,4232,2025-06-23,Northeast,completed
17156,2446,2025-03-29,Southeast,completed
17157,2205,2024-09-29,Northeast,completed
17158,1882,2024-01-30,Southeast,completed
17159,1719,2025-01-10,Southwest,completed
17160,3994,2026-06-08,Southeast,completed
17161,2976,2024-11-05,Northeast,completed
17162,3836,2026-06-25,Southwest,completed
17163,516,2025-05-09,Northeast,completed
17164,330,2024-08-12,West,completed
17165,4398,2026-05-08,Midwest,cancelled
17166,1120,2025-10-23,Southwest,completed
17167,2003,2024-12-05,Northeast,completed
17168,2521,2025-02-16,Southwest,completed
17169,2056,2024-03-12,Southwest,completed
17170,4792,2025-04-13,Northeast,returned
17171,865,2026-04-28,Midwest,completed
17172,4655,2025-04-01,West,completed
17173,3460,2024-08-05,Midwest,cancelled
17174,610,2024-11-05,Southeast,completed
17175,4811,2026-02-24,Southeast,completed
17176,794,2024-01-31,Southwest,completed
17177,3591,2024-04-23,Northeast,completed
17178,2470,2024-08-03,Northeast,completed
17179,1857,2024-10-09,Southeast,completed
17180,1105,2025-01-07,Southwest,completed
17181,3816,2024-07-22,Midwest,completed
17182,4551,2024-09-18,West,completed
17183,4155,2026-07-15,West,completed
17184,377,2024-06-18,Southwest,completed
17185,322,2026-06-18,Southwest,completed
17186,3986,2025-04-10,Midwest,completed
17187,1187,2025-01-20,West,cancelled
17188,4204,2026-03-25,Southeast,completed
17189,2918,2024-01-01,Southwest,completed
17190,1885,2026-01-06,Northeast,completed
17191,1413,2024-12-05,Southeast,completed
17192,2899,2024-06-18,West,completed
17193,4662,2025-01-28,West,completed
17194,378,2026-04-21,West,returned
17195,3547,2026-05-10,Southwest,completed
17196,2045,2026-07-08,West,completed
17197,1672,2025-04-07,Southeast,completed
17198,4915,2024-05-14,Southeast,completed
17199,4032,2026-01-04,Southeast,completed
17200,2940,2025-03-04,West,completed
17201,3778,2024-03-07,Northeast,completed
17202,483,2026-05-24,Southeast,completed
17203,1969,2024-04-26,Northeast,completed
17204,3089,2024-08-22,Northeast,completed
17205,511,2025-08-14,West,completed
17206,4532,2025-05-10,Northeast,completed
17207,1822,2024-06-16,Southwest,completed
17208,2846,2025-12-03,West,completed
17209,2891,2024-08-26,Southwest,completed
17210,4184,2024-08-26,Southeast,completed
17211,1058,2025-10-09,West,completed
17212,2140,2024-03-18,Southwest,completed
17213,4093,2026-04-19,Southwest,completed
17214,1847,2024-10-09,Southeast,cancelled
17215,4540,2025-07-27,West,returned
17216,1979,2024-02-19,Southwest,completed
17217,3306,2026-01-13,West,completed
17218,4294,2024-12-29,Southwest,completed
17219,504,2024-01-08,Southeast,completed
17220,128,2024-05-21,Northeast,completed
17221,470,2026-07-08,Southeast,completed
17222,3339,2025-03-05,West,completed
17223,3165,2024-07-23,Northeast,returned
17224,117,2026-03-21,Southwest,completed
17225,4454,2024-05-12,Northeast,completed
17226,599,2025-10-10,Southwest,completed
17227,1339,2026-02-04,Southwest,completed
17228,2148,2024-04-17,West,completed
17229,4841,2025-07-14,Northeast,completed
17230,272,2024-02-10,Midwest,completed
17231,2247,2024-01-29,Midwest,completed
17232,167,2024-06-14,West,cancelled
17233,4664,2026-04-19,Southwest,completed
17234,1591,2025-06-01,West,completed
17235,1754,2025-07-12,Southwest,completed
17236,675,2024-12-05,West,completed
17237,3114,2025-06-30,Northeast,completed
17238,2999,2025-01-07,West,completed
17239,2193,2025-11-27,Southwest,completed
17240,1301,2024-12-14,Southwest,completed
17241,1011,2025-06-15,Southeast,completed
17242,4027,2024-07-31,Southeast,returned
17243,3459,2024-04-14,Midwest,completed
17244,963,2026-07-02,Midwest,returned
17245,1104,2026-08-02,Midwest,completed
17246,1941,2024-06-25,West,completed
17247,3061,2025-05-12,Southeast,completed
17248,1593,2024-12-15,West,completed
17249,4431,2024-04-23,Southwest,completed
17250,4495,2025-02-17,Northeast,cancelled
17251,4672,2025-11-09,Northeast,completed
17252,240,2024-08-19,Midwest,completed
17253,4326,2024-02-01,Midwest,completed
17254,2378,2024-10-24,Midwest,completed
17255,4925,2026-07-25,Midwest,completed
17256,2478,2024-05-25,Northeast,completed
17257,1422,2025-10-18,Southwest,completed
17258,2972,2026-04-05,Northeast,completed
17259,4062,2026-03-13,West,cancelled
17260,3795,2025-12-15,Southwest,completed
17261,2899,2025-10-17,West,completed
17262,4271,2026-07-07,Southeast,cancelled
17263,2498,2024-11-23,West,cancelled
17264,4882,2024-04-23,Southeast,completed
17265,3796,2026-06-09,Southwest,completed
17266,348,2025-04-04,Southwest,completed
17267,1951,2026-03-20,Midwest,completed
17268,1738,2024-01-28,West,completed
17269,448,2025-09-20,Northeast,returned
17270,915,2025-12-20,Midwest,completed
17271,3116,2024-10-07,Northeast,completed
17272,1365,2024-12-18,Midwest,completed
17273,536,2025-10-05,Southwest,completed
17274,14,2024-11-27,Southwest,completed
17275,1133,2024-03-29,Northeast,completed
17276,1976,2026-07-13,Northeast,completed
17277,4913,2024-11-02,Northeast,completed
17278,1487,2024-10-03,West,completed
17279,4186,2024-08-27,Southwest,completed
17280,748,2025-12-06,Northeast,completed
17281,196,2026-02-13,Southeast,completed
17282,905,2024-04-23,Midwest,completed
17283,1176,2024-12-23,Northeast,cancelled
17284,4381,2024-06-18,Southwest,completed
17285,2860,2024-04-27,Southeast,completed
17286,4305,2025-07-24,Southwest,completed
17287,764,2025-10-26,Northeast,cancelled
17288,4503,2025-08-12,Midwest,completed
17289,2188,2026-06-18,Midwest,completed
17290,4764,2026-03-04,Northeast,completed
17291,2362,2025-08-17,Northeast,completed
17292,694,2026-07-27,Southwest,completed
17293,441,2026-02-25,Northeast,cancelled
17294,2826,2024-12-27,Southwest,completed
17295,1290,2024-12-16,West,completed
17296,4217,2024-08-21,Northeast,completed
17297,4861,2025-11-24,Midwest,completed
17298,930,2026-06-25,Southwest,cancelled
17299,1681,2024-07-24,West,completed
17300,3184,2025-01-03,Midwest,completed
17301,3718,2024-01-03,Northeast,completed
17302,3075,2026-03-30,Southwest,cancelled
17303,3848,2025-03-01,West,completed
17304,2417,2025-03-06,Midwest,completed
17305,226,2025-01-15,Southwest,completed
17306,784,2024-04-15,Southeast,completed
17307,2958,2024-10-03,Northeast,completed
17308,3405,2025-01-21,Southeast,completed
17309,591,2025-04-17,Southwest,completed
17310,618,2024-11-12,Midwest,completed
17311,3737,2024-10-14,Northeast,completed
17312,4912,2024-11-21,Southwest,completed
17313,849,2026-04-23,Southeast,completed
17314,1636,2026-05-21,Southeast,completed
17315,4633,2024-06-23,Southeast,completed
17316,4140,2024-03-13,Southwest,completed
17317,2146,2024-12-18,Southwest,completed
17318,4852,2024-03-16,Midwest,completed
17319,922,2024-07-29,Northeast,completed
17320,1896,2024-10-03,West,completed
17321,3554,2025-04-24,Southeast,completed
17322,1454,2026-01-15,Southwest,completed
17323,3172,2024-11-18,Southwest,completed
17324,4762,2026-01-20,Northeast,completed
17325,3560,2024-07-09,Northeast,completed
17326,4793,2024-03-16,West,completed
17327,530,2025-03-11,Southeast,completed
17328,4619,2024-02-29,Southeast,completed
17329,1517,2024-09-24,West,completed
17330,1374,2026-03-04,Southeast,completed
17331,2924,2024-02-26,Midwest,completed
17332,192,2025-04-15,Northeast,completed
17333,641,2025-08-10,Southwest,returned
17334,4285,2025-10-30,Northeast,completed
17335,2149,2026-06-21,Northeast,completed
17336,4950,2026-06-09,Northeast,completed
17337,111,2025-08-11,Northeast,completed
17338,3840,2024-09-29,Southwest,completed
17339,2721,2024-12-03,Midwest,returned
17340,2309,2024-05-07,Northeast,returned
17341,376,2024-09-21,Midwest,completed
17342,659,2024-05-21,Southwest,completed
17343,299,2025-11-12,Northeast,completed
17344,3472,2024-04-08,Northeast,completed
17345,2112,2025-10-21,West,returned
17346,4491,2024-02-09,Southeast,completed
17347,850,2025-07-24,Southeast,completed
17348,4171,2024-11-28,Midwest,completed
17349,1839,2025-01-19,Northeast,completed
17350,720,2025-03-11,Southwest,completed
17351,374,2026-01-14,Southwest,completed
17352,2106,2025-01-19,Southwest,returned
17353,629,2024-02-02,Southeast,completed
17354,1451,2026-02-05,Southwest,completed
17355,2614,2025-08-14,Southeast,completed
17356,4937,2024-07-31,West,completed
17357,1613,2025-12-20,Southwest,completed
17358,2632,2024-11-02,Southeast,cancelled
17359,1803,2024-10-27,Northeast,completed
17360,3313,2025-10-22,Northeast,completed
17361,4937,2025-02-27,West,completed
17362,4619,2026-05-30,Southeast,completed
17363,1295,2024-05-30,Midwest,completed
17364,3475,2025-11-02,West,completed
17365,2778,2024-10-28,Southwest,completed
17366,1719,2026-01-24,Southwest,completed
17367,4449,2024-05-21,Midwest,completed
17368,61,2026-03-01,Midwest,completed
17369,4038,2024-02-29,West,completed
17370,2242,2024-07-18,West,completed
17371,4809,2025-06-06,West,completed
17372,4930,2025-02-03,West,completed
17373,2369,2025-03-22,Midwest,completed
17374,2647,2026-04-20,Southeast,completed
17375,1219,2025-07-12,Midwest,completed
17376,4564,2026-01-14,Midwest,completed
17377,3055,2025-05-14,Southwest,completed
17378,4096,2026-07-05,Southeast,completed
17379,1563,2025-05-22,Northeast,completed
17380,4794,2024-03-15,West,completed
17381,1337,2025-09-11,West,completed
17382,1562,2025-10-21,Northeast,completed
17383,1702,2024-12-20,Southwest,completed
17384,4915,2024-01-20,Southeast,returned
17385,3490,2025-03-29,Southeast,cancelled
17386,2196,2026-04-11,Southeast,completed
17387,172,2025-08-17,Midwest,completed
17388,17,2025-11-12,Northeast,completed
17389,452,2026-06-06,Southeast,completed
17390,112,2026-04-06,West,completed
17391,263,2025-01-15,Southwest,completed
17392,3984,2026-07-02,Midwest,completed
17393,4895,2024-04-04,West,completed
17394,4065,2026-05-08,Southwest,completed
17395,3259,2025-01-31,West,completed
17396,3108,2025-07-24,West,completed
17397,3981,2025-01-02,Midwest,completed
17398,386,2025-05-10,Southwest,completed
17399,1650,2025-03-20,Midwest,completed
17400,1153,2024-10-22,West,completed
17401,3646,2025-07-23,Midwest,completed
17402,4043,2025-09-13,West,completed
17403,162,2024-12-16,Southeast,completed
17404,4611,2024-12-04,Northeast,completed
17405,1458,2024-01-16,Midwest,cancelled
17406,4383,2025-02-14,Southwest,completed
17407,3308,2024-01-18,Southwest,completed
17408,3567,2025-09-21,Northeast,completed
17409,1843,2025-07-13,Southeast,completed
17410,1430,2025-09-30,Northeast,completed
17411,3227,2026-02-02,Midwest,completed
17412,1692,2024-04-28,West,completed
17413,1682,2024-11-13,West,completed
17414,914,2024-12-03,West,completed
17415,1285,2025-08-13,Southwest,completed
17416,2879,2024-07-27,Southwest,completed
17417,3041,2025-01-28,Southwest,returned
17418,568,2024-06-10,Northeast,completed
17419,3475,2024-01-30,West,completed
17420,4689,2025-09-21,West,completed
17421,3638,2025-03-21,West,cancelled
17422,3971,2025-11-20,West,completed
17423,1659,2025-02-06,Southeast,completed
17424,139,2026-08-13,West,cancelled
17425,2327,2024-07-10,Northeast,completed
17426,4987,2025-10-26,West,completed
17427,2143,2025-09-17,West,completed
17428,2812,2025-08-28,Southwest,completed
17429,48,2024-01-31,Northeast,completed
17430,1298,2024-03-01,West,returned
17431,395,2026-04-13,West,completed
17432,964,2025-06-01,Southeast,returned
17433,3849,2025-09-07,Southeast,cancelled
17434,1387,2026-02-11,West,completed
17435,2237,2024-08-11,Southeast,returned
17436,4579,2026-04-07,West,completed
17437,1376,2025-06-28,Southeast,completed
17438,3661,2026-08-10,Southwest,completed
17439,2831,2024-07-03,Southeast,completed
17440,863,2026-02-08,Southeast,completed
17441,3012,2024-01-07,Southeast,completed
17442,1113,2024-02-20,Southwest,completed
17443,877,2025-06-05,Northeast,completed
17444,1030,2026-06-06,Midwest,completed
17445,212,2026-02-07,West,completed
17446,1538,2025-11-17,Southwest,completed
17447,4545,2025-04-16,Southwest,completed
17448,21,2026-07-26,West,completed
17449,1091,2026-08-22,Northeast,completed
17450,1181,2025-07-12,Midwest,completed
17451,346,2025-07-29,Southeast,completed
17452,4364,2026-02-07,Midwest,completed
17453,75,2025-09-23,Midwest,completed
17454,205,2026-05-27,Midwest,completed
17455,3790,2026-06-15,Southeast,completed
17456,3168,2026-04-09,Southeast,completed
17457,2620,2026-04-01,Southeast,completed
17458,1285,2024-04-11,Southwest,completed
17459,2870,2024-11-23,West,completed
17460,363,2026-02-27,Northeast,returned
17461,1813,2025-08-13,Southwest,completed
17462,1572,2025-01-02,Southwest,completed
17463,45,2025-02-26,Southwest,completed
17464,373,2025-05-31,Northeast,completed
17465,3525,2025-02-18,Southeast,completed
17466,4783,2024-07-08,West,completed
17467,3986,2024-05-09,Midwest,completed
17468,2595,2025-09-28,West,completed
17469,3406,2024-08-30,Southwest,completed
17470,923,2025-05-16,Northeast,completed
17471,2017,2025-07-19,Northeast,completed
17472,1743,2026-01-03,Southwest,completed
17473,2874,2025-05-07,Northeast,completed
17474,4861,2025-07-08,Midwest,completed
17475,4447,2024-03-15,Southwest,completed
17476,3188,2025-03-10,Midwest,completed
17477,1106,2025-08-09,Midwest,completed
17478,4159,2026-06-01,Southeast,returned
17479,487,2026-03-03,Southwest,completed
17480,1882,2025-10-16,Southeast,completed
17481,4646,2025-04-22,Northeast,completed
17482,300,2026-01-30,Southeast,returned
17483,268,2026-06-19,Northeast,completed
17484,4666,2024-03-02,Midwest,completed
17485,3801,2025-05-21,Northeast,completed
17486,660,2025-08-30,Midwest,completed
17487,3123,2025-03-07,Northeast,completed
17488,1549,2026-04-18,Southwest,completed
17489,3044,2026-04-29,Southeast,cancelled
17490,2153,2025-03-15,Southeast,completed
17491,1775,2024-07-31,Midwest,completed
17492,3217,2025-01-11,West,completed
17493,1248,2024-05-11,Midwest,completed
17494,2192,2024-01-10,Southeast,completed
17495,4667,2025-01-16,Northeast,cancelled
17496,2835,2026-07-11,Southwest,completed
17497,481,2025-11-29,Northeast,completed
17498,1085,2025-03-23,Midwest,completed
17499,2380,2024-05-05,Northeast,completed
17500,4381,2024-07-08,Southwest,completed
17501,3114,2025-08-25,Northeast,completed
17502,4158,2026-01-04,Southeast,completed
17503,3388,2025-08-19,West,completed
17504,1784,2025-12-26,Northeast,completed
17505,3236,2025-07-28,Northeast,completed
17506,4175,2025-05-09,Northeast,completed
17507,1122,2025-10-02,Southwest,completed
17508,1473,2025-03-19,Southwest,completed
17509,2904,2026-04-17,Southeast,completed
17510,59,2026-07-18,Southwest,completed
17511,2717,2025-09-28,West,completed
17512,732,2025-11-21,Northeast,completed
17513,1617,2026-04-20,Northeast,completed
17514,1226,2025-05-31,Midwest,completed
17515,1718,2024-04-30,Northeast,completed
17516,4784,2025-07-29,Southeast,completed
17517,3012,2024-06-28,Southeast,completed
17518,4315,2025-03-01,Southwest,completed
17519,3488,2025-06-05,Southeast,completed
17520,1745,2024-07-25,Midwest,completed
17521,2688,2024-05-31,Northeast,completed
17522,3607,2025-11-27,Midwest,completed
17523,2814,2025-11-15,Midwest,returned
17524,3062,2026-08-01,Southeast,completed
17525,398,2025-01-25,Southeast,completed
17526,2892,2024-09-25,Midwest,completed
17527,86,2026-08-11,Midwest,completed
17528,4553,2026-06-01,Southwest,completed
17529,3830,2025-07-30,Southwest,completed
17530,3139,2024-12-22,Southeast,completed
17531,3570,2026-03-25,Southwest,completed
17532,1325,2026-02-07,Southwest,returned
17533,4768,2024-11-04,Northeast,completed
17534,611,2026-07-22,Southwest,completed
17535,99,2025-02-04,Midwest,completed
17536,4612,2026-04-18,Southeast,completed
17537,3106,2024-08-31,Midwest,completed
17538,1169,2026-06-21,Southwest,completed
17539,1983,2025-03-20,Northeast,completed
17540,4705,2024-05-10,Midwest,completed
17541,2292,2024-06-01,Midwest,completed
17542,3763,2024-05-01,Northeast,completed
17543,449,2024-04-28,West,cancelled
17544,2243,2026-06-28,Southeast,completed
17545,1676,2026-07-18,Midwest,completed
17546,1149,2024-04-14,Southeast,completed
17547,2899,2026-03-13,West,completed
17548,361,2024-12-23,Northeast,cancelled
17549,2172,2025-12-04,Midwest,returned
17550,4968,2024-05-11,Southeast,completed
17551,3191,2024-03-29,Northeast,completed
17552,1255,2025-09-27,Midwest,completed
17553,1210,2026-04-16,Northeast,completed
17554,2305,2025-08-06,Southeast,completed
17555,622,2025-04-18,West,completed
17556,1855,2025-11-12,Northeast,returned
17557,3167,2025-12-18,Southwest,completed
17558,1951,2024-02-10,Midwest,completed
17559,2322,2026-04-10,West,completed
17560,3093,2024-10-31,Southeast,completed
17561,2408,2025-10-06,Northeast,completed
17562,4103,2025-04-13,Northeast,cancelled
17563,1953,2026-04-27,Southeast,completed
17564,381,2024-10-30,Midwest,completed
17565,2815,2024-01-19,Midwest,completed
17566,4312,2025-10-06,West,completed
17567,4414,2024-06-13,Southwest,completed
17568,3742,2025-07-11,West,completed
17569,4773,2025-11-28,Southeast,completed
17570,4544,2025-08-07,Midwest,completed
17571,2636,2026-04-26,Southwest,completed
17572,4897,2025-06-09,Southeast,completed
17573,884,2024-10-15,West,completed
17574,2,2024-11-07,Southeast,returned
17575,1499,2026-07-09,Midwest,completed
17576,840,2025-06-04,Southwest,completed
17577,1341,2024-05-24,West,returned
17578,2580,2025-04-11,Midwest,completed
17579,3097,2024-07-11,Southwest,completed
17580,3348,2024-04-10,Midwest,completed
17581,2065,2025-09-16,Northeast,completed
17582,2014,2024-04-20,West,completed
17583,412,2024-03-28,West,cancelled
17584,4321,2024-07-19,Southwest,completed
17585,2659,2025-11-14,Southwest,completed
17586,1036,2026-04-26,Southwest,completed
17587,2077,2024-09-23,Southwest,completed
17588,1032,2025-07-07,Northeast,completed
17589,805,2026-08-17,Southwest,cancelled
17590,775,2025-12-21,Southwest,completed
17591,87,2026-07-16,Midwest,completed
17592,1592,2025-12-15,Midwest,completed
17593,1903,2025-08-20,Midwest,completed
17594,4008,2024-09-14,Southeast,completed
17595,1052,2024-05-07,Northeast,completed
17596,3869,2024-04-02,Midwest,completed
17597,3680,2024-06-26,Southwest,completed
17598,182,2026-03-28,Midwest,completed
17599,1713,2026-02-20,Southeast,completed
17600,1130,2024-08-26,Southwest,returned
17601,3196,2025-04-06,Southeast,cancelled
17602,2976,2024-07-12,Northeast,cancelled
17603,4725,2025-09-12,Southwest,completed
17604,298,2025-10-13,Northeast,completed
17605,2240,2025-04-15,Midwest,completed
17606,1764,2026-05-05,Southeast,completed
17607,4360,2024-09-19,Southeast,completed
17608,2822,2026-03-30,Midwest,completed
17609,1678,2024-03-28,Midwest,completed
17610,1847,2025-12-11,Southeast,completed
17611,2493,2025-05-12,Midwest,completed
17612,3409,2026-04-25,Southwest,completed
17613,380,2025-06-07,Northeast,completed
17614,4451,2024-01-18,Southwest,completed
17615,2180,2024-05-23,Southeast,completed
17616,2980,2026-07-10,Southeast,completed
17617,1689,2025-04-29,Southeast,completed
17618,569,2025-01-23,Midwest,completed
17619,1593,2024-02-14,West,completed
17620,3732,2024-11-26,Southwest,completed
17621,4934,2025-10-21,Northeast,completed
17622,87,2024-07-17,Midwest,completed
17623,3578,2026-04-04,Midwest,completed
17624,2627,2026-03-06,Southwest,returned
17625,1868,2024-04-18,Southeast,completed
17626,3935,2024-08-28,Southwest,completed
17627,235,2026-04-05,West,completed
17628,4211,2025-06-19,Midwest,completed
17629,2654,2026-08-07,Midwest,completed
17630,541,2024-01-03,West,completed
17631,3684,2025-04-25,West,completed
17632,3795,2024-08-31,Southwest,completed
17633,122,2025-06-15,Northeast,completed
17634,2218,2024-10-13,Southeast,completed
17635,2886,2024-05-08,Midwest,completed
17636,2113,2024-11-15,Southwest,completed
17637,1652,2025-03-03,Midwest,completed
17638,1509,2025-04-09,Southwest,completed
17639,4717,2025-08-27,Southwest,completed
17640,3784,2026-04-07,West,completed
17641,1172,2026-07-21,Southeast,completed
17642,4805,2025-02-13,Southwest,completed
17643,2045,2025-01-14,West,completed
17644,4282,2026-05-26,West,completed
17645,4280,2024-10-15,Northeast,completed
17646,3750,2024-07-28,Midwest,completed
17647,43,2026-08-01,Northeast,completed
17648,636,2024-11-03,Southwest,completed
17649,3494,2025-03-05,Northeast,completed
17650,2808,2025-08-10,Southwest,completed
17651,2110,2024-09-09,Southeast,completed
17652,1129,2026-06-27,Midwest,completed
17653,3864,2024-01-25,West,completed
17654,540,2025-02-03,Southeast,completed
17655,3410,2024-12-07,Northeast,completed
17656,3063,2024-09-13,Southeast,completed
17657,4153,2026-06-15,Southeast,returned
17658,4540,2024-08-22,West,completed
17659,2839,2026-01-01,Midwest,completed
17660,4395,2025-01-02,Southeast,completed
17661,3861,2026-07-31,Southeast,completed
17662,3907,2025-11-18,West,completed
17663,225,2025-11-14,Southeast,completed
17664,801,2026-06-08,Southeast,completed
17665,3845,2024-02-17,Midwest,completed
17666,3613,2024-02-24,Southwest,completed
17667,1433,2024-10-20,Southeast,completed
17668,495,2025-04-03,Northeast,cancelled
17669,2168,2026-07-30,Midwest,completed
17670,1400,2025-11-13,Southwest,completed
17671,1713,2026-07-05,Southeast,completed
17672,832,2024-08-18,Southeast,returned
17673,1850,2025-11-20,Southwest,completed
17674,2318,2024-11-23,Midwest,completed
17675,1752,2026-06-20,Northeast,completed
17676,2405,2026-06-08,Northeast,completed
17677,3210,2026-02-12,Southeast,completed
17678,1583,2024-12-22,Southwest,completed
17679,4856,2026-02-16,West,completed
17680,1635,2024-09-13,Southwest,completed
17681,375,2024-09-11,Southeast,completed
17682,491,2024-08-12,Midwest,completed
17683,989,2024-07-22,Southwest,completed
17684,4502,2025-12-03,Northeast,completed
17685,1932,2024-11-13,Midwest,completed
17686,4575,2025-11-20,Southwest,completed
17687,1976,2024-11-07,Northeast,completed
17688,3266,2025-03-08,Southeast,completed
17689,4613,2026-02-23,Northeast,completed
17690,3382,2025-11-10,Northeast,completed
17691,505,2024-12-17,Southwest,completed
17692,4731,2025-10-18,Southwest,completed
17693,1428,2025-02-06,Midwest,completed
17694,3661,2025-08-26,Southwest,completed
17695,1166,2024-12-24,West,returned
17696,2457,2025-05-26,Southeast,completed
17697,3182,2025-03-15,West,completed
17698,96,2025-02-21,West,completed
17699,3944,2024-04-09,Southeast,completed
17700,1361,2024-03-16,Northeast,completed
17701,2384,2024-12-21,Midwest,completed
17702,972,2025-04-23,Midwest,completed
17703,4093,2025-11-23,Southwest,completed
17704,2517,2024-11-12,West,completed
17705,3920,2024-11-13,Southeast,completed
17706,3523,2026-06-15,Southwest,completed
17707,4501,2025-07-16,Northeast,completed
17708,2528,2024-01-09,Midwest,completed
17709,1665,2025-06-23,Northeast,completed
17710,536,2024-12-14,Southwest,completed
17711,3792,2025-11-19,West,completed
17712,2593,2026-04-26,Northeast,completed
17713,4672,2025-10-30,Northeast,completed
17714,2796,2025-01-24,Southwest,completed
17715,3926,2024-07-22,Northeast,cancelled
17716,3790,2024-04-30,Southeast,completed
17717,4548,2026-06-04,West,completed
17718,1356,2024-09-23,West,completed
17719,2244,2026-05-26,West,completed
17720,4566,2024-09-03,Southeast,completed
17721,3971,2025-01-13,West,completed
17722,484,2024-03-31,Midwest,completed
17723,2097,2026-06-07,Southeast,completed
17724,677,2025-09-29,Midwest,completed
17725,1180,2026-04-03,Southeast,completed
17726,4678,2025-01-25,Midwest,completed
17727,1099,2025-04-07,Southeast,cancelled
17728,4170,2025-06-17,Midwest,completed
17729,3232,2024-01-03,Southeast,cancelled
17730,1216,2025-01-17,Southwest,completed
17731,4650,2024-09-07,Southeast,completed
17732,1425,2024-10-12,Northeast,completed
17733,749,2024-09-09,Southeast,completed
17734,4466,2024-10-26,Southwest,completed
17735,4992,2025-06-28,West,completed
17736,918,2026-02-07,Southwest,returned
17737,558,2024-09-04,Northeast,completed
17738,4991,2025-01-12,Southwest,completed
17739,3248,2026-06-03,Midwest,completed
17740,1251,2025-02-21,Northeast,completed
17741,1512,2025-04-14,West,completed
17742,709,2025-01-18,Southwest,completed
17743,145,2024-02-22,Southeast,completed
17744,2232,2024-11-04,Southeast,cancelled
17745,2719,2026-05-15,Northeast,completed
17746,413,2026-04-25,Midwest,completed
17747,724,2024-11-03,Northeast,completed
17748,3040,2025-03-12,Southwest,completed
17749,326,2025-10-12,Midwest,completed
17750,4001,2025-07-10,Northeast,completed
17751,4812,2026-02-23,Midwest,completed
17752,2104,2025-12-11,Southeast,completed
17753,3234,2025-11-12,Southeast,completed
17754,4533,2025-09-28,Southeast,completed
17755,4791,2026-05-05,Southeast,completed
17756,916,2025-07-31,Midwest,returned
17757,535,2024-07-30,Midwest,completed
17758,820,2024-04-09,West,completed
17759,4360,2024-02-14,Southeast,completed
17760,1437,2024-10-27,Southwest,completed
17761,2055,2025-06-18,West,completed
17762,1588,2025-12-09,West,completed
17763,4828,2026-02-01,Southeast,completed
17764,4425,2026-05-27,West,returned
17765,2595,2025-08-16,West,cancelled
17766,3076,2026-02-12,Midwest,completed
17767,681,2025-08-25,West,returned
17768,2377,2025-02-22,Northeast,completed
17769,3368,2025-05-04,Southeast,completed
17770,4418,2024-07-11,Southeast,completed
17771,4980,2024-08-28,West,completed
17772,482,2025-07-18,Northeast,completed
17773,3698,2025-02-27,Midwest,completed
17774,2895,2024-07-13,Northeast,completed
17775,2612,2026-04-01,West,completed
17776,4956,2026-04-11,Midwest,completed
17777,1809,2025-08-27,Southwest,completed
17778,1998,2025-09-02,Northeast,completed
17779,564,2025-12-21,Southeast,completed
17780,3854,2026-05-26,Southeast,completed
17781,4637,2024-12-26,Northeast,completed
17782,4389,2025-12-26,West,completed
17783,1667,2026-01-09,Midwest,completed
17784,4215,2024-12-16,Southwest,completed
17785,810,2025-12-18,Midwest,completed
17786,1432,2025-09-17,Southwest,completed
17787,4321,2024-11-04,Southwest,completed
17788,3982,2024-08-20,Northeast,completed
17789,4260,2024-09-14,Northeast,completed
17790,4895,2026-08-23,West,completed
17791,2620,2024-01-29,Southeast,completed
17792,827,2024-11-01,West,returned
17793,1754,2024-10-03,Southwest,completed
17794,3855,2025-01-03,Midwest,returned
17795,1507,2025-03-15,Midwest,completed
17796,3390,2024-02-10,West,completed
17797,3719,2024-05-26,Midwest,completed
17798,4064,2024-02-01,Midwest,completed
17799,1322,2025-05-25,West,completed
17800,1842,2024-02-23,West,completed
17801,498,2026-06-24,West,completed
17802,3386,2025-06-16,West,completed
17803,3612,2024-05-27,Southwest,completed
17804,3901,2025-03-16,Southwest,completed
17805,1865,2024-01-19,Northeast,completed
17806,1489,2024-09-11,Southwest,completed
17807,4089,2025-04-17,Southwest,completed
17808,1205,2026-06-06,Northeast,completed
17809,1254,2026-06-16,West,completed
17810,195,2026-05-03,Southwest,completed
17811,2029,2026-01-20,Southwest,completed
17812,316,2024-12-18,Southeast,completed
17813,2646,2024-08-31,Northeast,returned
17814,989,2024-03-15,Southwest,cancelled
17815,1274,2026-06-14,West,completed
17816,1541,2025-10-13,Northeast,completed
17817,2351,2025-06-23,Northeast,returned
17818,3517,2024-08-23,Southwest,completed
17819,3878,2025-01-13,Midwest,completed
17820,223,2024-09-09,Southwest,completed
17821,4625,2025-05-08,Southeast,returned
17822,112,2025-05-05,West,completed
17823,4449,2025-07-05,Midwest,completed
17824,1883,2026-01-25,West,completed
17825,422,2025-08-05,West,completed
17826,2277,2026-06-13,Southeast,completed
17827,3524,2025-05-20,Southeast,completed
17828,1758,2026-04-30,Southwest,completed
17829,570,2024-09-13,Northeast,completed
17830,1264,2026-01-14,Midwest,completed
17831,2243,2024-10-06,Southeast,completed
17832,3102,2024-05-19,West,completed
17833,3356,2024-04-28,Southwest,completed
17834,3539,2024-02-08,West,completed
17835,1494,2024-04-03,Northeast,completed
17836,4183,2025-08-25,Northeast,completed
17837,3215,2025-04-24,Northeast,completed
17838,1254,2024-12-11,West,completed
17839,847,2026-03-11,Southwest,completed
17840,4492,2024-02-03,Northeast,completed
17841,4622,2024-02-09,Southeast,completed
17842,4998,2026-07-20,Southeast,completed
17843,2679,2024-03-17,West,completed
17844,1972,2025-02-24,Northeast,completed
17845,3369,2024-06-12,Southwest,completed
17846,2544,2025-03-28,Northeast,completed
17847,2503,2025-04-30,West,completed
17848,2468,2026-01-26,Southeast,completed
17849,4490,2025-12-12,West,completed
17850,4893,2025-12-02,Southwest,completed
17851,3606,2025-06-13,Southeast,completed
17852,1051,2026-04-24,Midwest,completed
17853,1742,2025-12-06,Northeast,completed
17854,1781,2024-02-20,Northeast,completed
17855,1243,2026-06-07,West,returned
17856,4075,2025-02-28,Midwest,completed
17857,1641,2024-12-06,West,completed
17858,3107,2025-07-13,West,completed
17859,2504,2025-02-14,Southwest,returned
17860,2505,2025-07-14,West,completed
17861,2724,2025-04-26,West,completed
17862,4414,2025-07-09,Southwest,completed
17863,3397,2024-04-29,Midwest,completed
17864,69,2025-06-01,Northeast,returned
17865,248,2025-03-08,West,completed
17866,4146,2024-07-16,Southwest,returned
17867,3887,2025-08-03,West,completed
17868,4469,2024-04-14,West,completed
17869,858,2025-09-26,Southeast,completed
17870,1118,2024-01-16,Northeast,completed
17871,794,2026-05-18,Southwest,completed
17872,728,2025-05-13,Southeast,completed
17873,3640,2026-02-09,Southwest,completed
17874,879,2024-06-07,Southwest,completed
17875,1343,2024-03-09,Midwest,completed
17876,4079,2024-10-11,West,completed
17877,893,2024-09-09,Southwest,completed
17878,4302,2025-06-17,Northeast,completed
17879,2823,2025-06-16,West,completed
17880,1394,2024-11-26,Southeast,completed
17881,957,2024-01-18,Southwest,completed
17882,4060,2026-07-20,Midwest,completed
17883,4175,2024-06-23,Northeast,completed
17884,4934,2025-05-10,Northeast,completed
17885,4850,2024-08-11,Southwest,completed
17886,132,2025-09-03,Southwest,completed
17887,829,2025-07-03,Midwest,completed
17888,1642,2024-07-24,Southeast,returned
17889,4504,2024-09-01,Northeast,completed
17890,4348,2025-05-21,Southwest,completed
17891,2657,2025-08-26,Southeast,cancelled
17892,3532,2026-08-12,West,completed
17893,334,2024-10-16,Southeast,completed
17894,1481,2024-08-20,Midwest,completed
17895,1837,2024-01-25,Southwest,completed
17896,1488,2025-05-27,Northeast,completed
17897,2615,2026-02-05,West,completed
17898,3276,2024-01-24,Southeast,completed
17899,1266,2025-09-07,Southwest,completed
17900,1543,2024-03-18,West,completed
17901,4730,2024-10-26,West,completed
17902,2904,2024-04-26,Southeast,completed
17903,3952,2024-09-29,West,completed
17904,2862,2024-02-20,Midwest,completed
17905,4662,2024-12-03,West,completed
17906,3547,2024-01-08,Southwest,completed
17907,925,2024-04-24,Southeast,cancelled
17908,548,2026-03-15,Northeast,completed
17909,2070,2024-04-12,Southeast,returned
17910,4824,2025-09-20,Midwest,completed
17911,2779,2025-12-03,Southeast,completed
17912,2186,2025-09-26,Southwest,completed
17913,1114,2025-06-11,Northeast,completed
17914,948,2025-10-08,Midwest,completed
17915,3335,2024-07-07,Southeast,completed
17916,2264,2025-05-20,Midwest,completed
17917,401,2026-04-09,Midwest,completed
17918,2827,2025-12-22,Southeast,completed
17919,952,2025-11-06,Southeast,completed
17920,4869,2025-03-14,Northeast,completed
17921,1812,2024-03-30,Northeast,completed
17922,3673,2026-06-11,Northeast,completed
17923,2148,2026-08-16,West,completed
17924,1286,2026-07-17,Southwest,completed
17925,833,2024-11-16,Southeast,completed
17926,2791,2026-06-01,Northeast,completed
17927,2187,2025-06-11,Southwest,completed
17928,3331,2026-04-27,Southwest,completed
17929,1087,2026-01-17,West,cancelled
17930,3125,2025-08-09,Southwest,cancelled
17931,2357,2024-03-11,Southeast,completed
17932,2626,2024-01-19,Northeast,completed
17933,4461,2024-05-17,Midwest,completed
17934,69,2025-11-13,Northeast,completed
17935,1395,2025-10-06,Northeast,completed
17936,1816,2024-11-24,West,returned
17937,1905,2025-11-15,Southeast,completed
17938,4973,2024-09-07,West,completed
17939,1734,2024-07-21,Northeast,completed
17940,1456,2025-11-08,West,completed
17941,841,2024-12-14,Southwest,completed
17942,3147,2024-04-26,Southeast,completed
17943,340,2026-06-02,West,completed
17944,2155,2024-05-28,West,completed
17945,1494,2026-01-16,Northeast,completed
17946,3421,2024-03-13,Northeast,completed
17947,1738,2026-03-11,West,completed
17948,4015,2025-09-27,Southwest,completed
17949,2560,2026-05-22,West,completed
17950,490,2025-06-04,Southeast,completed
17951,3368,2026-02-24,Southeast,completed
17952,2397,2025-12-15,Southwest,completed
17953,1896,2024-11-27,West,completed
17954,3272,2026-06-20,Southeast,completed
17955,4830,2024-07-31,Southeast,completed
17956,3895,2024-04-24,Southeast,completed
17957,3126,2024-01-23,West,completed
17958,1491,2026-03-05,Southeast,completed
17959,3985,2026-05-01,Southwest,completed
17960,2972,2024-01-15,Northeast,completed
17961,2524,2026-02-08,Southeast,cancelled
17962,4147,2024-04-17,Northeast,completed
17963,334,2024-01-02,Southeast,completed
17964,2050,2024-10-13,Midwest,completed
17965,2197,2024-06-01,Midwest,completed
17966,1881,2024-10-02,Midwest,completed
17967,1835,2025-07-17,Southwest,completed
17968,1873,2024-12-21,Northeast,completed
17969,959,2026-06-24,Southeast,completed
17970,556,2025-07-05,Southwest,completed
17971,787,2025-01-15,Southeast,completed
17972,4403,2026-04-12,Northeast,completed
17973,3282,2026-07-08,Southwest,completed
17974,970,2024-10-23,Midwest,completed
17975,792,2025-09-07,Southeast,completed
17976,4078,2024-07-12,Southeast,completed
17977,2141,2025-02-06,Northeast,completed
17978,2326,2026-02-18,Southeast,completed
17979,2923,2026-06-03,Southeast,completed
17980,200,2026-01-18,Midwest,completed
17981,4343,2026-07-11,West,completed
17982,2762,2025-02-18,Southeast,completed
17983,4238,2025-08-26,Southwest,completed
17984,2306,2025-05-19,Southwest,completed
17985,2228,2024-01-05,Northeast,completed
17986,4422,2025-11-30,Northeast,completed
17987,2116,2025-06-16,West,completed
17988,812,2026-03-20,Southwest,completed
17989,1329,2025-09-25,Southeast,completed
17990,840,2025-12-15,Southwest,completed
17991,1489,2026-05-06,Southwest,completed
17992,2609,2026-04-22,Midwest,completed
17993,2578,2026-07-26,Northeast,returned
17994,1075,2025-09-21,Southeast,completed
17995,2142,2025-06-05,West,completed
17996,1296,2024-06-07,Southeast,completed
17997,2294,2024-03-22,Midwest,completed
17998,4760,2025-11-19,Midwest,completed
17999,1359,2025-10-06,Northeast,cancelled
18000,699,2025-12-02,Midwest,completed
18001,1537,2024-07-05,Southeast,completed
18002,3011,2025-10-31,Southwest,completed
18003,3632,2025-03-26,Southwest,cancelled
18004,1296,2024-02-18,Southeast,completed
18005,1625,2024-04-19,Midwest,returned
18006,234,2025-04-14,Southwest,completed
18007,2763,2025-11-17,Midwest,completed
18008,3091,2026-08-13,West,completed
18009,1800,2026-02-14,Southeast,completed
18010,2619,2025-04-27,Southeast,completed
18011,2502,2025-09-12,Northeast,completed
18012,3374,2025-10-21,Midwest,completed
18013,1998,2024-01-05,Northeast,completed
18014,3120,2025-08-09,Southwest,completed
18015,2008,2025-06-13,Midwest,completed
18016,2748,2026-07-13,Midwest,completed
18017,2701,2025-11-04,West,completed
18018,1714,2025-01-07,Southwest,completed
18019,1688,2025-10-07,Southwest,completed
18020,4753,2024-02-09,Northeast,completed
18021,1398,2026-02-16,Northeast,completed
18022,3462,2025-03-28,West,completed
18023,2864,2024-01-04,Northeast,completed
18024,2487,2025-07-11,Southwest,completed
18025,5000,2024-09-25,Northeast,completed
18026,3998,2024-12-21,Southwest,completed
18027,79,2024-03-11,West,completed
18028,1373,2026-06-02,Northeast,completed
18029,3492,2025-02-11,West,completed
18030,4936,2024-11-22,Southeast,completed
18031,557,2026-08-24,Northeast,completed
18032,1284,2025-10-27,Southwest,completed
18033,186,2024-02-18,Northeast,completed
18034,3191,2024-03-10,Northeast,completed
18035,4867,2024-02-15,Northeast,completed
18036,3164,2025-08-13,Southwest,cancelled
18037,4512,2025-01-13,Southwest,completed
18038,2210,2024-06-14,Southeast,completed
18039,2914,2025-11-09,Southeast,completed
18040,4432,2024-03-05,West,completed
18041,2299,2025-09-10,Northeast,completed
18042,2840,2026-06-17,Northeast,completed
18043,4341,2026-01-16,Midwest,completed
18044,4206,2024-12-17,Southwest,completed
18045,2171,2026-02-12,Midwest,completed
18046,1021,2026-03-29,Northeast,completed
18047,4,2025-09-03,West,completed
18048,530,2025-07-15,Southeast,completed
18049,4161,2026-04-14,Midwest,returned
18050,3364,2026-08-21,Southwest,completed
18051,4484,2024-05-13,Southwest,completed
18052,4032,2025-09-15,Southeast,completed
18053,348,2025-01-23,Southwest,completed
18054,2813,2024-12-29,Midwest,completed
18055,200,2026-08-09,Midwest,completed
18056,194,2024-05-13,Southwest,completed
18057,1352,2026-07-26,Southwest,completed
18058,2380,2025-10-07,Northeast,completed
18059,4216,2025-11-03,West,completed
18060,3637,2025-06-28,Midwest,completed
18061,3826,2025-03-02,Southeast,completed
18062,2878,2025-12-02,Southeast,returned
18063,405,2025-05-23,West,completed
18064,798,2024-07-08,Southwest,completed
18065,2396,2024-03-25,Southwest,completed
18066,2216,2024-04-20,Northeast,completed
18067,1243,2024-10-23,West,completed
18068,2661,2025-06-20,Midwest,completed
18069,1742,2025-03-24,Northeast,completed
18070,2493,2024-10-25,Midwest,completed
18071,510,2024-11-28,Southwest,completed
18072,4394,2024-02-06,Southwest,completed
18073,2978,2025-08-03,Northeast,returned
18074,1874,2025-08-27,Southeast,completed
18075,2275,2025-07-05,Northeast,completed
18076,3052,2026-07-12,Southeast,cancelled
18077,203,2024-10-15,Southeast,completed
18078,346,2025-10-28,Southeast,completed
18079,499,2024-02-28,Northeast,completed
18080,3192,2024-01-02,West,completed
18081,1383,2024-09-14,West,completed
18082,720,2025-04-12,Southwest,returned
18083,3461,2024-09-03,Midwest,completed
18084,1447,2026-01-05,Northeast,completed
18085,2752,2025-01-16,Southwest,completed
18086,2385,2026-07-30,Southwest,completed
18087,4243,2025-08-14,West,completed
18088,1411,2024-08-16,Northeast,completed
18089,3183,2025-07-04,West,completed
18090,2542,2025-01-02,Midwest,completed
18091,4663,2026-08-21,West,completed
18092,571,2024-03-13,Southwest,completed
18093,1834,2024-10-04,Southwest,completed
18094,1111,2024-01-29,Midwest,completed
18095,297,2024-11-26,Southwest,completed
18096,4707,2025-09-17,West,completed
18097,2786,2025-05-15,Southeast,completed
18098,3305,2025-08-28,Southwest,completed
18099,4423,2024-03-13,Southeast,completed
18100,4537,2024-11-26,Southwest,returned
18101,2587,2024-09-30,Midwest,completed
18102,2664,2024-03-26,West,completed
18103,4067,2026-06-24,West,completed
18104,2945,2026-06-20,Southwest,completed
18105,1822,2025-11-16,Southwest,completed
18106,3028,2025-04-16,Northeast,completed
18107,2836,2024-02-26,Midwest,completed
18108,2226,2024-11-08,Northeast,completed
18109,1722,2026-06-17,West,completed
18110,2258,2026-04-27,Northeast,completed
18111,4203,2024-06-15,Southwest,completed
18112,41,2024-03-14,Southeast,completed
18113,3162,2025-02-28,Midwest,completed
18114,4095,2025-07-25,Southwest,completed
18115,3630,2025-06-07,Southeast,completed
18116,13,2024-08-12,Southeast,completed
18117,4898,2024-07-14,West,completed
18118,1573,2024-04-26,Southeast,completed
18119,1905,2024-11-25,Southeast,completed
18120,2520,2026-07-31,West,completed
18121,25,2025-01-06,Southwest,completed
18122,464,2026-06-04,Northeast,completed
18123,2820,2024-08-30,Midwest,completed
18124,4296,2025-09-30,West,completed
18125,4366,2025-10-07,Northeast,returned
18126,466,2024-12-02,Northeast,completed
18127,619,2025-02-21,Southwest,completed
18128,1003,2025-02-08,Midwest,cancelled
18129,79,2024-07-27,West,completed
18130,4732,2025-12-02,West,completed
18131,3098,2024-05-11,Southwest,completed
18132,922,2024-06-18,Northeast,completed
18133,678,2024-04-27,West,completed
18134,4242,2025-08-24,Midwest,completed
18135,3233,2024-02-26,Midwest,completed
18136,3863,2026-04-24,Southeast,completed
18137,395,2024-12-26,West,completed
18138,4002,2024-09-22,West,returned
18139,5000,2025-12-13,Northeast,completed
18140,4994,2024-01-09,Midwest,completed
18141,3689,2026-08-03,Southwest,completed
18142,4450,2024-09-01,Northeast,completed
18143,1592,2025-12-05,Midwest,completed
18144,344,2024-05-06,West,completed
18145,819,2026-01-11,Southeast,completed
18146,4522,2024-04-17,Southwest,returned
18147,4663,2025-08-30,West,completed
18148,3214,2026-04-14,Southeast,completed
18149,75,2024-09-01,Midwest,completed
18150,1751,2026-02-26,Southwest,completed
18151,2134,2024-01-17,Southwest,completed
18152,2321,2024-10-26,Southeast,completed
18153,1242,2026-03-07,Southeast,completed
18154,3630,2025-06-08,Southeast,completed
18155,947,2026-06-15,Northeast,completed
18156,4372,2025-04-27,Southwest,completed
18157,2091,2024-06-02,Midwest,completed
18158,4788,2026-04-09,Northeast,completed
18159,1811,2024-07-03,Northeast,completed
18160,769,2025-09-19,Southwest,completed
18161,4252,2024-09-18,West,completed
18162,3177,2025-12-27,Northeast,cancelled
18163,1879,2026-04-04,Northeast,completed
18164,3519,2025-02-18,Southwest,completed
18165,850,2025-12-16,Southeast,completed
18166,1906,2024-12-02,Southwest,completed
18167,2476,2024-01-15,Southeast,completed
18168,1617,2026-04-20,Northeast,completed
18169,2922,2026-08-13,Southwest,completed
18170,3797,2024-01-20,Northeast,completed
18171,4305,2024-03-01,Southwest,completed
18172,825,2025-01-02,Southeast,completed
18173,2688,2025-12-13,Northeast,completed
18174,4572,2024-06-04,Midwest,completed
18175,670,2025-07-29,Southwest,completed
18176,1484,2024-08-05,Midwest,completed
18177,425,2024-10-28,Midwest,cancelled
18178,1091,2024-07-07,Northeast,completed
18179,1741,2024-02-22,West,completed
18180,3031,2026-03-20,Southeast,cancelled
18181,3526,2024-04-19,Midwest,completed
18182,2901,2025-05-22,Midwest,completed
18183,2740,2026-06-13,West,completed
18184,2248,2025-12-16,Midwest,completed
18185,4441,2024-05-31,West,completed
18186,4536,2024-07-07,Southwest,completed
18187,654,2025-08-09,Midwest,completed
18188,2147,2024-04-08,Southeast,completed
18189,4616,2024-01-31,West,completed
18190,4718,2024-05-23,Northeast,completed
18191,1160,2026-03-08,West,completed
18192,2834,2025-04-14,West,completed
18193,3616,2025-04-20,Midwest,completed
18194,1742,2026-06-23,Northeast,completed
18195,2082,2024-09-26,West,completed
18196,521,2024-09-29,West,completed
18197,2131,2024-03-25,Northeast,completed
18198,2646,2025-02-26,Northeast,completed
18199,882,2025-04-06,Northeast,completed
18200,3878,2026-01-21,Midwest,completed
18201,2666,2025-05-17,Midwest,completed
18202,2730,2025-06-30,Midwest,completed
18203,3457,2026-08-02,Southwest,returned
18204,1158,2024-02-02,Northeast,returned
18205,3693,2025-07-07,Southwest,completed
18206,2625,2024-05-31,Southeast,completed
18207,4997,2024-09-07,Southwest,returned
18208,105,2025-12-03,Southeast,completed
18209,2720,2025-02-04,Midwest,completed
18210,726,2026-08-19,Southeast,completed
18211,133,2024-11-29,Northeast,completed
18212,1455,2025-01-18,Southwest,completed
18213,2419,2025-10-20,West,returned
18214,1005,2025-09-25,West,completed
18215,1817,2024-08-16,Northeast,completed
18216,4342,2025-11-14,Southwest,completed
18217,4600,2026-04-24,Northeast,completed
18218,3986,2026-06-28,Midwest,completed
18219,2721,2024-09-22,Midwest,completed
18220,3765,2025-07-28,Northeast,completed
18221,1675,2024-05-02,West,completed
18222,126,2024-06-23,Midwest,completed
18223,1215,2024-01-23,West,completed
18224,2573,2026-02-22,Southwest,completed
18225,3206,2025-12-01,West,completed
18226,3473,2026-05-11,Northeast,completed
18227,957,2026-07-31,Southwest,completed
18228,3445,2024-05-03,Northeast,completed
18229,444,2026-03-23,Northeast,completed
18230,4390,2024-05-11,Midwest,completed
18231,132,2026-06-20,Southwest,completed
18232,3147,2025-01-19,Southeast,completed
18233,3405,2024-02-07,Southeast,completed
18234,2549,2025-06-07,Northeast,completed
18235,288,2026-03-05,Northeast,completed
18236,2824,2024-05-27,Southwest,completed
18237,2525,2024-10-31,Southeast,completed
18238,534,2024-09-24,West,completed
18239,1955,2024-04-30,Northeast,completed
18240,3543,2024-09-29,West,completed
18241,4649,2026-01-08,Northeast,completed
18242,4877,2025-03-11,Midwest,completed
18243,2037,2025-05-02,Southeast,returned
18244,2515,2026-02-02,Southeast,completed
18245,2721,2025-06-26,Midwest,returned
18246,1641,2024-11-15,West,completed
18247,1967,2024-11-27,Northeast,completed
18248,4,2026-08-08,West,completed
18249,3528,2024-04-01,Southwest,completed
18250,2497,2025-12-10,Southeast,completed
18251,3206,2026-05-05,West,completed
18252,3093,2024-01-27,Southeast,completed
18253,667,2024-01-11,Southeast,completed
18254,3770,2025-09-16,Southeast,completed
18255,4619,2024-11-29,Southeast,completed
18256,253,2024-04-24,Northeast,completed
18257,2715,2024-12-08,Southeast,completed
18258,1917,2025-01-29,Southwest,completed
18259,4671,2026-08-04,Southwest,completed
18260,3140,2025-03-21,Southeast,completed
18261,1364,2025-12-01,West,completed
18262,4050,2024-04-12,Southeast,completed
18263,165,2025-12-20,Midwest,completed
18264,16,2024-03-03,Southeast,completed
18265,264,2026-08-06,West,completed
18266,2837,2024-08-26,West,completed
18267,1023,2024-08-01,Midwest,returned
18268,998,2025-05-12,Northeast,completed
18269,3339,2025-11-05,West,completed
18270,4657,2024-10-27,Midwest,cancelled
18271,979,2025-09-05,West,completed
18272,1436,2024-02-19,Southeast,completed
18273,842,2025-01-15,Southeast,completed
18274,4891,2024-04-20,Northeast,completed
18275,699,2026-04-21,Midwest,completed
18276,302,2024-04-09,Southeast,completed
18277,3951,2024-09-16,Northeast,returned
18278,2360,2024-09-26,Southwest,completed
18279,786,2024-09-10,Northeast,completed
18280,2884,2025-01-16,Southeast,completed
18281,3770,2025-07-02,Southeast,completed
18282,2311,2024-08-02,West,completed
18283,2150,2024-03-29,West,completed
18284,1255,2024-03-12,Midwest,completed
18285,1118,2025-04-24,Northeast,completed
18286,1190,2024-06-16,West,completed
18287,2132,2024-02-05,West,completed
18288,3361,2024-06-15,Midwest,completed
18289,985,2024-06-21,Southwest,completed
18290,3858,2024-12-13,Northeast,completed
18291,3050,2024-10-06,Southeast,returned
18292,2120,2024-07-23,Midwest,completed
18293,3354,2026-08-13,Southwest,completed
18294,4490,2025-03-12,West,completed
18295,3494,2025-09-18,Northeast,completed
18296,1975,2024-03-17,West,completed
18297,3822,2025-01-14,Southwest,completed
18298,3610,2025-10-05,Southwest,completed
18299,516,2024-11-22,Northeast,completed
18300,3635,2024-01-20,Midwest,completed
18301,3672,2025-02-08,Southwest,completed
18302,2691,2024-03-05,West,completed
18303,162,2025-02-04,Southeast,completed
18304,4360,2025-10-26,Southeast,completed
18305,3616,2024-06-26,Midwest,completed
18306,4136,2024-10-23,Southeast,completed
18307,2866,2025-04-10,Midwest,completed
18308,1686,2025-11-03,Midwest,completed
18309,4852,2024-03-14,Midwest,completed
18310,1403,2025-10-16,Midwest,completed
18311,2295,2024-04-05,West,completed
18312,1375,2026-07-16,West,completed
18313,4572,2025-12-15,Midwest,completed
18314,722,2024-01-03,Southeast,completed
18315,1810,2025-07-21,Southeast,completed
18316,3450,2026-05-06,Midwest,completed
18317,1426,2025-10-08,West,completed
18318,2196,2026-02-14,Southeast,completed
18319,4063,2024-04-05,Southeast,completed
18320,1579,2026-05-28,Southeast,completed
18321,913,2025-05-08,Northeast,completed
18322,4974,2024-02-03,Southeast,returned
18323,3562,2025-10-29,West,completed
18324,1754,2024-06-27,Southwest,completed
18325,3241,2025-09-07,Midwest,completed
18326,11,2025-08-20,Midwest,completed
18327,4443,2026-02-21,Southeast,returned
18328,4295,2025-08-05,Southeast,completed
18329,4342,2024-06-27,Southwest,completed
18330,4533,2025-04-23,Southeast,completed
18331,1001,2024-06-19,Southwest,completed
18332,1756,2026-07-03,Southeast,completed
18333,3818,2024-05-06,Southwest,completed
18334,4473,2026-04-28,West,completed
18335,3012,2026-03-17,Southeast,completed
18336,847,2026-03-15,Southwest,completed
18337,3295,2024-06-16,Northeast,cancelled
18338,2408,2026-04-05,Northeast,completed
18339,104,2024-01-09,Southwest,returned
18340,3025,2024-12-15,Northeast,completed
18341,1642,2025-09-13,Southeast,completed
18342,358,2025-03-05,Midwest,completed
18343,2237,2024-08-19,Southeast,completed
18344,2272,2026-02-15,Midwest,completed
18345,995,2026-05-15,Northeast,completed
18346,3645,2024-09-04,Midwest,completed
18347,2897,2024-04-20,Southwest,completed
18348,1106,2024-08-24,Midwest,completed
18349,2268,2026-01-19,Southeast,completed
18350,2993,2026-02-05,Southwest,completed
18351,4865,2025-12-21,Southeast,completed
18352,1536,2024-07-26,Southeast,completed
18353,3377,2025-02-04,Midwest,completed
18354,2335,2025-05-27,Southeast,completed
18355,3181,2025-07-07,Northeast,completed
18356,811,2026-08-02,Southwest,completed
18357,669,2025-11-29,West,completed
18358,530,2025-06-02,Southeast,returned
18359,1382,2025-09-16,Southwest,completed
18360,4531,2026-02-22,Southeast,completed
18361,3074,2026-05-14,Southeast,completed
18362,4059,2025-06-08,Northeast,cancelled
18363,983,2026-05-17,West,completed
18364,4986,2024-05-08,Southwest,completed
18365,1164,2025-06-21,Southeast,completed
18366,1717,2024-08-06,West,completed
18367,3840,2026-07-16,Southwest,completed
18368,1058,2026-08-13,West,completed
18369,1218,2026-03-20,West,completed
18370,4103,2026-06-17,Northeast,completed
18371,114,2026-01-27,Southwest,completed
18372,3096,2026-06-11,Southeast,completed
18373,18,2024-12-02,Northeast,completed
18374,348,2024-06-13,Southwest,completed
18375,2921,2024-02-13,Southeast,completed
18376,4340,2025-02-07,Southeast,returned
18377,1186,2024-12-16,West,completed
18378,4005,2025-10-24,West,completed
18379,3851,2026-02-26,Midwest,completed
18380,139,2025-02-25,West,completed
18381,3219,2024-04-03,Northeast,completed
18382,4836,2025-03-06,Southeast,completed
18383,168,2024-11-29,Southwest,completed
18384,4102,2025-07-13,Northeast,completed
18385,775,2024-08-18,Southwest,completed
18386,1129,2026-07-11,Midwest,completed
18387,4466,2024-02-11,Southwest,returned
18388,3284,2026-07-14,West,completed
18389,3140,2024-06-21,Southeast,completed
18390,3774,2024-08-28,Southwest,completed
18391,3218,2026-06-21,Midwest,completed
18392,674,2024-06-04,Midwest,cancelled
18393,200,2025-05-27,Midwest,completed
18394,1060,2024-11-20,West,completed
18395,2704,2025-03-08,Southwest,completed
18396,677,2025-08-10,Midwest,completed
18397,2427,2025-03-01,Northeast,completed
18398,1674,2026-05-24,Southwest,completed
18399,3023,2025-02-07,Southwest,completed
18400,2716,2024-09-18,Midwest,completed
18401,491,2026-01-02,Midwest,completed
18402,4870,2025-03-11,Midwest,completed
18403,2173,2024-07-18,Midwest,completed
18404,4141,2025-12-21,Southwest,completed
18405,4612,2026-01-31,Southeast,returned
18406,309,2026-02-08,Southeast,returned
18407,1691,2025-08-26,Southwest,completed
18408,1959,2024-01-20,Northeast,completed
18409,4535,2026-03-23,Southeast,completed
18410,2377,2024-08-26,Northeast,completed
18411,3974,2026-05-21,Southwest,completed
18412,1002,2026-01-11,Northeast,returned
18413,1910,2024-01-26,Southeast,returned
18414,3605,2026-03-17,Midwest,completed
18415,3544,2025-08-29,Southeast,cancelled
18416,3341,2025-10-29,Northeast,completed
18417,3693,2025-08-30,Southwest,completed
18418,2001,2026-07-05,Northeast,completed
18419,1938,2024-05-16,Southwest,completed
18420,1555,2025-02-06,Southeast,completed
18421,4735,2024-02-12,West,completed
18422,1026,2026-05-10,West,completed
18423,4183,2024-11-25,Northeast,completed
18424,3816,2024-06-07,Midwest,completed
18425,3051,2026-02-19,Midwest,completed
18426,3422,2024-07-20,Northeast,completed
18427,3211,2024-04-27,Northeast,completed
18428,3159,2025-02-01,Northeast,completed
18429,4231,2024-07-24,Southeast,completed
18430,3005,2026-05-18,Northeast,completed
18431,605,2024-08-11,Midwest,completed
18432,2716,2025-03-07,Midwest,completed
18433,4978,2025-10-15,West,completed
18434,2471,2026-05-07,Southwest,completed
18435,731,2024-06-02,Southeast,completed
18436,3210,2024-10-12,Southeast,completed
18437,4689,2024-05-12,West,completed
18438,1122,2026-08-12,Southwest,completed
18439,2756,2026-08-22,Southwest,completed
18440,2267,2025-08-25,Northeast,completed
18441,2682,2025-04-30,Southeast,completed
18442,544,2024-11-25,Southwest,completed
18443,1989,2026-03-02,West,completed
18444,4911,2024-03-07,Southeast,completed
18445,3209,2024-01-04,Northeast,completed
18446,1876,2024-08-15,Midwest,completed
18447,1631,2025-03-01,Midwest,completed
18448,3107,2025-05-08,West,completed
18449,4776,2024-05-07,Southwest,returned
18450,4348,2024-09-09,Southwest,completed
18451,2643,2024-02-24,Southwest,completed
18452,4640,2026-07-11,Southwest,returned
18453,4088,2024-05-06,Midwest,completed
18454,4230,2026-03-09,Southeast,completed
18455,3360,2026-05-25,Midwest,completed
18456,1860,2024-10-06,Midwest,completed
18457,3394,2026-05-26,Northeast,completed
18458,235,2026-08-07,West,completed
18459,2312,2026-07-16,Midwest,completed
18460,676,2024-01-27,Northeast,completed
18461,3325,2025-12-18,Southwest,completed
18462,378,2025-07-13,West,completed
18463,4367,2025-11-25,Midwest,completed
18464,2881,2024-09-07,Northeast,cancelled
18465,1843,2026-04-06,Southeast,completed
18466,421,2024-08-16,West,completed
18467,4204,2026-06-02,Southeast,completed
18468,1498,2024-10-11,Midwest,completed
18469,3132,2026-03-08,Southwest,completed
18470,3486,2024-08-14,Midwest,returned
18471,2279,2026-04-18,Northeast,completed
18472,3068,2025-11-18,Southwest,completed
18473,4827,2025-06-29,Southwest,completed
18474,1442,2025-10-08,West,completed
18475,4308,2024-01-07,Southeast,returned
18476,4921,2025-12-29,Southeast,completed
18477,2126,2024-12-15,West,completed
18478,567,2026-04-10,Midwest,completed
18479,2188,2025-03-01,Midwest,completed
18480,563,2026-02-02,Southeast,returned
18481,4938,2025-02-08,Southeast,returned
18482,519,2024-03-10,West,completed
18483,1245,2026-01-21,West,completed
18484,2281,2024-07-11,Southwest,completed
18485,1445,2024-05-19,Northeast,completed
18486,3827,2025-07-03,Southwest,completed
18487,316,2025-11-01,Southeast,completed
18488,1537,2025-04-13,Southeast,completed
18489,1640,2025-05-10,Midwest,completed
18490,2964,2026-02-12,West,completed
18491,2788,2024-04-29,Southwest,completed
18492,3980,2024-04-06,Midwest,completed
18493,4557,2024-02-21,Southeast,completed
18494,3457,2026-03-30,Southwest,completed
18495,714,2024-07-24,Northeast,returned
18496,2401,2024-01-05,Southwest,completed
18497,2831,2025-12-16,Southeast,completed
18498,173,2024-01-07,Midwest,completed
18499,1320,2026-02-23,Southwest,completed
18500,1537,2024-11-12,Southeast,completed
18501,220,2026-06-17,Northeast,completed
18502,2468,2026-03-03,Southeast,completed
18503,1533,2024-08-03,Northeast,completed
18504,2832,2025-02-16,Southwest,completed
18505,495,2026-05-05,Northeast,completed
18506,254,2024-11-02,Southeast,cancelled
18507,629,2025-05-26,Southeast,completed
18508,1491,2024-08-13,Southeast,completed
18509,2833,2024-09-23,Midwest,completed
18510,912,2026-03-13,Southwest,returned
18511,1297,2024-09-29,West,completed
18512,914,2026-07-07,West,completed
18513,502,2025-05-22,Northeast,completed
18514,462,2024-05-16,Midwest,returned
18515,4612,2024-07-27,Southeast,completed
18516,2444,2026-06-10,Midwest,completed
18517,3782,2025-07-13,Midwest,completed
18518,3045,2026-04-05,Southwest,returned
18519,2484,2025-02-05,Southeast,completed
18520,510,2025-07-17,Southwest,completed
18521,1926,2024-12-23,Southwest,completed
18522,2006,2026-01-15,West,completed
18523,3611,2026-07-05,Northeast,cancelled
18524,4565,2025-07-13,West,completed
18525,3332,2025-06-04,Northeast,completed
18526,4809,2026-04-24,West,completed
18527,1082,2025-08-20,Southeast,completed
18528,3162,2025-11-02,Midwest,cancelled
18529,4838,2025-07-10,Northeast,completed
18530,1567,2026-03-06,Southwest,completed
18531,3745,2025-04-21,Southeast,completed
18532,3287,2026-08-14,Northeast,completed
18533,4412,2025-04-10,West,completed
18534,3302,2026-03-31,Southeast,completed
18535,2110,2025-06-05,Southeast,completed
18536,3609,2026-01-19,West,cancelled
18537,3436,2025-02-15,Northeast,completed
18538,4584,2025-02-26,West,completed
18539,933,2026-03-30,Southwest,completed
18540,679,2026-08-23,Northeast,completed
18541,894,2024-04-25,Southwest,completed
18542,1300,2025-11-04,Midwest,cancelled
18543,298,2024-11-21,Northeast,completed
18544,2830,2025-12-28,Northeast,completed
18545,4681,2024-04-15,Northeast,completed
18546,1101,2026-07-06,Northeast,completed
18547,2748,2025-01-31,Midwest,completed
18548,3410,2024-03-15,Northeast,completed
18549,2527,2026-02-13,Midwest,completed
18550,3299,2025-12-11,Southeast,completed
18551,852,2025-04-18,Southeast,completed
18552,4143,2025-11-15,Midwest,returned
18553,3020,2024-07-30,Southwest,completed
18554,4347,2025-03-09,Northeast,cancelled
18555,4964,2024-11-30,Northeast,completed
18556,793,2025-04-25,West,completed
18557,3107,2026-07-01,West,completed
18558,767,2025-07-06,Northeast,completed
18559,1152,2024-07-23,Southeast,completed
18560,1454,2026-06-14,Southwest,cancelled
18561,2880,2024-03-03,Northeast,cancelled
18562,888,2026-05-01,Southwest,completed
18563,276,2024-04-06,West,completed
18564,1494,2024-07-13,Northeast,completed
18565,2385,2026-01-08,Southwest,completed
18566,2944,2024-11-07,Northeast,cancelled
18567,2791,2026-05-23,Northeast,completed
18568,2239,2026-06-03,Southeast,completed
18569,449,2024-09-14,West,completed
18570,3009,2024-04-17,Midwest,completed
18571,2209,2026-06-23,Southwest,completed
18572,52,2025-05-31,Northeast,completed
18573,272,2024-05-02,Midwest,cancelled
18574,1012,2025-02-15,Southwest,completed
18575,2062,2025-03-16,Southeast,completed
18576,1448,2024-09-01,Midwest,completed
18577,1649,2026-04-16,Midwest,cancelled
18578,3663,2025-02-12,Southeast,completed
18579,946,2025-01-16,Northeast,completed
18580,2135,2024-01-16,Southeast,completed
18581,1326,2025-09-09,Southeast,completed
18582,2089,2026-05-31,Southwest,cancelled
18583,1838,2025-07-03,Midwest,completed
18584,2095,2026-06-09,Southeast,completed
18585,1299,2025-08-09,Northeast,completed
18586,3595,2025-11-29,Midwest,completed
18587,2636,2025-09-20,Southwest,completed
18588,4416,2025-03-21,Southeast,completed
18589,3376,2025-09-26,Southeast,returned
18590,909,2025-01-07,Northeast,completed
18591,456,2025-10-01,Midwest,completed
18592,4306,2025-12-10,Southeast,completed
18593,1507,2024-02-15,Midwest,completed
18594,666,2025-11-19,Midwest,returned
18595,919,2025-02-04,Southwest,completed
18596,1973,2026-08-21,Southeast,completed
18597,1509,2024-06-08,Southwest,completed
18598,2056,2025-08-07,Southwest,completed
18599,4871,2025-08-08,Northeast,completed
18600,930,2024-09-07,Southwest,completed
18601,3616,2026-07-10,Midwest,completed
18602,3515,2025-02-12,Southwest,completed
18603,4819,2025-03-04,Southwest,completed
18604,548,2025-03-26,Northeast,returned
18605,2104,2025-06-05,Southeast,completed
18606,2088,2025-09-11,West,completed
18607,1492,2025-04-17,Southeast,completed
18608,526,2025-05-28,Northeast,completed
18609,49,2024-02-02,Midwest,cancelled
18610,1956,2026-04-11,Southeast,completed
18611,4797,2024-06-18,Midwest,completed
18612,3236,2025-01-13,Northeast,completed
18613,1414,2024-10-20,Midwest,completed
18614,563,2024-03-12,Southeast,completed
18615,1884,2026-07-04,Southwest,completed
18616,1336,2026-05-11,West,completed
18617,4334,2025-12-09,Southeast,completed
18618,3840,2025-07-03,Southwest,completed
18619,2266,2024-10-10,Northeast,completed
18620,3433,2026-01-15,West,returned
18621,90,2025-05-27,Southwest,returned
18622,1190,2025-11-05,West,completed
18623,4726,2024-03-14,Midwest,completed
18624,1768,2024-09-15,Southwest,completed
18625,125,2025-10-17,Northeast,completed
18626,1457,2024-08-20,Midwest,completed
18627,4613,2025-06-30,Northeast,completed
18628,3291,2024-02-23,Southwest,completed
18629,2192,2024-03-01,Southeast,completed
18630,2573,2024-08-03,Southwest,completed
18631,915,2025-07-12,Midwest,completed
18632,4259,2025-07-19,Midwest,completed
18633,3718,2024-08-06,Northeast,completed
18634,2809,2025-11-28,West,completed
18635,2665,2024-02-04,Midwest,completed
18636,4347,2025-04-23,Northeast,completed
18637,2218,2025-07-03,Southeast,completed
18638,4245,2026-06-01,Midwest,completed
18639,1912,2025-04-24,West,cancelled
18640,748,2025-10-01,Northeast,completed
18641,1866,2025-06-08,Southwest,completed
18642,540,2026-05-29,Southeast,completed
18643,513,2024-05-09,West,completed
18644,2926,2025-12-08,West,completed
18645,4507,2026-06-25,Northeast,completed
18646,3791,2025-07-24,Southeast,completed
18647,750,2026-07-31,Northeast,completed
18648,2833,2024-07-22,Midwest,completed
18649,685,2025-10-13,Midwest,returned
18650,4223,2024-05-05,Southwest,completed
18651,4584,2026-07-02,West,completed
18652,875,2024-10-05,Midwest,completed
18653,4646,2025-03-23,Northeast,completed
18654,1413,2026-03-31,Southeast,completed
18655,3793,2024-03-23,Southeast,completed
18656,2756,2026-01-17,Southwest,completed
18657,2075,2025-01-20,Southeast,completed
18658,3445,2025-12-02,Northeast,completed
18659,1366,2026-08-24,Southeast,completed
18660,1460,2024-04-12,Northeast,completed
18661,2610,2025-09-23,Midwest,completed
18662,2746,2024-09-27,Northeast,completed
18663,4323,2026-01-29,Midwest,completed
18664,2459,2024-02-19,Midwest,completed
18665,530,2024-05-25,Southeast,completed
18666,2900,2026-03-01,Southeast,completed
18667,1688,2024-11-10,Southwest,completed
18668,1436,2024-01-21,Southeast,completed
18669,2076,2025-10-07,West,completed
18670,2112,2025-06-25,West,completed
18671,3432,2026-07-05,Northeast,completed
18672,853,2024-03-23,Midwest,completed
18673,4394,2026-08-14,Southwest,completed
18674,1516,2024-10-28,Southwest,completed
18675,928,2025-09-03,West,completed
18676,4789,2025-01-04,Southeast,completed
18677,1870,2024-02-27,Southeast,completed
18678,782,2024-01-16,Northeast,completed
18679,1204,2024-03-08,Midwest,completed
18680,3689,2024-06-08,Southwest,completed
18681,1737,2026-06-02,Southeast,completed
18682,138,2025-11-14,Northeast,completed
18683,978,2024-08-12,Southwest,completed
18684,1951,2025-03-22,Midwest,completed
18685,2194,2025-09-13,West,completed
18686,7,2025-01-28,Southwest,completed
18687,396,2025-01-05,Midwest,completed
18688,4159,2024-01-31,Southeast,completed
18689,4036,2024-08-17,Southeast,completed
18690,4325,2024-12-15,Northeast,completed
18691,3795,2025-08-23,Southwest,completed
18692,3580,2025-09-10,West,completed
18693,893,2026-05-18,Southwest,completed
18694,1004,2026-07-13,Southwest,completed
18695,993,2026-07-25,Northeast,cancelled
18696,260,2024-08-09,Northeast,completed
18697,1372,2026-02-26,Midwest,completed
18698,3057,2024-12-14,Southeast,completed
18699,2875,2024-03-26,Northeast,completed
18700,2230,2024-04-10,Northeast,returned
18701,290,2025-06-26,Midwest,completed
18702,2636,2026-06-08,Southwest,completed
18703,986,2025-03-21,Southwest,completed
18704,2173,2025-07-06,Midwest,completed
18705,3809,2025-04-19,Midwest,completed
18706,2507,2024-02-01,Northeast,completed
18707,1902,2024-09-03,Northeast,completed
18708,3028,2024-09-10,Northeast,completed
18709,4228,2024-03-27,Northeast,completed
18710,375,2026-03-21,Southeast,completed
18711,3360,2024-06-05,Midwest,completed
18712,3134,2024-01-24,Northeast,completed
18713,76,2025-07-28,West,completed
18714,3056,2026-05-29,Northeast,completed
18715,644,2025-04-07,Southeast,completed
18716,4984,2024-04-09,West,completed
18717,3256,2024-03-29,Northeast,completed
18718,2933,2025-10-17,Southwest,completed
18719,1827,2025-04-19,West,completed
18720,4714,2026-06-07,Southeast,completed
18721,2731,2025-07-14,Southwest,completed
18722,3185,2026-03-04,West,completed
18723,2517,2026-02-04,West,completed
18724,475,2026-01-04,Midwest,completed
18725,2050,2024-03-06,Midwest,cancelled
18726,4582,2024-10-01,Southwest,completed
18727,4151,2024-02-21,Southeast,completed
18728,799,2025-02-06,Southeast,completed
18729,4270,2024-03-28,Southeast,completed
18730,2415,2026-08-20,Southeast,completed
18731,4057,2024-10-18,West,completed
18732,2413,2026-06-29,West,completed
18733,1728,2025-08-01,Midwest,completed
18734,765,2024-06-28,Midwest,completed
18735,2882,2025-10-09,Midwest,completed
18736,3115,2024-04-04,Southwest,completed
18737,851,2025-04-30,West,completed
18738,4059,2024-07-11,Northeast,completed
18739,1131,2026-06-02,West,completed
18740,758,2024-12-05,West,completed
18741,2660,2024-06-25,Southeast,completed
18742,4427,2024-02-07,Midwest,completed
18743,2726,2025-06-17,Southwest,returned
18744,418,2026-05-28,West,completed
18745,2453,2025-05-16,Northeast,completed
18746,3808,2025-01-03,Midwest,completed
18747,4342,2026-02-05,Southwest,completed
18748,3083,2025-07-17,Southwest,completed
18749,4463,2024-08-09,Midwest,completed
18750,4542,2026-01-15,Midwest,completed
18751,2171,2024-09-02,Midwest,completed
18752,4737,2025-08-01,Southeast,completed
18753,4484,2024-02-08,Southwest,cancelled
18754,4976,2026-07-05,Northeast,completed
18755,1310,2025-09-12,Northeast,completed
18756,931,2025-03-01,Southwest,completed
18757,61,2024-11-17,Midwest,cancelled
18758,102,2025-10-02,Southeast,completed
18759,422,2024-08-01,West,completed
18760,2568,2025-08-30,Midwest,cancelled
18761,201,2025-10-27,West,completed
18762,3882,2026-02-11,Midwest,completed
18763,2440,2024-02-26,Southeast,completed
18764,3617,2024-06-24,Southeast,completed
18765,147,2026-03-14,Southwest,completed
18766,1631,2024-06-20,Midwest,completed
18767,3154,2025-05-03,Southeast,completed
18768,3465,2024-08-23,Midwest,completed
18769,4271,2024-06-22,Southeast,completed
18770,4413,2024-09-05,Southeast,completed
18771,2349,2025-03-27,Northeast,completed
18772,909,2026-07-25,Northeast,completed
18773,3328,2024-11-15,Northeast,completed
18774,4716,2024-10-14,West,completed
18775,4536,2026-01-07,Southwest,completed
18776,1209,2025-08-01,Midwest,completed
18777,1239,2026-01-06,Southwest,returned
18778,3641,2025-01-16,Southeast,completed
18779,1081,2025-09-24,West,completed
18780,3226,2025-04-10,Northeast,completed
18781,3532,2025-01-02,West,completed
18782,948,2024-08-11,Midwest,completed
18783,4312,2024-03-06,West,completed
18784,1137,2025-09-27,Northeast,completed
18785,371,2024-04-07,Southeast,completed
18786,4775,2025-06-22,Southeast,completed
18787,800,2025-04-09,Southwest,completed
18788,764,2025-06-23,Northeast,completed
18789,4405,2025-05-02,Midwest,completed
18790,1272,2024-11-03,Midwest,completed
18791,3963,2026-03-19,Southwest,completed
18792,4871,2024-08-22,Northeast,cancelled
18793,3464,2025-11-20,West,completed
18794,3685,2026-04-22,West,completed
18795,740,2024-09-19,Southwest,completed
18796,1602,2024-08-28,Northeast,completed
18797,1552,2024-11-24,Northeast,completed
18798,2820,2025-12-16,Midwest,completed
18799,3545,2024-11-24,Northeast,completed
18800,3071,2025-06-24,Southwest,completed
18801,1373,2024-10-02,Northeast,cancelled
18802,1770,2025-11-19,Southwest,completed
18803,1426,2024-01-28,West,completed
18804,1834,2026-07-01,Southwest,completed
18805,574,2024-03-01,West,completed
18806,3998,2026-07-03,Southwest,completed
18807,1376,2026-05-05,Southeast,completed
18808,1743,2025-04-01,Southwest,completed
18809,1517,2024-10-30,West,completed
18810,2296,2025-11-21,Southwest,completed
18811,3595,2026-03-06,Midwest,completed
18812,4783,2025-03-15,West,completed
18813,3691,2025-11-26,West,completed
18814,598,2025-04-24,West,completed
18815,4208,2024-02-08,Southeast,completed
18816,3639,2025-04-18,Southeast,completed
18817,4531,2025-02-09,Southeast,completed
18818,3905,2025-01-24,Northeast,completed
18819,2244,2024-01-19,West,completed
18820,4762,2025-02-27,Northeast,completed
18821,195,2025-02-07,Southwest,completed
18822,2032,2025-05-16,Midwest,completed
18823,4996,2025-09-08,Northeast,completed
18824,3714,2026-02-23,Southwest,completed
18825,1316,2025-05-26,Southwest,completed
18826,1405,2024-09-19,Southeast,completed
18827,3215,2024-01-03,Northeast,cancelled
18828,4599,2024-01-16,Southwest,completed
18829,333,2025-06-12,West,completed
18830,1076,2026-04-11,West,completed
18831,2021,2024-07-20,Midwest,completed
18832,3889,2024-06-09,Southwest,completed
18833,2497,2026-02-28,Southeast,completed
18834,4690,2024-12-26,Midwest,completed
18835,1182,2024-08-08,Northeast,completed
18836,1328,2026-05-23,Southeast,completed
18837,1431,2025-10-18,Southeast,completed
18838,3238,2025-05-27,Southeast,completed
18839,2686,2026-02-25,Southeast,completed
18840,3411,2025-09-26,Southeast,completed
18841,2135,2026-06-28,Southeast,completed
18842,1278,2025-09-27,West,completed
18843,2674,2026-07-14,Southeast,completed
18844,3206,2025-10-30,West,completed
18845,4486,2025-04-21,Southwest,completed
18846,726,2025-09-17,Southeast,completed
18847,4441,2026-03-19,West,completed
18848,3344,2024-02-22,Midwest,completed
18849,3225,2024-07-02,West,completed
18850,1571,2024-09-29,West,completed
18851,4029,2025-08-18,West,completed
18852,1530,2026-05-13,Southwest,completed
18853,2252,2026-05-20,Southeast,completed
18854,426,2024-06-15,Midwest,completed
18855,3536,2026-02-13,West,completed
18856,1125,2026-01-23,West,completed
18857,3252,2025-07-27,Midwest,completed
18858,4810,2025-05-16,Southeast,completed
18859,2926,2025-09-04,West,completed
18860,3215,2025-04-11,Northeast,completed
18861,1213,2026-02-25,Southwest,completed
18862,4429,2026-01-24,Northeast,completed
18863,1145,2026-05-19,Southeast,completed
18864,817,2025-02-13,Southeast,completed
18865,4338,2025-01-10,Northeast,completed
18866,3786,2025-11-26,Southwest,completed
18867,1580,2026-07-17,Midwest,cancelled
18868,3797,2024-12-09,Northeast,completed
18869,2166,2024-09-10,Midwest,completed
18870,3470,2025-07-01,Midwest,completed
18871,3504,2025-01-27,Midwest,completed
18872,2413,2025-09-20,West,completed
18873,4521,2024-01-12,Southeast,completed
18874,4676,2024-04-25,Northeast,returned
18875,3101,2026-04-01,Southeast,completed
18876,602,2025-06-21,Northeast,completed
18877,831,2025-02-08,Southwest,completed
18878,4905,2024-03-26,West,completed
18879,4924,2024-05-11,Southwest,completed
18880,3813,2025-11-29,Southwest,completed
18881,4611,2025-05-02,Northeast,completed
18882,1574,2026-05-20,Midwest,cancelled
18883,3276,2024-09-27,Southeast,completed
18884,1601,2024-07-09,West,completed
18885,3566,2025-03-08,Northeast,completed
18886,1604,2026-07-28,Midwest,completed
18887,4993,2025-06-03,Southeast,completed
18888,1915,2024-05-17,West,completed
18889,4258,2026-03-12,Southeast,completed
18890,2655,2025-04-24,West,completed
18891,3934,2025-06-19,Northeast,completed
18892,2188,2024-12-19,Midwest,completed
18893,1514,2025-08-17,Southwest,cancelled
18894,3358,2026-05-06,Northeast,completed
18895,4146,2025-04-19,Southwest,completed
18896,730,2024-12-24,Midwest,cancelled
18897,621,2025-07-31,Midwest,completed
18898,3631,2026-03-30,Northeast,returned
18899,2712,2026-04-06,Midwest,completed
18900,2631,2026-06-17,Southeast,completed
18901,2799,2024-03-08,Southeast,completed
18902,463,2026-08-13,West,completed
18903,4847,2025-10-19,Southwest,cancelled
18904,805,2026-08-22,Southwest,completed
18905,3556,2025-02-05,West,completed
18906,3685,2024-02-09,West,completed
18907,699,2025-10-04,Midwest,completed
18908,404,2025-06-17,Northeast,completed
18909,3370,2025-07-13,Southwest,completed
18910,2411,2025-11-12,Northeast,completed
18911,1095,2026-04-15,Midwest,cancelled
18912,9,2024-07-18,Southwest,completed
18913,2650,2025-03-30,Southeast,completed
18914,1645,2025-01-28,West,completed
18915,789,2024-02-05,West,completed
18916,2818,2024-01-24,Southeast,completed
18917,4767,2026-08-16,Midwest,completed
18918,3569,2025-02-11,Northeast,completed
18919,979,2024-07-17,West,returned
18920,376,2026-04-09,Midwest,completed
18921,4051,2026-04-03,West,completed
18922,2503,2025-03-29,West,completed
18923,3113,2026-08-14,Southwest,completed
18924,1968,2026-08-22,West,completed
18925,444,2024-08-05,Northeast,completed
18926,3351,2025-01-16,Midwest,completed
18927,2448,2024-03-24,Midwest,completed
18928,1479,2024-03-11,Northeast,completed
18929,4022,2024-03-21,Southwest,completed
18930,3073,2024-05-15,Southwest,completed
18931,4085,2025-05-09,Southeast,completed
18932,3730,2024-12-25,Northeast,returned
18933,3402,2026-07-12,Midwest,completed
18934,2812,2025-06-26,Southwest,completed
18935,1654,2024-11-19,West,completed
18936,508,2024-09-19,West,completed
18937,1875,2024-09-06,Southwest,completed
18938,2549,2025-07-23,Northeast,completed
18939,2498,2026-01-26,West,completed
18940,1331,2025-11-11,West,completed
18941,4581,2025-11-03,West,completed
18942,4981,2025-06-23,Northeast,completed
18943,1967,2025-10-25,Northeast,completed
18944,133,2026-05-21,Northeast,completed
18945,570,2025-07-07,Northeast,completed
18946,2117,2026-01-19,Southeast,completed
18947,3110,2025-03-11,Southwest,completed
18948,2147,2024-08-07,Southeast,completed
18949,432,2026-01-14,West,completed
18950,1134,2024-07-09,Southeast,completed
18951,3931,2025-08-24,Southwest,completed
18952,1818,2024-11-12,West,completed
18953,2655,2024-05-25,West,completed
18954,2953,2024-11-01,West,returned
18955,1111,2025-08-28,Midwest,completed
18956,102,2025-05-11,Southeast,completed
18957,4132,2024-05-14,West,completed
18958,2383,2025-12-17,Southeast,completed
18959,4884,2026-03-15,Southeast,returned
18960,4939,2025-07-19,West,completed
18961,4722,2024-07-18,Southwest,completed
18962,460,2024-06-05,Southwest,completed
18963,3111,2026-07-23,Southeast,completed
18964,2110,2024-02-26,Southeast,completed
18965,3504,2024-12-03,Midwest,completed
18966,3360,2026-06-03,Midwest,completed
18967,2897,2024-10-19,Southwest,completed
18968,1395,2025-05-16,Northeast,completed
18969,2991,2026-01-13,Southeast,completed
18970,711,2024-06-06,Southwest,completed
18971,3949,2024-10-15,Southwest,completed
18972,3495,2026-06-08,Northeast,completed
18973,3277,2025-03-04,Northeast,completed
18974,1349,2026-07-20,Southeast,completed
18975,1487,2025-02-12,West,completed
18976,1142,2024-12-23,West,completed
18977,555,2025-02-24,Southwest,completed
18978,2893,2025-09-04,Southwest,completed
18979,152,2026-07-05,Midwest,completed
18980,742,2025-04-21,Southeast,completed
18981,2795,2024-01-27,Southwest,completed
18982,2938,2025-12-28,Northeast,cancelled
18983,102,2025-11-27,Southeast,completed
18984,331,2026-07-17,Southeast,completed
18985,269,2026-04-14,Southwest,completed
18986,4495,2026-05-11,Northeast,completed
18987,230,2024-11-07,Southwest,completed
18988,2231,2026-04-15,Midwest,completed
18989,4861,2024-03-12,Midwest,completed
18990,3429,2024-12-07,Southwest,completed
18991,2947,2025-05-22,Northeast,returned
18992,328,2024-01-12,Southeast,completed
18993,4359,2025-12-09,Southeast,completed
18994,4990,2025-12-01,Northeast,completed
18995,3469,2025-01-15,Southeast,completed
18996,1879,2024-03-18,Northeast,completed
18997,4847,2026-06-25,Southwest,completed
18998,4791,2024-12-08,Southeast,completed
18999,1789,2025-04-09,Southeast,completed
19000,2925,2026-04-14,Southwest,completed
19001,164,2025-09-15,Midwest,completed
19002,1746,2025-02-19,Midwest,completed
19003,2317,2025-01-02,Southwest,completed
19004,1517,2025-12-17,West,returned
19005,4909,2024-11-21,Northeast,completed
19006,4524,2024-06-01,Southeast,completed
19007,604,2024-02-12,Northeast,completed
19008,1045,2026-04-17,Midwest,completed
19009,1592,2026-06-29,Midwest,completed
19010,357,2025-08-22,Southeast,completed
19011,2282,2024-02-08,Northeast,completed
19012,3550,2024-04-22,Midwest,completed
19013,4640,2024-01-31,Southwest,returned
19014,4348,2024-09-07,Southwest,completed
19015,548,2025-01-09,Northeast,completed
19016,1022,2024-10-10,West,completed
19017,1427,2025-12-11,Midwest,completed
19018,3069,2025-02-10,Midwest,completed
19019,2653,2026-05-30,Northeast,completed
19020,3888,2026-05-22,Southeast,completed
19021,496,2026-04-19,Northeast,completed
19022,4134,2024-08-03,Midwest,completed
19023,2304,2026-02-15,Southeast,completed
19024,4303,2025-01-07,Southeast,returned
19025,2829,2025-05-19,Midwest,completed
19026,1861,2026-01-01,West,completed
19027,3103,2024-04-04,Midwest,completed
19028,1228,2026-06-21,Midwest,completed
19029,4190,2026-06-01,Southwest,completed
19030,1849,2024-04-08,West,cancelled
19031,3682,2025-12-16,West,completed
19032,2726,2025-03-31,Southwest,completed
19033,4834,2024-02-29,West,completed
19034,4081,2024-08-14,Northeast,completed
19035,717,2025-08-04,Midwest,completed
19036,2923,2025-07-23,Southeast,completed
19037,2480,2025-10-08,Northeast,completed
19038,14,2024-08-02,Southwest,completed
19039,3750,2025-02-04,Midwest,completed
19040,3983,2024-01-24,Southeast,completed
19041,4457,2026-03-31,Midwest,completed
19042,4182,2025-11-06,Southeast,completed
19043,2179,2024-08-10,Southwest,completed
19044,1667,2024-01-12,Midwest,completed
19045,4873,2026-03-23,Midwest,completed
19046,2788,2025-05-02,Southwest,completed
19047,1630,2025-06-23,West,completed
19048,4672,2024-01-17,Northeast,completed
19049,1776,2025-04-24,Midwest,completed
19050,787,2025-11-21,Southeast,completed
19051,3674,2026-01-08,West,completed
19052,1836,2024-11-10,Southwest,completed
19053,1935,2025-11-03,Southeast,completed
19054,4081,2025-06-20,Northeast,completed
19055,284,2024-11-28,West,completed
19056,362,2025-03-16,Southeast,completed
19057,2863,2025-03-30,West,completed
19058,3085,2024-08-16,Southwest,returned
19059,2924,2024-06-02,Midwest,completed
19060,2942,2025-08-18,West,completed
19061,697,2025-08-30,Southeast,completed
19062,2319,2024-08-09,Midwest,completed
19063,4215,2026-03-05,Southwest,completed
19064,3711,2025-06-15,Southeast,returned
19065,2560,2026-02-13,West,completed
19066,4145,2024-01-13,West,completed
19067,4058,2026-07-14,Northeast,completed
19068,2998,2025-06-20,West,completed
19069,1505,2024-03-23,Southeast,completed
19070,3997,2024-09-27,Midwest,completed
19071,982,2026-04-29,West,completed
19072,2266,2025-05-06,Northeast,completed
19073,1536,2025-04-27,Southeast,returned
19074,711,2024-03-07,Southwest,completed
19075,3219,2025-12-04,Northeast,completed
19076,3767,2025-03-31,West,completed
19077,5,2025-11-13,West,cancelled
19078,2845,2025-11-15,Southeast,completed
19079,3597,2024-07-05,Southeast,completed
19080,293,2025-03-28,Southeast,completed
19081,1170,2025-09-27,Midwest,completed
19082,4419,2025-11-25,Southwest,completed
19083,883,2024-10-14,Southwest,completed
19084,782,2026-06-12,Northeast,completed
19085,3028,2026-01-06,Northeast,completed
19086,2597,2025-08-06,Northeast,completed
19087,4179,2025-07-15,Northeast,completed
19088,3363,2024-04-09,Southeast,completed
19089,323,2025-04-27,West,completed
19090,3576,2024-07-11,Southeast,completed
19091,1916,2026-04-11,West,cancelled
19092,1548,2025-09-17,Southeast,completed
19093,3533,2024-01-07,West,completed
19094,2127,2024-12-12,Southeast,completed
19095,3449,2025-03-29,Midwest,returned
19096,3243,2025-08-07,Midwest,completed
19097,171,2026-01-10,West,completed
19098,3074,2024-08-14,Southeast,completed
19099,4540,2024-12-27,West,completed
19100,2859,2024-01-14,Northeast,completed
19101,2327,2024-07-09,Northeast,completed
19102,3627,2025-02-02,Midwest,completed
19103,697,2024-12-30,Southeast,completed
19104,3816,2024-12-30,Midwest,completed
19105,2269,2025-03-01,Northeast,completed
19106,3127,2026-02-13,West,completed
19107,1224,2024-11-12,West,completed
19108,1730,2024-05-31,Southeast,cancelled
19109,59,2026-06-02,Southwest,completed
19110,2494,2024-03-29,Midwest,completed
19111,2128,2024-11-04,Midwest,completed
19112,1274,2024-11-23,West,completed
19113,4051,2025-01-06,West,completed
19114,2917,2025-11-26,Southwest,completed
19115,3187,2025-12-22,Southeast,completed
19116,1327,2024-11-04,Northeast,cancelled
19117,2408,2024-10-24,Northeast,completed
19118,3145,2026-04-10,Southwest,completed
19119,1889,2024-07-28,West,completed
19120,444,2025-07-02,Northeast,completed
19121,3729,2025-07-22,Southeast,completed
19122,2900,2024-07-09,Southeast,completed
19123,174,2026-05-22,Midwest,returned
19124,957,2025-03-28,Southwest,completed
19125,3493,2024-10-08,Northeast,completed
19126,4459,2026-08-21,Midwest,completed
19127,4117,2025-11-23,Southeast,completed
19128,1910,2025-10-14,Southeast,completed
19129,25,2024-05-06,Southwest,completed
19130,2306,2026-01-16,Southwest,completed
19131,3840,2024-06-01,Southwest,cancelled
19132,693,2024-10-21,Southwest,completed
19133,1962,2025-04-15,Southeast,completed
19134,3538,2026-04-29,Midwest,cancelled
19135,2414,2026-06-07,Southwest,completed
19136,1374,2024-08-13,Southeast,completed
19137,2612,2025-03-16,West,completed
19138,1516,2026-05-14,Southwest,completed
19139,2820,2026-03-01,Midwest,completed
19140,612,2026-02-17,Midwest,completed
19141,1603,2025-12-20,Southwest,completed
19142,2392,2024-04-01,Midwest,cancelled
19143,3385,2026-05-14,West,cancelled
19144,966,2024-12-20,Midwest,completed
19145,3197,2026-03-17,Northeast,completed
19146,454,2025-05-02,Southeast,completed
19147,2061,2024-04-24,West,completed
19148,581,2025-08-06,Midwest,completed
19149,1500,2024-04-25,Southwest,completed
19150,860,2026-06-13,Northeast,completed
19151,1825,2024-05-31,Southeast,completed
19152,130,2024-05-07,Southeast,completed
19153,1422,2025-12-17,Southwest,completed
19154,4584,2024-12-21,West,completed
19155,1280,2024-11-04,Southwest,completed
19156,4474,2024-07-22,West,completed
19157,1265,2024-03-19,Southeast,completed
19158,4402,2025-02-27,Midwest,completed
19159,4283,2025-04-01,West,completed
19160,1676,2024-05-25,Midwest,completed
19161,1908,2025-07-01,West,completed
19162,1170,2026-03-26,Midwest,returned
19163,1572,2025-08-23,Southwest,completed
19164,3171,2025-03-21,West,completed
19165,141,2025-10-16,Southeast,completed
19166,163,2024-07-12,Northeast,completed
19167,1918,2025-05-15,Northeast,completed
19168,2990,2024-03-29,Southeast,cancelled
19169,1895,2025-09-20,West,completed
19170,4471,2025-07-11,Southwest,completed
19171,3824,2025-01-15,Northeast,completed
19172,2106,2025-04-26,Southwest,completed
19173,1283,2026-05-03,Southeast,completed
19174,1673,2024-04-26,Midwest,completed
19175,3667,2026-07-25,Northeast,completed
19176,1143,2026-07-28,West,completed
19177,1630,2024-03-25,West,completed
19178,3890,2024-12-29,West,completed
19179,2444,2024-01-06,Midwest,completed
19180,596,2025-06-13,West,completed
19181,1527,2026-06-15,Southwest,completed
19182,4172,2025-09-29,Northeast,completed
19183,1287,2025-09-29,Northeast,completed
19184,2738,2024-08-16,Southeast,completed
19185,3400,2025-04-08,Southeast,completed
19186,2422,2025-12-04,Southeast,returned
19187,1125,2026-01-20,West,completed
19188,4097,2025-10-30,Southeast,completed
19189,3477,2026-01-19,Southeast,completed
19190,4683,2026-08-24,Southwest,completed
19191,3621,2026-02-03,Midwest,returned
19192,341,2024-07-09,Northeast,completed
19193,4913,2025-04-10,Northeast,cancelled
19194,1196,2026-02-25,Southwest,completed
19195,659,2026-04-11,Southwest,completed
19196,3666,2026-02-18,Northeast,returned
19197,628,2024-07-24,Southeast,completed
19198,768,2025-04-22,Southwest,cancelled
19199,69,2025-12-28,Northeast,completed
19200,3856,2025-04-13,West,completed
19201,4271,2024-03-08,Southeast,cancelled
19202,1282,2026-05-16,Southwest,completed
19203,2510,2024-08-27,Midwest,completed
19204,1445,2025-07-26,Northeast,completed
19205,1167,2026-07-31,Northeast,returned
19206,3177,2024-01-19,Northeast,returned
19207,2873,2024-12-18,West,completed
19208,4105,2025-02-05,Midwest,completed
19209,3184,2025-12-14,Midwest,completed
19210,1448,2025-04-04,Midwest,completed
19211,549,2024-03-01,Midwest,returned
19212,3468,2024-10-22,West,completed
19213,1910,2024-07-13,Southeast,completed
19214,4619,2024-10-26,Southeast,completed
19215,1433,2026-02-13,Southeast,completed
19216,4457,2025-10-25,Midwest,completed
19217,3013,2024-06-08,Midwest,completed
19218,2773,2024-08-24,West,completed
19219,1432,2024-04-18,Southwest,completed
19220,91,2025-09-05,Southeast,completed
19221,1318,2026-01-16,Southeast,completed
19222,2135,2024-02-29,Southeast,cancelled
19223,4052,2025-09-14,Midwest,completed
19224,2910,2026-05-04,West,completed
19225,1766,2026-05-15,Northeast,completed
19226,3271,2025-04-28,Midwest,completed
19227,4446,2024-02-11,Southeast,completed
19228,2990,2024-11-07,Southeast,completed
19229,2856,2025-08-07,Northeast,completed
19230,1788,2024-04-29,Northeast,completed
19231,2055,2026-03-10,West,completed
19232,4546,2026-06-03,Southeast,completed
19233,1497,2025-05-24,Northeast,completed
19234,1791,2024-08-02,Southeast,completed
19235,909,2025-06-16,Northeast,cancelled
19236,4031,2026-04-22,West,completed
19237,742,2024-09-02,Southeast,completed
19238,3559,2025-01-03,Southwest,returned
19239,4906,2024-12-09,Midwest,completed
19240,617,2024-04-03,Midwest,completed
19241,496,2024-01-16,Northeast,completed
19242,3336,2024-05-19,Midwest,completed
19243,4986,2024-10-01,Southwest,completed
19244,2099,2024-05-06,Northeast,completed
19245,1775,2025-02-06,Midwest,completed
19246,3487,2024-05-18,Southeast,completed
19247,2961,2026-01-05,Southwest,completed
19248,1545,2026-05-14,West,returned
19249,4358,2025-12-25,Southwest,completed
19250,2113,2026-05-03,Southwest,completed
19251,1241,2024-04-07,Midwest,completed
19252,4246,2024-03-14,Southeast,completed
19253,3770,2024-02-18,Southeast,completed
19254,321,2024-06-14,Southeast,completed
19255,2365,2026-06-30,West,completed
19256,449,2025-12-14,West,completed
19257,112,2026-01-11,West,completed
19258,2923,2024-12-09,Southeast,completed
19259,3528,2024-03-23,Southwest,completed
19260,4422,2026-05-18,Northeast,returned
19261,4601,2024-12-24,Southeast,completed
19262,3790,2024-08-27,Southeast,completed
19263,2769,2025-07-13,Northeast,completed
19264,2579,2025-01-25,Northeast,completed
19265,828,2026-01-28,Midwest,completed
19266,2294,2024-04-19,Midwest,completed
19267,1176,2025-06-10,Northeast,completed
19268,1582,2025-06-06,Southeast,completed
19269,3837,2025-08-29,Southeast,completed
19270,40,2025-05-26,Northeast,completed
19271,4046,2024-07-30,Northeast,completed
19272,640,2026-03-07,West,completed
19273,3383,2024-07-30,Midwest,completed
19274,4706,2025-08-10,Midwest,completed
19275,1156,2025-06-01,Southwest,cancelled
19276,4551,2026-07-19,West,completed
19277,3038,2024-06-03,West,completed
19278,2040,2025-11-02,Southeast,completed
19279,1296,2024-03-05,Southeast,completed
19280,2206,2025-09-02,Midwest,completed
19281,1527,2024-11-26,Southwest,returned
19282,3793,2025-09-26,Southeast,completed
19283,1576,2026-01-05,Southeast,completed
19284,127,2025-03-15,Southeast,completed
19285,4706,2025-08-07,Midwest,completed
19286,284,2024-09-22,West,completed
19287,3991,2026-01-26,West,completed
19288,3790,2024-03-23,Southeast,completed
19289,2574,2024-12-23,West,returned
19290,1654,2024-07-29,West,completed
19291,4545,2025-08-02,Southwest,completed
19292,2501,2026-01-09,West,completed
19293,850,2025-08-17,Southeast,completed
19294,2161,2026-06-27,Southeast,completed
19295,2812,2026-08-24,Southwest,completed
19296,3891,2024-10-27,Northeast,completed
19297,2004,2026-04-10,Southwest,completed
19298,108,2025-05-14,Midwest,completed
19299,620,2026-07-17,Southeast,completed
19300,3038,2025-03-07,West,completed
19301,3606,2024-06-05,Southeast,completed
19302,2369,2026-07-23,Midwest,completed
19303,226,2025-05-19,Southwest,completed
19304,4813,2025-11-13,Southwest,completed
19305,4332,2026-02-01,West,completed
19306,3428,2026-02-14,Northeast,completed
19307,1297,2024-09-06,West,completed
19308,2796,2025-01-25,Southwest,completed
19309,794,2025-04-01,Southwest,completed
19310,939,2024-03-31,Southwest,completed
19311,3211,2024-12-04,Northeast,completed
19312,627,2025-01-14,West,completed
19313,1483,2024-06-01,Midwest,completed
19314,3287,2025-06-26,Northeast,completed
19315,2383,2025-04-17,Southeast,completed
19316,2811,2024-05-03,Southwest,completed
19317,3570,2025-01-20,Southwest,completed
19318,223,2025-06-09,Southwest,completed
19319,3608,2025-11-23,Midwest,completed
19320,4423,2026-02-11,Southeast,completed
19321,3097,2025-05-16,Southwest,completed
19322,3787,2024-04-23,West,completed
19323,2524,2024-09-22,Southeast,completed
19324,4747,2025-10-03,Midwest,cancelled
19325,2651,2024-10-14,Southeast,completed
19326,2291,2024-07-10,Southeast,completed
19327,4032,2026-02-05,Southeast,completed
19328,3608,2024-06-24,Midwest,completed
19329,3121,2025-11-07,Southeast,completed
19330,4207,2025-06-30,West,completed
19331,853,2026-02-11,Midwest,completed
19332,4287,2025-07-16,Southeast,completed
19333,2566,2025-08-30,Midwest,completed
19334,4018,2025-11-19,Midwest,completed
19335,1330,2026-06-07,Midwest,completed
19336,3250,2024-09-26,Midwest,completed
19337,2063,2024-03-29,West,completed
19338,3945,2026-02-09,Southeast,completed
19339,1536,2024-08-31,Southeast,returned
19340,1604,2024-06-11,Midwest,completed
19341,1031,2024-05-07,West,completed
19342,1428,2024-01-13,Midwest,completed
19343,341,2026-02-07,Northeast,cancelled
19344,183,2026-08-12,Midwest,completed
19345,1659,2026-01-10,Southeast,completed
19346,3079,2026-01-22,Northeast,cancelled
19347,931,2024-02-26,Southwest,completed
19348,2026,2025-04-12,Midwest,completed
19349,1431,2025-02-14,Southeast,completed
19350,3606,2024-08-06,Southeast,completed
19351,2669,2024-08-31,Southeast,completed
19352,590,2025-03-11,Southwest,completed
19353,1385,2024-11-30,Southeast,completed
19354,4088,2024-04-04,Midwest,completed
19355,13,2026-01-11,Southeast,cancelled
19356,2608,2026-01-20,Midwest,completed
19357,4185,2026-03-08,Midwest,completed
19358,542,2026-05-28,Midwest,completed
19359,1067,2025-12-18,Midwest,completed
19360,511,2025-06-24,West,cancelled
19361,998,2024-01-08,Northeast,completed
19362,1295,2024-07-24,Midwest,completed
19363,2603,2025-02-15,Southwest,returned
19364,2435,2026-02-14,West,completed
19365,2877,2025-10-11,Southeast,completed
19366,1399,2024-08-07,West,completed
19367,2240,2025-11-04,Midwest,completed
19368,3507,2024-08-14,Midwest,completed
19369,4954,2025-02-17,Southwest,completed
19370,2174,2025-08-07,Northeast,completed
19371,16,2025-12-01,Southeast,completed
19372,1097,2025-12-30,Southwest,completed
19373,378,2024-05-08,West,completed
19374,2066,2024-11-30,Southeast,completed
19375,124,2024-10-08,West,completed
19376,4703,2024-05-02,Midwest,returned
19377,4849,2025-06-17,West,completed
19378,3001,2024-01-27,Southwest,completed
19379,2352,2025-01-01,West,completed
19380,207,2025-12-09,Southwest,completed
19381,2987,2025-03-09,Southeast,completed
19382,3440,2024-03-03,Southeast,completed
19383,4563,2024-05-14,Southeast,completed
19384,3071,2024-12-25,Southwest,completed
19385,4478,2025-06-02,West,completed
19386,2690,2024-08-01,West,completed
19387,472,2026-04-18,Southwest,completed
19388,4897,2026-05-10,Southeast,completed
19389,1518,2026-02-21,West,completed
19390,4077,2024-02-07,West,completed
19391,27,2024-11-11,Northeast,completed
19392,4582,2024-05-31,Southwest,completed
19393,3566,2026-02-08,Northeast,completed
19394,484,2025-08-21,Midwest,completed
19395,4283,2025-03-27,West,completed
19396,1845,2024-12-27,Midwest,completed
19397,649,2025-09-02,Midwest,completed
19398,3873,2024-02-06,Midwest,completed
19399,3828,2025-01-13,Midwest,completed
19400,2938,2026-04-22,Northeast,completed
19401,1377,2025-01-31,Midwest,completed
19402,4157,2025-07-23,Midwest,completed
19403,4389,2026-07-24,West,completed
19404,4573,2024-07-25,Southwest,completed
19405,3208,2024-07-20,Midwest,completed
19406,809,2026-07-16,Northeast,returned
19407,1986,2024-11-19,Southeast,completed
19408,4113,2025-03-02,Northeast,completed
19409,1619,2024-12-15,Midwest,completed
19410,1967,2025-05-11,Northeast,returned
19411,4149,2025-12-15,West,completed
19412,124,2024-06-18,West,completed
19413,1425,2026-04-04,Northeast,completed
19414,2351,2024-06-29,Northeast,completed
19415,3572,2025-01-04,Southwest,completed
19416,1461,2024-11-19,Midwest,completed
19417,494,2024-04-26,Southwest,completed
19418,825,2026-04-24,Southeast,completed
19419,2501,2026-04-24,West,completed
19420,102,2025-10-21,Southeast,returned
19421,3469,2024-01-30,Southeast,completed
19422,3665,2025-04-10,Midwest,completed
19423,2968,2024-11-17,West,cancelled
19424,124,2024-09-29,West,completed
19425,3180,2024-11-04,Northeast,completed
19426,3955,2024-03-01,Southwest,completed
19427,4432,2024-02-12,West,completed
19428,4041,2026-04-10,Southwest,completed
19429,1988,2026-01-11,Midwest,completed
19430,3781,2026-06-05,Northeast,cancelled
19431,4491,2024-12-05,Southeast,completed
19432,676,2025-05-18,Northeast,completed
19433,2861,2026-02-03,Northeast,completed
19434,1230,2026-03-09,Southeast,completed
19435,3540,2026-01-14,Midwest,completed
19436,4661,2025-02-14,Southeast,completed
19437,2157,2024-10-04,Southwest,completed
19438,1533,2024-03-16,Northeast,completed
19439,4342,2026-02-12,Southwest,cancelled
19440,3062,2026-04-08,Southeast,completed
19441,3537,2025-06-03,Southeast,completed
19442,2537,2025-03-15,Northeast,cancelled
19443,4019,2025-11-13,Southwest,completed
19444,3448,2024-06-19,Southeast,returned
19445,796,2024-07-10,West,completed
19446,1012,2024-06-28,Southwest,completed
19447,3818,2024-02-10,Southwest,completed
19448,1480,2025-06-01,Southwest,completed
19449,1844,2026-08-05,Southwest,completed
19450,1179,2024-09-19,West,completed
19451,3571,2024-10-29,West,completed
19452,332,2025-07-05,Southwest,completed
19453,1728,2026-05-07,Midwest,completed
19454,1343,2024-12-21,Midwest,completed
19455,2527,2024-03-19,Midwest,completed
19456,3097,2025-04-01,Southwest,completed
19457,1874,2024-12-22,Southeast,returned
19458,3584,2025-07-14,West,completed
19459,3759,2024-03-18,West,completed
19460,1438,2025-07-21,Southwest,completed
19461,3136,2024-03-24,Southwest,completed
19462,3967,2024-07-02,Southeast,cancelled
19463,1629,2024-10-19,Northeast,completed
19464,3116,2026-03-24,Northeast,completed
19465,1665,2024-05-02,Northeast,completed
19466,4125,2024-02-14,Southeast,completed
19467,1953,2024-02-22,Southeast,completed
19468,3966,2025-12-21,Southwest,cancelled
19469,3848,2024-02-10,West,completed
19470,2935,2026-01-31,Southwest,completed
19471,3682,2025-07-20,West,completed
19472,4885,2024-03-21,Northeast,completed
19473,2892,2024-11-18,Midwest,completed
19474,2894,2024-10-13,Southeast,completed
19475,3790,2026-02-01,Southeast,completed
19476,4109,2025-11-09,Southwest,completed
19477,1378,2025-12-01,Southwest,completed
19478,1598,2024-02-08,Northeast,completed
19479,1567,2024-09-10,Southwest,completed
19480,981,2025-08-25,West,completed
19481,4286,2026-08-05,Southeast,completed
19482,3869,2025-10-12,Midwest,completed
19483,4172,2026-01-15,Northeast,completed
19484,3742,2025-05-21,West,completed
19485,3962,2025-09-24,Midwest,completed
19486,3473,2024-02-12,Northeast,returned
19487,4681,2025-04-25,Northeast,completed
19488,4984,2025-12-03,West,completed
19489,2927,2026-03-01,Northeast,completed
19490,4269,2024-07-05,Southwest,completed
19491,170,2025-10-19,Southeast,completed
19492,3487,2026-07-30,Southeast,completed
19493,984,2024-02-08,Southeast,completed
19494,1726,2024-02-16,Midwest,returned
19495,709,2026-05-29,Southwest,completed
19496,3455,2024-09-17,West,completed
19497,171,2025-01-02,West,completed
19498,2552,2025-08-03,Northeast,cancelled
19499,2937,2024-08-01,West,completed
19500,4437,2026-02-14,Midwest,completed
19501,1534,2026-02-16,Southwest,completed
19502,2238,2025-10-18,Midwest,completed
19503,4526,2024-07-09,Northeast,completed
19504,2145,2025-12-01,Northeast,completed
19505,1871,2026-06-27,Southeast,completed
19506,1188,2025-11-21,West,completed
19507,3871,2025-11-18,Southeast,completed
19508,4688,2025-10-26,Northeast,returned
19509,446,2024-12-22,West,completed
19510,568,2025-08-24,Northeast,completed
19511,1047,2025-10-11,Northeast,completed
19512,2251,2024-10-18,Midwest,completed
19513,2044,2025-11-30,Southeast,completed
19514,878,2024-08-28,Southeast,completed
19515,2778,2025-03-14,Southwest,completed
19516,4490,2026-05-31,West,completed
19517,2979,2026-01-28,Southwest,completed
19518,3268,2026-04-26,Southeast,completed
19519,2821,2024-12-08,Northeast,completed
19520,2258,2025-06-08,Northeast,completed
19521,4893,2024-02-22,Southwest,completed
19522,1697,2025-01-04,Midwest,completed
19523,4962,2024-07-27,Northeast,completed
19524,2583,2024-10-25,Northeast,completed
19525,1368,2024-02-16,Southeast,completed
19526,3481,2024-07-24,Southwest,completed
19527,4474,2025-11-16,West,completed
19528,4023,2024-05-08,Southwest,completed
19529,4376,2024-10-14,Midwest,returned
19530,3626,2026-04-18,West,completed
19531,508,2025-10-24,West,completed
19532,2203,2024-03-02,Southeast,completed
19533,2627,2026-07-05,Southwest,completed
19534,504,2025-06-19,Southeast,completed
19535,3060,2025-06-30,Midwest,completed
19536,1641,2024-06-07,West,completed
19537,511,2026-05-16,West,completed
19538,1014,2026-05-26,West,completed
19539,3867,2024-09-15,West,completed
19540,945,2026-02-15,Southwest,completed
19541,4732,2025-05-05,West,completed
19542,2113,2026-03-11,Southwest,completed
19543,3703,2025-08-17,Midwest,completed
19544,3697,2024-10-25,West,completed
19545,1780,2024-05-04,Midwest,completed
19546,1607,2024-04-01,West,completed
19547,1673,2025-07-02,Midwest,completed
19548,473,2024-09-26,Midwest,completed
19549,561,2026-05-28,Southeast,completed
19550,3425,2024-03-09,Midwest,completed
19551,390,2026-04-16,Southeast,cancelled
19552,3374,2024-06-05,Midwest,cancelled
19553,1154,2025-11-17,Midwest,completed
19554,2740,2026-02-02,West,completed
19555,1055,2026-03-31,Northeast,completed
19556,4593,2025-04-15,Southeast,completed
19557,1911,2025-10-18,Midwest,completed
19558,4648,2026-01-06,Midwest,completed
19559,2114,2024-10-31,West,cancelled
19560,578,2024-04-27,Midwest,completed
19561,4384,2025-05-14,Southwest,completed
19562,4402,2025-11-18,Midwest,completed
19563,3864,2025-01-04,West,completed
19564,3976,2024-09-15,Southeast,completed
19565,1697,2024-09-24,Midwest,completed
19566,4404,2024-08-22,Northeast,completed
19567,3923,2026-03-26,Midwest,completed
19568,2314,2026-05-15,Northeast,completed
19569,4187,2026-01-27,Midwest,completed
19570,1979,2026-05-04,Southwest,completed
19571,4352,2026-04-11,Southwest,completed
19572,4269,2026-02-24,Southwest,completed
19573,930,2026-01-03,Southwest,completed
19574,2107,2025-10-21,Southwest,completed
19575,1151,2026-01-04,Southeast,completed
19576,536,2024-07-05,Southwest,completed
19577,701,2024-09-25,Northeast,completed
19578,1807,2024-02-17,West,completed
19579,3246,2025-01-14,Northeast,completed
19580,4358,2025-07-28,Southwest,completed
19581,1420,2025-03-14,Midwest,completed
19582,2312,2025-07-19,Midwest,completed
19583,4918,2024-11-24,Southwest,completed
19584,4145,2026-05-03,West,completed
19585,4073,2024-04-10,Northeast,completed
19586,864,2025-06-09,Southeast,completed
19587,4529,2026-01-10,Northeast,completed
19588,4665,2024-03-25,Southeast,completed
19589,2727,2026-06-23,Southwest,completed
19590,237,2025-11-26,Northeast,completed
19591,487,2025-09-11,Southwest,completed
19592,3201,2024-06-22,Southwest,completed
19593,1161,2025-03-06,West,completed
19594,498,2025-07-07,West,completed
19595,4756,2024-08-15,Southeast,cancelled
19596,2552,2024-05-09,Northeast,completed
19597,2765,2026-07-19,Southeast,completed
19598,56,2025-04-17,Southwest,completed
19599,3714,2025-09-24,Southwest,returned
19600,1425,2025-12-09,Northeast,completed
19601,4851,2025-01-16,Midwest,completed
19602,3146,2026-02-27,Northeast,completed
19603,4627,2026-07-11,West,completed
19604,341,2026-06-13,Northeast,completed
19605,4989,2024-10-30,Northeast,returned
19606,3377,2025-11-01,Midwest,completed
19607,478,2024-03-28,Southwest,completed
19608,4275,2026-06-14,Northeast,completed
19609,4511,2026-04-28,Southwest,completed
19610,2927,2024-03-19,Northeast,cancelled
19611,3498,2024-01-29,Midwest,completed
19612,1000,2025-01-07,Southwest,completed
19613,4214,2025-02-21,Midwest,completed
19614,1125,2026-01-23,West,completed
19615,3612,2025-08-20,Southwest,completed
19616,1497,2026-05-28,Northeast,completed
19617,524,2026-08-25,Northeast,completed
19618,972,2024-06-29,Midwest,completed
19619,1381,2024-06-05,West,completed
19620,2500,2025-08-30,Southwest,completed
19621,726,2025-10-10,Southeast,completed
19622,2826,2026-07-25,Southwest,completed
19623,2526,2024-05-30,Southwest,completed
19624,1853,2025-02-07,Southeast,completed
19625,2458,2026-07-13,West,completed
19626,3980,2025-02-06,Midwest,returned
19627,727,2024-06-11,Southwest,completed
19628,2225,2024-03-09,Northeast,completed
19629,1917,2025-07-23,Southwest,completed
19630,998,2026-01-26,Northeast,completed
19631,775,2024-04-01,Southwest,completed
19632,2204,2025-02-14,Southeast,completed
19633,2708,2025-11-10,Southwest,completed
19634,1215,2024-03-30,West,completed
19635,3647,2024-07-19,West,returned
19636,3338,2025-08-15,Northeast,completed
19637,3610,2024-02-28,Southwest,completed
19638,4863,2025-07-01,Southeast,completed
19639,1293,2024-05-19,Northeast,completed
19640,760,2026-02-07,Northeast,completed
19641,3357,2024-09-26,Southwest,completed
19642,2633,2026-02-06,Midwest,completed
19643,335,2026-04-07,Midwest,completed
19644,3123,2024-10-15,Northeast,completed
19645,2469,2024-02-02,Northeast,completed
19646,2503,2025-06-23,West,completed
19647,1710,2026-03-31,Midwest,completed
19648,4101,2024-03-11,West,completed
19649,1033,2024-04-09,Midwest,completed
19650,1874,2024-11-18,Southeast,completed
19651,589,2024-12-14,Southwest,completed
19652,4156,2024-09-17,Southwest,completed
19653,173,2024-11-30,Midwest,completed
19654,2556,2024-09-27,West,completed
19655,236,2025-04-01,West,completed
19656,1130,2025-01-07,Southwest,completed
19657,4603,2024-10-19,West,completed
19658,2225,2025-12-24,Northeast,completed
19659,1196,2026-06-05,Southwest,completed
19660,2501,2025-12-14,West,returned
19661,3455,2024-04-07,West,completed
19662,4963,2025-06-01,Midwest,returned
19663,2607,2025-12-06,West,completed
19664,4819,2024-12-03,Southwest,completed
19665,881,2026-05-27,West,completed
19666,2245,2024-05-27,Southeast,completed
19667,1504,2024-07-23,Midwest,completed
19668,2968,2026-02-16,West,completed
19669,3898,2024-01-20,Northeast,completed
19670,4259,2025-08-13,Midwest,completed
19671,3029,2024-03-19,West,completed
19672,4114,2026-02-24,Northeast,completed
19673,1417,2025-07-15,Midwest,completed
19674,2396,2025-01-06,Southwest,returned
19675,1712,2024-06-09,Southwest,completed
19676,729,2024-05-14,West,returned
19677,781,2025-07-19,Midwest,completed
19678,4336,2025-11-02,Southeast,completed
19679,2206,2026-06-20,Midwest,completed
19680,804,2025-07-01,Southwest,cancelled
19681,3964,2025-06-10,West,returned
19682,2063,2024-09-19,West,completed
19683,3044,2026-05-21,Southeast,completed
19684,946,2025-04-16,Northeast,completed
19685,208,2024-05-28,Southwest,completed
19686,2274,2024-03-02,Southwest,completed
19687,4930,2025-07-03,West,completed
19688,3915,2025-04-19,Midwest,completed
19689,2283,2025-09-22,West,completed
19690,656,2026-06-21,West,completed
19691,4919,2025-03-16,Southeast,completed
19692,2003,2026-01-16,Northeast,completed
19693,4401,2026-01-29,Southwest,completed
19694,4119,2026-02-01,West,completed
19695,3494,2025-12-19,Northeast,completed
19696,2030,2024-11-18,Southeast,completed
19697,776,2026-08-17,Southeast,cancelled
19698,2706,2025-05-11,West,completed
19699,2140,2025-12-13,Southwest,returned
19700,2921,2025-01-16,Southeast,completed
19701,3382,2024-05-25,Northeast,completed
19702,1752,2024-02-23,Northeast,completed
19703,4984,2024-11-05,West,completed
19704,3164,2026-06-08,Southwest,completed
19705,2815,2025-07-06,Midwest,completed
19706,117,2024-03-03,Southwest,completed
19707,2147,2025-03-22,Southeast,completed
19708,4306,2024-12-29,Southeast,completed
19709,693,2026-06-22,Southwest,returned
19710,1208,2026-01-18,Midwest,completed
19711,1836,2024-08-28,Southwest,completed
19712,893,2024-08-04,Southwest,completed
19713,4419,2024-04-21,Southwest,completed
19714,3935,2025-11-06,Southwest,completed
19715,4180,2026-02-11,Northeast,completed
19716,3237,2026-04-19,Northeast,cancelled
19717,575,2026-03-26,Midwest,completed
19718,3545,2025-10-14,Northeast,returned
19719,911,2025-10-27,Southeast,completed
19720,1096,2024-09-14,Midwest,completed
19721,978,2025-10-07,Southwest,completed
19722,407,2026-04-10,Midwest,completed
19723,3793,2026-02-13,Southeast,completed
19724,2025,2025-08-15,Northeast,completed
19725,3232,2024-10-20,Southeast,completed
19726,680,2025-08-12,Northeast,completed
19727,4429,2024-02-09,Northeast,completed
19728,3497,2024-11-07,Southwest,completed
19729,319,2025-07-01,Southwest,cancelled
19730,3716,2024-03-30,Southeast,completed
19731,3701,2025-07-10,Southeast,cancelled
19732,3724,2025-11-20,Northeast,completed
19733,1306,2024-10-20,Southwest,completed
19734,361,2024-11-06,Northeast,completed
19735,2113,2025-04-02,Southwest,completed
19736,4521,2026-02-15,Southeast,completed
19737,525,2026-08-13,Midwest,completed
19738,2520,2026-06-22,West,completed
19739,1145,2024-10-31,Southeast,completed
19740,20,2025-12-18,Southwest,completed
19741,3897,2024-01-04,Northeast,completed
19742,4047,2026-02-11,Southwest,completed
19743,4128,2026-07-09,Southeast,completed
19744,4500,2024-02-09,Northeast,completed
19745,97,2025-10-17,Northeast,cancelled
19746,4060,2024-07-13,Midwest,completed
19747,2631,2025-07-18,Southeast,completed
19748,547,2024-06-22,West,completed
19749,186,2025-08-31,Northeast,completed
19750,464,2026-01-07,Northeast,completed
19751,4307,2025-09-20,Southwest,completed
19752,544,2024-12-05,Southwest,completed
19753,1160,2024-03-30,West,completed
19754,3008,2025-12-10,Northeast,completed
19755,3934,2024-08-19,Northeast,completed
19756,225,2026-02-16,Southeast,completed
19757,4513,2024-03-25,Southwest,completed
19758,498,2024-06-06,West,completed
19759,1689,2026-08-04,Southeast,completed
19760,4115,2026-02-21,Midwest,completed
19761,741,2024-06-18,Northeast,completed
19762,980,2024-12-05,Midwest,completed
19763,55,2025-05-13,Southwest,completed
19764,2019,2024-03-06,Southeast,completed
19765,1215,2024-09-05,West,completed
19766,1563,2024-12-06,Northeast,completed
19767,4419,2025-11-12,Southwest,completed
19768,343,2026-05-18,Midwest,cancelled
19769,2057,2025-01-25,Southeast,completed
19770,670,2024-07-17,Southwest,completed
19771,1100,2025-11-10,Southwest,completed
19772,600,2024-08-04,Midwest,completed
19773,3340,2025-05-07,Southeast,completed
19774,536,2025-06-14,Southwest,completed
19775,2161,2024-01-12,Southeast,cancelled
19776,3131,2025-02-27,Southwest,completed
19777,3208,2025-06-27,Midwest,completed
19778,461,2024-05-25,Southeast,completed
19779,954,2024-05-31,Northeast,completed
19780,3746,2025-10-12,Southwest,completed
19781,4579,2025-12-15,West,completed
19782,1031,2025-04-23,West,completed
19783,869,2024-07-18,West,completed
19784,698,2025-05-29,Northeast,completed
19785,3709,2024-01-14,Southwest,cancelled
19786,566,2024-08-21,Southwest,completed
19787,1693,2024-07-14,West,completed
19788,4705,2025-01-02,Midwest,cancelled
19789,2774,2025-01-28,Southeast,completed
19790,1478,2026-03-16,Southeast,completed
19791,2943,2025-05-15,Northeast,returned
19792,3283,2026-03-06,West,completed
19793,919,2025-05-13,Southwest,completed
19794,2269,2026-05-29,Northeast,completed
19795,995,2024-04-24,Northeast,completed
19796,1407,2026-08-19,Midwest,completed
19797,4958,2026-06-08,West,completed
19798,1419,2024-02-04,Southeast,completed
19799,2666,2026-04-25,Midwest,completed
19800,3951,2024-08-18,Northeast,completed
19801,300,2025-08-04,Southeast,completed
19802,2614,2025-05-29,Southeast,completed
19803,169,2025-08-20,Midwest,completed
19804,2227,2025-09-10,Southeast,completed
19805,1121,2026-05-03,Northeast,completed
19806,2597,2026-02-24,Northeast,completed
19807,1061,2024-03-13,Northeast,completed
19808,3434,2024-04-17,Southwest,completed
19809,1894,2024-03-15,Midwest,completed
19810,1681,2025-01-20,West,completed
19811,1541,2025-05-19,Northeast,completed
19812,4636,2024-03-19,West,completed
19813,3345,2026-04-13,West,completed
19814,1266,2024-10-15,Southwest,completed
19815,4703,2024-07-02,Midwest,completed
19816,3519,2024-01-20,Southwest,completed
19817,3731,2026-08-10,West,completed
19818,4058,2025-11-10,Northeast,completed
19819,1737,2024-05-16,Southeast,completed
19820,555,2026-01-05,Southwest,completed
19821,545,2025-10-06,Southwest,completed
19822,4062,2025-03-08,West,completed
19823,3815,2024-06-10,Northeast,completed
19824,2642,2025-07-11,Southeast,completed
19825,1457,2026-04-08,Midwest,completed
19826,4092,2026-01-25,Midwest,completed
19827,1839,2024-05-06,Northeast,completed
19828,317,2025-11-23,Northeast,completed
19829,3005,2024-05-03,Northeast,completed
19830,2321,2024-10-10,Southeast,returned
19831,3516,2024-03-28,Midwest,completed
19832,3789,2024-03-13,Northeast,completed
19833,4866,2025-03-05,Southwest,completed
19834,1904,2024-01-25,Southwest,cancelled
19835,1784,2025-05-11,Northeast,completed
19836,2673,2024-05-04,Midwest,completed
19837,4677,2024-03-13,Southwest,completed
19838,533,2025-10-20,Northeast,completed
19839,440,2024-11-30,Southeast,completed
19840,546,2026-06-10,Southeast,completed
19841,3443,2025-09-10,West,returned
19842,2910,2024-04-18,West,completed
19843,3966,2026-06-05,Southwest,completed
19844,1752,2025-12-14,Northeast,completed
19845,1109,2024-10-15,Southwest,completed
19846,208,2026-04-16,Southwest,completed
19847,903,2025-11-24,Southeast,completed
19848,4809,2024-05-26,West,completed
19849,1655,2025-09-04,Southwest,completed
19850,3813,2025-01-25,Southwest,completed
19851,4226,2025-05-08,Northeast,returned
19852,2199,2025-05-16,West,completed
19853,3861,2026-02-02,Southeast,completed
19854,4550,2024-04-22,Southeast,completed
19855,475,2026-03-02,Midwest,completed
19856,737,2025-06-12,West,completed
19857,2073,2025-11-01,Northeast,cancelled
19858,3179,2025-03-22,Midwest,completed
19859,3670,2025-08-26,West,completed
19860,868,2026-05-21,Northeast,completed
19861,4919,2026-02-07,Southeast,completed
19862,3087,2024-09-12,Midwest,completed
19863,2262,2026-04-11,Northeast,completed
19864,3465,2024-07-28,Midwest,completed
19865,803,2026-02-16,Midwest,completed
19866,4346,2025-10-15,Southeast,completed
19867,1196,2024-07-28,Southwest,completed
19868,1385,2024-04-16,Southeast,completed
19869,3792,2025-01-23,West,completed
19870,3158,2026-02-16,Northeast,completed
19871,2927,2024-05-11,Northeast,completed
19872,3997,2025-04-13,Midwest,completed
19873,3042,2024-09-15,Southeast,completed
19874,682,2026-01-25,Southwest,completed
19875,1375,2024-04-07,West,completed
19876,4,2024-11-30,West,completed
19877,576,2024-05-01,Midwest,completed
19878,3241,2024-04-10,Midwest,returned
19879,3728,2024-02-20,Northeast,completed
19880,2427,2025-03-11,Northeast,completed
19881,4754,2024-07-08,Southeast,completed
19882,4421,2025-09-03,Southwest,completed
19883,2414,2025-05-14,Southwest,completed
19884,314,2024-10-20,West,completed
19885,998,2024-01-02,Northeast,completed
19886,4026,2024-05-10,Midwest,completed
19887,4217,2026-06-14,Northeast,completed
19888,658,2025-12-18,Midwest,completed
19889,950,2024-04-24,Midwest,completed
19890,478,2024-04-13,Southwest,completed
19891,683,2024-08-05,Midwest,completed
19892,19,2025-03-19,West,completed
19893,4953,2024-08-09,West,completed
19894,1764,2024-10-03,Southeast,completed
19895,4911,2024-10-15,Southeast,completed
19896,1572,2024-08-09,Southwest,completed
19897,1409,2026-01-11,Southeast,completed
19898,1110,2026-07-07,West,completed
19899,4440,2024-08-02,West,completed
19900,3220,2026-06-15,West,completed
19901,2858,2024-12-10,Midwest,completed
19902,2719,2025-11-23,Northeast,completed
19903,1667,2025-04-30,Midwest,completed
19904,2861,2025-12-20,Northeast,completed
19905,436,2026-08-25,Northeast,cancelled
19906,2954,2025-04-20,West,completed
19907,1731,2024-07-29,Southwest,completed
19908,2609,2026-04-26,Midwest,completed
19909,2045,2026-08-21,West,completed
19910,4624,2025-12-13,Southeast,completed
19911,2682,2025-10-26,Southeast,completed
19912,1317,2024-04-27,West,completed
19913,367,2025-04-06,West,completed
19914,4634,2026-08-06,West,completed
19915,127,2025-10-01,Southeast,completed
19916,2228,2026-07-20,Northeast,completed
19917,3556,2024-08-23,West,completed
19918,3962,2025-06-18,Midwest,completed
19919,3509,2025-02-20,Southwest,completed
19920,2961,2025-02-06,Southwest,completed
19921,3759,2025-08-30,West,completed
19922,1166,2025-09-25,West,returned
19923,1997,2024-11-24,Midwest,completed
19924,2140,2025-04-27,Southwest,completed
19925,4149,2024-11-05,West,completed
19926,399,2025-01-02,Northeast,completed
19927,3641,2024-06-26,Southeast,completed
19928,2154,2024-02-19,Midwest,completed
19929,32,2024-11-21,Northeast,completed
19930,4407,2025-07-01,West,completed
19931,1415,2026-08-18,Midwest,completed
19932,3705,2024-11-18,Southwest,completed
19933,4207,2025-01-27,West,completed
19934,1667,2025-10-06,Midwest,completed
19935,2612,2026-07-24,West,completed
19936,2175,2026-01-17,Southeast,completed
19937,2719,2024-09-08,Northeast,completed
19938,4004,2024-11-08,Midwest,completed
19939,2680,2025-03-18,West,completed
19940,3566,2024-05-07,Northeast,completed
19941,576,2025-05-06,Midwest,completed
19942,2875,2025-06-28,Northeast,completed
19943,2245,2025-12-21,Southeast,completed
19944,4279,2026-03-09,Southwest,returned
19945,2362,2026-04-15,Northeast,completed
19946,4007,2024-01-30,Midwest,completed
19947,2722,2024-06-17,West,completed
19948,2384,2025-07-08,Midwest,completed
19949,756,2025-04-25,Southeast,completed
19950,2037,2026-04-20,Southeast,completed
19951,1594,2024-04-02,Northeast,cancelled
19952,1817,2024-01-24,Northeast,returned
19953,988,2024-09-21,Midwest,completed
19954,2982,2025-11-02,Midwest,completed
19955,3640,2025-02-02,Southwest,completed
19956,4450,2025-11-02,Northeast,completed
19957,2489,2025-12-24,Northeast,completed
19958,3731,2026-02-08,West,completed
19959,1498,2024-08-26,Midwest,completed
19960,402,2026-05-04,Northeast,completed
19961,3556,2025-11-05,West,completed
19962,3258,2025-03-28,Southeast,completed
19963,1547,2024-09-24,Northeast,completed
19964,2259,2025-05-05,Southeast,completed
19965,4515,2025-09-18,West,completed
19966,4628,2025-12-16,West,completed
19967,1461,2025-07-11,Midwest,completed
19968,2775,2026-06-29,Southwest,completed
19969,749,2025-10-07,Southeast,completed
19970,3456,2025-11-27,West,completed
19971,2810,2025-01-21,Southwest,completed
19972,2607,2025-06-23,West,completed
19973,136,2026-05-22,Southeast,completed
19974,4428,2025-11-26,Northeast,completed
19975,3913,2024-09-30,Southwest,completed
19976,1698,2026-01-09,West,returned
19977,1239,2024-08-21,Southwest,completed
19978,4174,2025-08-14,Midwest,completed
19979,2541,2024-01-06,Southwest,completed
19980,55,2026-04-09,Southwest,completed
19981,4596,2024-09-28,West,completed
19982,1971,2024-06-26,Southeast,completed
19983,4787,2024-10-02,West,completed
19984,3554,2026-04-14,Southeast,returned
19985,4172,2025-03-07,Northeast,completed
19986,2593,2025-12-03,Northeast,completed
19987,2659,2025-02-01,Southwest,completed
19988,2415,2024-12-18,Southeast,completed
19989,1783,2024-06-03,Southeast,completed
19990,3212,2024-04-22,West,completed
19991,2360,2025-03-11,Southwest,completed
19992,3050,2025-08-19,Southeast,completed
19993,4144,2024-07-18,Midwest,completed
19994,4793,2025-08-24,West,completed
19995,4306,2025-12-29,Southeast,completed
19996,2281,2025-01-26,Southwest,completed
19997,4292,2026-05-19,Southwest,completed
19998,490,2025-03-16,Southeast,completed
19999,1632,2026-06-06,Midwest,completed
20000,779,2025-04-08,West,completed
20001,723,2025-10-06,Southwest,completed
20002,3471,2025-11-10,Northeast,completed
20003,4533,2025-10-27,Southeast,completed
20004,1982,2024-11-04,West,completed
20005,2267,2024-03-25,Northeast,completed
20006,4111,2025-11-26,Northeast,completed
20007,3566,2026-04-12,Northeast,completed
20008,4505,2024-01-04,Northeast,completed
20009,1741,2026-05-23,West,completed
20010,1582,2025-01-01,Southeast,completed
20011,2823,2026-07-18,West,completed
20012,2302,2025-11-17,Midwest,completed
20013,864,2026-01-07,Southeast,completed
20014,4490,2025-06-27,West,completed
20015,1085,2026-01-20,Midwest,completed
20016,2792,2024-03-01,Southeast,completed
20017,3946,2026-07-26,Southwest,completed
20018,3046,2025-01-27,Southeast,completed
20019,4897,2025-03-21,Southeast,completed
20020,522,2026-06-10,Northeast,completed
20021,1271,2025-08-15,Northeast,completed
20022,1005,2025-11-28,West,completed
20023,1898,2025-05-07,Northeast,completed
20024,4159,2025-04-17,Southeast,completed
20025,3190,2026-05-02,Northeast,completed
20026,2978,2024-05-01,Northeast,completed
20027,3774,2024-06-21,Southwest,returned
20028,3294,2025-10-31,Midwest,completed
20029,3588,2025-05-14,Midwest,completed
20030,4695,2025-03-21,Southwest,completed
20031,3384,2025-12-26,Northeast,completed
20032,4182,2024-12-22,Southeast,completed
20033,3610,2026-04-12,Southwest,completed
20034,235,2024-10-10,West,completed
20035,330,2026-04-04,West,completed
20036,3804,2024-10-17,West,completed
20037,2237,2024-07-13,Southeast,completed
20038,1477,2025-07-19,Midwest,completed
20039,2703,2025-08-21,Northeast,completed
20040,1752,2024-09-21,Northeast,completed
20041,839,2026-07-18,Northeast,cancelled
20042,4407,2024-08-30,West,cancelled
20043,2759,2025-05-19,Northeast,completed
20044,741,2026-08-02,Northeast,completed
20045,1393,2025-05-02,Midwest,completed
20046,346,2024-02-10,Southeast,completed
20047,4569,2025-05-12,West,completed
20048,1580,2026-01-19,Midwest,completed
20049,2146,2025-06-26,Southwest,completed
20050,2414,2024-12-22,Southwest,completed
20051,3525,2026-08-11,Southeast,cancelled
20052,369,2024-10-26,Midwest,returned
20053,732,2024-11-01,Northeast,completed
20054,2291,2026-06-24,Southeast,completed
20055,1776,2024-04-21,Midwest,completed
20056,1297,2026-06-13,West,completed
20057,1671,2025-01-17,Northeast,completed
20058,2155,2024-03-08,West,completed
20059,1725,2025-10-08,West,completed
20060,348,2024-10-26,Southwest,completed
20061,4912,2025-12-17,Southwest,completed
20062,2001,2026-03-03,Northeast,completed
20063,2554,2024-03-31,Midwest,cancelled
20064,316,2026-03-18,Southeast,completed
20065,4693,2024-06-22,Southeast,completed
20066,2688,2026-04-14,Northeast,completed
20067,2405,2025-07-19,Northeast,completed
20068,3785,2024-11-15,Northeast,completed
20069,824,2024-11-15,Southeast,completed
20070,1790,2025-02-07,Northeast,completed
20071,2119,2026-03-16,Southeast,cancelled
20072,4343,2026-08-06,West,completed
20073,4564,2024-09-16,Midwest,completed
20074,3764,2026-03-31,Southwest,completed
20075,850,2025-04-14,Southeast,completed
20076,4867,2026-04-07,Northeast,completed
20077,2526,2026-06-22,Southwest,completed
20078,4833,2024-04-04,Southeast,completed
20079,1698,2024-03-13,West,completed
20080,3679,2025-05-06,Midwest,cancelled
20081,2468,2024-09-10,Southeast,completed
20082,4412,2025-11-17,West,completed
20083,402,2025-10-05,Northeast,completed
20084,2312,2024-06-02,Midwest,cancelled
20085,4672,2025-04-02,Northeast,completed
20086,345,2024-06-28,Midwest,completed
20087,2571,2025-03-06,West,completed
20088,3842,2026-06-19,West,completed
20089,3338,2025-06-24,Northeast,completed
20090,4775,2024-06-07,Southeast,completed
20091,2788,2026-08-15,Southwest,completed
20092,1608,2024-06-14,Northeast,cancelled
20093,4709,2024-05-08,Southwest,completed
20094,4025,2024-09-18,West,completed
20095,3810,2025-09-12,Midwest,completed
20096,3724,2025-08-10,Northeast,completed
20097,97,2026-04-15,Northeast,completed
20098,2930,2024-10-04,Southwest,completed
20099,1658,2025-12-20,Northeast,completed
20100,1089,2025-08-17,Southeast,cancelled
20101,3044,2025-04-22,Southeast,completed
20102,1283,2025-05-24,Southeast,completed
20103,916,2024-09-16,Midwest,completed
20104,3517,2024-04-19,Southwest,completed
20105,209,2024-05-22,Midwest,completed
20106,734,2025-01-14,Southwest,completed
20107,3537,2025-07-04,Southeast,completed
20108,2681,2025-10-24,Northeast,completed
20109,144,2025-04-27,Southwest,completed
20110,873,2025-10-23,Southeast,completed
20111,1894,2024-09-26,Midwest,completed
20112,4729,2026-01-07,Southeast,completed
20113,1729,2024-09-16,Northeast,completed
20114,1516,2026-05-28,Southwest,completed
20115,2508,2025-01-19,West,completed
20116,1450,2025-04-07,Southeast,completed
20117,157,2024-07-03,Southwest,completed
20118,1797,2025-11-22,Midwest,completed
20119,2410,2024-02-12,Southeast,returned
20120,734,2024-12-12,Southwest,completed
20121,316,2026-05-13,Southeast,completed
20122,4547,2024-01-02,Midwest,cancelled
20123,2650,2024-06-25,Southeast,completed
20124,2510,2025-11-11,Midwest,completed
20125,590,2024-10-23,Southwest,completed
20126,2317,2024-10-10,Southwest,completed
20127,3927,2025-10-25,West,completed
20128,62,2025-05-23,Midwest,completed
20129,4396,2024-12-10,Northeast,completed
20130,2331,2025-11-19,Southwest,completed
20131,2627,2026-06-03,Southwest,completed
20132,2931,2026-05-09,Midwest,completed
20133,4919,2024-08-31,Southeast,completed
20134,2815,2024-11-05,Midwest,completed
20135,1748,2025-03-31,Midwest,completed
20136,4380,2025-06-01,Northeast,completed
20137,4634,2024-02-26,West,completed
20138,3894,2024-12-22,Northeast,completed
20139,1451,2024-06-18,Southwest,completed
20140,3228,2025-06-22,Northeast,completed
20141,4964,2025-02-07,Northeast,completed
20142,1796,2026-07-06,Northeast,completed
20143,1182,2024-04-08,Northeast,completed
20144,176,2025-11-14,Southwest,completed
20145,2417,2025-06-16,Midwest,completed
20146,464,2025-02-13,Northeast,completed
20147,3755,2025-09-24,Northeast,completed
20148,4139,2026-05-14,Southwest,completed
20149,3446,2025-05-24,Midwest,completed
20150,1908,2025-07-14,West,completed
20151,4681,2025-06-16,Northeast,returned
20152,2106,2024-09-16,Southwest,completed
20153,1659,2025-02-02,Southeast,completed
20154,649,2024-12-15,Midwest,completed
20155,775,2025-08-23,Southwest,completed
20156,233,2025-07-20,West,completed
20157,2278,2025-11-12,West,completed
20158,365,2024-04-07,Midwest,completed
20159,581,2024-08-07,Midwest,completed
20160,1585,2026-08-14,West,returned
20161,2622,2024-11-30,West,completed
20162,4102,2025-06-01,Northeast,cancelled
20163,3286,2024-12-25,West,completed
20164,381,2024-07-23,Midwest,completed
20165,4504,2026-01-31,Northeast,completed
20166,3589,2025-07-23,Southwest,completed
20167,2370,2025-09-29,Southwest,completed
20168,1078,2025-10-28,West,completed
20169,971,2024-06-26,Northeast,completed
20170,3228,2026-07-15,Northeast,completed
20171,3259,2024-07-12,West,completed
20172,3862,2024-08-28,Midwest,completed
20173,4046,2026-01-10,Northeast,completed
20174,947,2026-04-16,Northeast,completed
20175,3543,2025-07-19,West,completed
20176,1190,2025-12-14,West,completed
20177,1835,2024-04-14,Southwest,completed
20178,3989,2025-08-07,West,completed
20179,2171,2025-04-10,Midwest,completed
20180,2976,2025-03-08,Northeast,completed
20181,2314,2025-10-26,Northeast,completed
20182,1094,2025-08-30,Southwest,completed
20183,1210,2026-08-24,Northeast,completed
20184,2603,2024-04-30,Southwest,completed
20185,1714,2025-07-28,Southwest,completed
20186,1826,2025-06-24,West,completed
20187,1349,2025-10-17,Southeast,completed
20188,517,2025-03-06,Midwest,completed
20189,3901,2025-08-14,Southwest,completed
20190,692,2025-04-21,Southwest,completed
20191,786,2025-12-04,Northeast,completed
20192,2126,2025-04-08,West,completed
20193,2029,2024-10-13,Southwest,completed
20194,440,2024-01-11,Southeast,completed
20195,3601,2024-02-07,Northeast,returned
20196,1106,2026-07-12,Midwest,completed
20197,3090,2025-10-19,Southeast,completed
20198,3742,2025-10-31,West,completed
20199,3665,2025-08-08,Midwest,completed
20200,2510,2026-03-16,Midwest,completed
20201,1649,2026-04-14,Midwest,completed
20202,2102,2024-08-17,Midwest,returned
20203,1640,2025-07-28,Midwest,completed
20204,1301,2025-01-11,Southwest,completed
20205,243,2024-04-11,Midwest,completed
20206,3783,2025-12-30,West,completed
20207,1811,2024-10-17,Northeast,cancelled
20208,1963,2026-03-15,Southwest,completed
20209,2983,2024-06-10,Midwest,completed
20210,83,2026-06-04,Southwest,completed
20211,3662,2025-12-10,Southwest,completed
20212,2017,2025-12-04,Northeast,completed
20213,4395,2024-03-13,Southeast,completed
20214,3958,2025-08-28,Southeast,completed
20215,1952,2024-02-25,Southwest,completed
20216,1913,2025-09-20,Midwest,completed
20217,2354,2025-02-01,Northeast,completed
20218,2198,2025-08-27,Southwest,completed
20219,3940,2026-01-25,Midwest,completed
20220,3818,2025-09-24,Southwest,completed
20221,3700,2026-07-21,Midwest,completed
20222,3761,2025-09-24,West,completed
20223,3132,2024-03-13,Southwest,completed
20224,3209,2024-08-11,Northeast,cancelled
20225,3908,2026-04-14,Southwest,completed
20226,1855,2024-12-14,Northeast,completed
20227,850,2025-02-17,Southeast,completed
20228,223,2025-03-29,Southwest,completed
20229,4070,2026-07-05,Southwest,cancelled
20230,3336,2025-03-21,Midwest,completed
20231,308,2024-07-03,Southeast,completed
20232,2469,2024-11-17,Northeast,completed
20233,3448,2026-02-03,Southeast,completed
20234,3063,2024-08-15,Southeast,completed
20235,3850,2024-02-18,Southeast,completed
20236,1396,2026-01-27,West,completed
20237,1039,2026-08-05,Southwest,completed
20238,2222,2026-02-08,Northeast,completed
20239,3749,2025-01-03,Midwest,completed
20240,4125,2025-11-29,Southeast,completed
20241,632,2024-12-02,Midwest,completed
20242,2434,2024-01-28,Southwest,cancelled
20243,4627,2024-12-12,West,completed
20244,2855,2024-12-17,Northeast,completed
20245,3905,2025-09-28,Northeast,completed
20246,2108,2025-08-17,Midwest,completed
20247,2956,2026-07-04,Southeast,completed
20248,622,2025-10-12,West,completed
20249,360,2024-08-16,Northeast,completed
20250,4221,2025-04-15,Southwest,completed
20251,1087,2024-01-28,West,completed
20252,1833,2024-05-03,Midwest,completed
20253,3027,2026-04-11,Southeast,completed
20254,3086,2024-02-06,Southeast,completed
20255,3827,2024-04-18,Southwest,completed
20256,975,2026-01-27,Southeast,completed
20257,4762,2024-06-16,Northeast,completed
20258,4284,2025-06-08,West,completed
20259,992,2024-02-16,Southeast,completed
20260,353,2025-10-18,Southeast,completed
20261,3199,2024-10-10,Southwest,completed
20262,1384,2025-08-27,Southwest,completed
20263,4492,2026-07-27,Northeast,completed
20264,2115,2024-10-09,Northeast,completed
20265,4613,2026-01-01,Northeast,completed
20266,1032,2024-09-24,Northeast,completed
20267,4325,2024-08-16,Northeast,completed
20268,1355,2024-11-05,Southeast,completed
20269,4565,2025-02-04,West,returned
20270,3379,2025-02-11,Midwest,completed
20271,2422,2025-11-03,Southeast,completed
20272,2555,2024-06-30,Northeast,completed
20273,845,2024-11-05,Southeast,completed
20274,2887,2025-02-17,West,completed
20275,2519,2025-10-14,West,completed
20276,1351,2025-10-12,Midwest,completed
20277,2246,2024-08-19,Northeast,completed
20278,322,2025-11-19,Southwest,returned
20279,1479,2025-12-16,Northeast,completed
20280,625,2024-03-25,Midwest,completed
20281,371,2026-03-31,Southeast,completed
20282,3699,2024-08-18,Southwest,completed
20283,617,2024-01-30,Midwest,completed
20284,3356,2025-02-11,Southwest,completed
20285,3833,2025-05-08,Northeast,completed
20286,4868,2026-02-09,Southwest,completed
20287,2121,2024-03-04,West,completed
20288,2818,2024-10-06,Southeast,completed
20289,871,2024-09-08,Midwest,completed
20290,198,2025-06-23,Northeast,completed
20291,1216,2024-03-29,Southwest,returned
20292,3441,2024-12-25,Midwest,completed
20293,4916,2025-02-22,Northeast,completed
20294,3341,2024-01-05,Northeast,completed
20295,2767,2025-04-30,Northeast,completed
20296,4501,2025-07-04,Northeast,completed
20297,1438,2024-10-02,Southwest,completed
20298,898,2024-07-20,Southwest,completed
20299,2574,2025-11-22,West,completed
20300,1000,2026-03-16,Southwest,completed
20301,3907,2025-01-11,West,completed
20302,2292,2024-02-28,Midwest,returned
20303,2174,2024-02-19,Northeast,completed
20304,3782,2026-05-02,Midwest,completed
20305,4145,2025-02-15,West,completed
20306,4325,2026-06-15,Northeast,completed
20307,453,2025-12-04,Northeast,completed
20308,733,2024-09-09,Midwest,completed
20309,339,2026-03-17,Midwest,completed
20310,4932,2024-02-28,Northeast,completed
20311,4709,2025-06-13,Southwest,completed
20312,4646,2024-10-03,Northeast,completed
20313,4677,2025-03-26,Southwest,returned
20314,698,2025-08-19,Northeast,completed
20315,4650,2025-06-08,Southeast,completed
20316,2499,2024-01-27,Southwest,completed
20317,3831,2025-10-12,Southwest,cancelled
20318,1575,2025-04-21,Northeast,completed
20319,937,2026-05-23,Northeast,completed
20320,4527,2026-02-04,Southwest,completed
20321,1897,2026-08-01,Southwest,completed
20322,2145,2024-10-17,Northeast,completed
20323,3821,2024-06-09,Southeast,completed
20324,417,2025-04-22,Southwest,completed
20325,1582,2024-11-22,Southeast,completed
20326,3896,2024-06-02,Northeast,completed
20327,1707,2025-08-22,West,completed
20328,2398,2025-02-20,Southwest,completed
20329,256,2024-04-28,West,completed
20330,854,2026-07-31,Southwest,completed
20331,3421,2026-04-25,Northeast,completed
20332,963,2024-01-28,Midwest,completed
20333,709,2026-06-17,Southwest,cancelled
20334,1220,2024-07-07,Southwest,completed
20335,1979,2026-08-19,Southwest,completed
20336,1882,2025-09-10,Southeast,completed
20337,1603,2026-04-17,Southwest,completed
20338,2870,2025-12-01,West,completed
20339,3186,2024-09-01,Southwest,completed
20340,3588,2026-06-30,Midwest,completed
20341,4583,2026-04-27,Southwest,cancelled
20342,2882,2024-11-13,Midwest,completed
20343,2612,2024-02-16,West,returned
20344,4704,2025-03-14,Southwest,completed
20345,3283,2025-02-25,West,completed
20346,2548,2025-08-31,Northeast,completed
20347,2504,2024-02-02,Southwest,completed
20348,44,2024-05-24,Southeast,completed
20349,1545,2024-05-08,West,completed
20350,3549,2025-10-28,Southwest,completed
20351,4917,2025-01-28,Northeast,completed
20352,992,2025-04-17,Southeast,completed
20353,822,2024-03-23,West,completed
20354,4131,2024-12-07,Southeast,completed
20355,4807,2024-10-02,Southeast,completed
20356,3850,2025-01-21,Southeast,completed
20357,1234,2024-01-06,Southwest,completed
20358,4719,2024-05-13,Southwest,completed
20359,1772,2025-04-22,West,completed
20360,2849,2025-06-10,Midwest,cancelled
20361,3733,2025-11-17,Northeast,completed
20362,2858,2024-12-09,Midwest,completed
20363,629,2024-06-19,Southeast,completed
20364,2627,2025-11-23,Southwest,completed
20365,2868,2025-10-29,Southwest,completed
20366,4614,2026-01-13,Southeast,completed
20367,4233,2026-05-15,Southeast,returned
20368,4657,2025-06-19,Midwest,completed
20369,2503,2025-08-10,West,completed
20370,1091,2024-09-27,Northeast,completed
20371,4039,2026-01-15,Midwest,completed
20372,1062,2024-09-01,West,completed
20373,3339,2025-07-17,West,completed
20374,2514,2025-08-24,Southeast,completed
20375,4116,2024-12-21,Northeast,completed
20376,4964,2024-12-04,Northeast,completed
20377,868,2024-03-16,Northeast,completed
20378,1185,2024-07-11,Northeast,completed
20379,1583,2024-06-26,Southwest,completed
20380,2839,2025-04-19,Midwest,completed
20381,4611,2025-04-10,Northeast,completed
20382,694,2026-01-03,Southwest,completed
20383,4151,2025-01-11,Southeast,completed
20384,827,2024-08-12,West,completed
20385,4552,2026-07-06,West,completed
20386,53,2025-06-17,Northeast,completed
20387,2658,2024-07-18,Northeast,completed
20388,491,2025-09-05,Midwest,completed
20389,2819,2024-09-29,Midwest,completed
20390,4556,2024-09-26,Midwest,completed
20391,4216,2024-11-18,West,completed
20392,3031,2024-12-24,Southeast,completed
20393,2810,2025-02-09,Southwest,completed
20394,200,2025-07-11,Midwest,completed
20395,2407,2024-09-15,West,completed
20396,3050,2024-03-20,Southeast,completed
20397,3043,2026-02-16,Southeast,completed
20398,3744,2026-08-24,Southwest,completed
20399,4754,2025-06-14,Southeast,completed
20400,4145,2024-09-18,West,completed
20401,3840,2026-05-27,Southwest,completed
20402,4861,2026-08-22,Midwest,completed
20403,1144,2024-04-30,Midwest,completed
20404,3578,2025-01-15,Midwest,completed
20405,113,2025-12-26,Southwest,completed
20406,395,2024-05-11,West,completed
20407,342,2025-03-04,Northeast,cancelled
20408,2949,2024-08-11,Midwest,completed
20409,1306,2024-04-15,Southwest,completed
20410,2746,2025-11-22,Northeast,completed
20411,2711,2025-01-30,Southeast,completed
20412,2925,2026-03-04,Southwest,completed
20413,4460,2024-07-27,Southeast,completed
20414,2561,2024-12-09,Midwest,completed
20415,2889,2024-07-07,Midwest,completed
20416,173,2025-04-05,Midwest,completed
20417,2340,2026-02-16,Northeast,completed
20418,3500,2024-07-17,West,completed
20419,2335,2026-03-14,Southeast,completed
20420,2919,2024-08-23,Southwest,completed
20421,1557,2024-10-17,West,cancelled
20422,920,2025-05-06,Southwest,returned
20423,4462,2024-12-19,Midwest,cancelled
20424,357,2024-07-12,Southeast,returned
20425,2106,2026-08-03,Southwest,completed
20426,392,2026-05-17,Southeast,completed
20427,50,2024-03-01,Southwest,completed
20428,2418,2025-01-25,West,completed
20429,1604,2024-04-30,Midwest,completed
20430,3567,2025-05-19,Northeast,completed
20431,2315,2024-05-13,Midwest,completed
20432,1447,2025-12-06,Northeast,completed
20433,815,2025-03-20,Midwest,completed
20434,1528,2026-05-23,Midwest,completed
20435,4235,2024-05-02,Midwest,completed
20436,3214,2025-07-05,Southeast,completed
20437,1430,2026-02-20,Northeast,completed
20438,354,2025-06-20,Southeast,completed
20439,1644,2026-02-01,Midwest,completed
20440,816,2024-10-13,West,completed
20441,2367,2024-02-21,West,completed
20442,3492,2024-11-18,West,completed
20443,998,2025-12-15,Northeast,completed
20444,585,2024-01-12,Northeast,completed
20445,1825,2025-04-30,Southeast,returned
20446,4889,2025-09-27,Southwest,completed
20447,1807,2024-08-07,West,completed
20448,2314,2024-12-14,Northeast,completed
20449,1198,2024-04-20,Midwest,completed
20450,3117,2024-08-14,Northeast,completed
20451,4071,2025-05-04,West,completed
20452,3268,2025-09-08,Southeast,completed
20453,2542,2024-05-10,Midwest,completed
20454,1984,2025-08-31,West,completed
20455,1810,2025-03-24,Southeast,completed
20456,4690,2025-12-19,Midwest,completed
20457,4327,2024-01-14,Midwest,completed
20458,4862,2024-11-11,Southeast,completed
20459,1047,2025-04-04,Northeast,completed
20460,4987,2024-11-12,West,completed
20461,2685,2026-07-28,Midwest,completed
20462,3556,2024-08-06,West,completed
20463,4400,2026-07-24,Midwest,returned
20464,552,2025-04-28,Southeast,completed
20465,2888,2026-06-23,Midwest,completed
20466,941,2024-11-15,Southeast,completed
20467,2318,2024-12-09,Midwest,returned
20468,4389,2024-09-05,West,completed
20469,4059,2025-12-10,Northeast,completed
20470,4788,2026-05-17,Northeast,completed
20471,2846,2024-03-23,West,completed
20472,4731,2026-05-02,Southwest,completed
20473,69,2026-06-28,Northeast,returned
20474,3004,2024-07-19,Southeast,completed
20475,63,2025-01-24,Southwest,completed
20476,580,2024-07-21,Northeast,completed
20477,108,2024-12-30,Midwest,completed
20478,4795,2026-05-02,West,completed
20479,453,2025-01-06,Northeast,completed
20480,10,2024-11-18,Northeast,completed
20481,4061,2025-07-26,West,completed
20482,4157,2025-07-06,Midwest,completed
20483,566,2026-04-03,Southwest,completed
20484,3485,2026-05-21,West,completed
20485,234,2024-07-13,Southwest,completed
20486,2250,2024-11-03,Northeast,completed
20487,2274,2026-07-06,Southwest,completed
20488,4544,2026-06-30,Midwest,completed
20489,1764,2024-05-21,Southeast,cancelled
20490,1466,2024-04-23,Northeast,completed
20491,1929,2025-10-26,West,completed
20492,2661,2024-11-15,Midwest,completed
20493,3450,2024-11-10,Midwest,completed
20494,4955,2025-07-16,Northeast,completed
20495,4223,2026-07-02,Southwest,returned
20496,765,2025-05-29,Midwest,cancelled
20497,3243,2024-06-10,Midwest,completed
20498,3791,2025-08-22,Southeast,completed
20499,3409,2025-07-10,Southwest,completed
20500,490,2024-07-15,Southeast,completed
20501,2940,2024-12-06,West,completed
20502,3845,2026-08-06,Midwest,completed
20503,2342,2026-07-08,West,completed
20504,1426,2024-10-05,West,completed
20505,4023,2026-08-20,Southwest,completed
20506,1024,2025-09-12,West,completed
20507,3329,2024-03-02,Midwest,completed
20508,4613,2025-04-10,Northeast,completed
20509,4092,2024-12-22,Midwest,completed
20510,4530,2024-10-16,Northeast,completed
20511,2741,2026-01-18,Midwest,completed
20512,4324,2025-03-11,West,cancelled
20513,4022,2026-03-29,Southwest,completed
20514,2522,2025-09-04,Midwest,completed
20515,1919,2025-12-20,Northeast,completed
20516,428,2025-07-24,Northeast,completed
20517,3595,2025-08-07,Midwest,completed
20518,3421,2024-12-03,Northeast,completed
20519,462,2025-12-19,Midwest,completed
20520,3074,2024-05-03,Southeast,completed
20521,2245,2025-05-05,Southeast,returned
20522,2296,2024-12-02,Southwest,completed
20523,2634,2025-02-18,Midwest,completed
20524,1388,2024-10-04,West,completed
20525,4842,2024-05-11,Southwest,completed
20526,2818,2025-01-26,Southeast,cancelled
20527,431,2025-03-05,Midwest,completed
20528,558,2025-12-05,Northeast,completed
20529,4050,2024-10-17,Southeast,completed
20530,3605,2025-08-01,Midwest,completed
20531,3611,2024-07-21,Northeast,completed
20532,3541,2026-01-05,Northeast,completed
20533,119,2026-06-26,Northeast,completed
20534,236,2026-03-12,West,cancelled
20535,1558,2026-07-01,Southeast,completed
20536,2165,2025-06-27,Midwest,completed
20537,2659,2025-06-16,Southwest,completed
20538,2715,2026-03-31,Southeast,completed
20539,2325,2025-08-28,Southeast,returned
20540,3875,2025-10-13,Northeast,returned
20541,3829,2024-04-19,Southeast,completed
20542,2906,2025-10-09,Southwest,completed
20543,1362,2026-02-16,West,completed
20544,50,2025-05-19,Southwest,completed
20545,3162,2024-07-24,Midwest,completed
20546,2203,2025-11-21,Southeast,returned
20547,504,2026-07-18,Southeast,completed
20548,1129,2024-02-11,Midwest,completed
20549,224,2026-04-15,West,completed
20550,2775,2024-10-01,Southwest,completed
20551,3510,2025-03-17,Northeast,completed
20552,1722,2026-07-28,West,completed
20553,4358,2026-04-15,Southwest,completed
20554,625,2025-11-28,Midwest,returned
20555,1500,2026-06-23,Southwest,completed
20556,599,2025-08-12,Southwest,completed
20557,171,2025-09-20,West,completed
20558,1471,2024-02-08,West,completed
20559,1495,2026-01-26,Midwest,completed
20560,1171,2024-01-20,Southeast,completed
20561,4556,2025-09-29,Midwest,completed
20562,3074,2024-12-31,Southeast,completed
20563,4854,2025-04-22,Midwest,completed
20564,1109,2024-03-31,Southwest,completed
20565,4946,2025-03-27,Northeast,completed
20566,1018,2026-05-02,Midwest,cancelled
20567,4074,2024-06-02,Southwest,completed
20568,1094,2026-07-30,Southwest,completed
20569,4964,2026-04-06,Northeast,completed
20570,3458,2026-04-04,Southwest,completed
20571,4996,2024-12-18,Northeast,completed
20572,1787,2025-11-07,Southeast,completed
20573,4277,2024-10-05,Southwest,cancelled
20574,939,2025-06-08,Southwest,completed
20575,2150,2025-05-17,West,completed
20576,1782,2024-02-29,Northeast,completed
20577,2410,2025-07-18,Southeast,completed
20578,3038,2025-03-04,West,completed
20579,1105,2025-06-01,Southwest,completed
20580,1658,2025-11-17,Northeast,completed
20581,4474,2025-02-16,West,completed
20582,1066,2024-11-19,Northeast,completed
20583,4365,2025-12-30,Southwest,completed
20584,3877,2024-09-17,Northeast,completed
20585,2410,2025-05-13,Southeast,completed
20586,1023,2024-06-30,Midwest,completed
20587,1877,2026-07-18,Northeast,completed
20588,2973,2024-04-11,Southeast,completed
20589,546,2024-07-05,Southeast,completed
20590,3935,2025-04-13,Southwest,completed
20591,623,2024-04-08,West,completed
20592,1356,2024-08-05,West,completed
20593,1632,2026-02-03,Midwest,completed
20594,674,2024-01-15,Midwest,completed
20595,806,2026-06-27,Midwest,returned
20596,4198,2025-07-29,Midwest,completed
20597,2983,2026-06-01,Midwest,completed
20598,2759,2024-12-13,Northeast,completed
20599,3551,2026-02-24,West,completed
20600,1727,2024-03-01,West,completed
20601,727,2025-11-20,Southwest,completed
20602,2268,2025-04-23,Southeast,cancelled
20603,4693,2024-12-29,Southeast,completed
20604,4343,2025-12-18,West,completed
20605,1865,2024-08-03,Northeast,completed
20606,4579,2026-07-17,West,completed
20607,3391,2025-01-04,Southeast,completed
20608,630,2025-06-04,West,completed
20609,394,2024-03-19,Northeast,completed
20610,2116,2024-11-17,West,completed
20611,3588,2024-09-14,Midwest,returned
20612,1659,2024-06-28,Southeast,cancelled
20613,2887,2024-06-01,West,completed
20614,671,2026-04-08,Northeast,completed
20615,910,2025-08-18,Midwest,completed
20616,3317,2024-01-30,Midwest,completed
20617,4674,2026-02-15,Southeast,completed
20618,4079,2025-04-14,West,completed
20619,1542,2025-09-25,Southeast,completed
20620,915,2025-08-05,Midwest,completed
20621,3104,2024-05-27,Midwest,completed
20622,1881,2025-08-19,Midwest,completed
20623,2105,2025-03-10,Southwest,completed
20624,4130,2024-08-11,Midwest,completed
20625,4823,2024-07-07,West,completed
20626,4698,2024-03-12,Northeast,completed
20627,4649,2025-07-12,Northeast,completed
20628,3812,2026-04-23,Southwest,completed
20629,712,2025-11-19,Southeast,completed
20630,1460,2026-01-03,Northeast,completed
20631,3900,2024-07-17,Southeast,completed
20632,3503,2026-08-17,Northeast,completed
20633,3336,2024-09-21,Midwest,completed
20634,2928,2025-11-29,West,returned
20635,1482,2025-06-24,Southwest,completed
20636,2099,2026-05-23,Northeast,completed
20637,613,2024-10-01,West,completed
20638,3556,2026-01-26,West,completed
20639,603,2025-12-06,Southeast,completed
20640,4141,2026-08-01,Southwest,completed
20641,424,2024-07-10,Midwest,completed
20642,3078,2025-03-17,Southeast,completed
20643,4940,2026-07-26,Southeast,completed
20644,4030,2024-06-11,Midwest,completed
20645,278,2025-12-23,Southeast,completed
20646,2162,2026-02-19,Northeast,completed
20647,4996,2024-08-25,Northeast,completed
20648,4165,2025-08-15,Midwest,completed
20649,1415,2024-09-25,Midwest,completed
20650,25,2024-06-28,Southwest,completed
20651,1052,2024-01-05,Northeast,completed
20652,4291,2025-09-24,Northeast,completed
20653,2028,2026-08-04,Southwest,cancelled
20654,332,2025-09-17,Southwest,completed
20655,2473,2025-03-15,Northeast,completed
20656,3854,2026-01-12,Southeast,completed
20657,4970,2024-08-15,Midwest,completed
20658,4597,2025-06-28,West,cancelled
20659,4245,2026-03-29,Midwest,completed
20660,2313,2024-05-04,Midwest,completed
20661,3168,2024-03-12,Southeast,cancelled
20662,2288,2025-07-05,Southwest,completed
20663,2148,2026-03-03,West,completed
20664,4298,2025-01-13,Northeast,completed
20665,2920,2024-04-05,West,completed
20666,1494,2024-06-26,Northeast,completed
20667,4859,2024-04-08,Southwest,completed
20668,4915,2026-04-10,Southeast,completed
20669,2491,2025-11-01,West,completed
20670,2009,2026-05-31,Midwest,completed
20671,445,2024-03-26,Northeast,completed
20672,4847,2024-02-15,Southwest,completed
20673,2902,2024-01-12,Midwest,completed
20674,3514,2024-05-12,Southeast,completed
20675,4429,2024-08-10,Northeast,completed
20676,1391,2025-02-19,Midwest,completed
20677,2327,2024-05-02,Northeast,completed
20678,1630,2024-07-20,West,completed
20679,872,2024-12-01,Southeast,completed
20680,4865,2024-05-25,Southeast,completed
20681,3976,2024-03-09,Southeast,completed
20682,279,2024-04-20,Southeast,completed
20683,2054,2024-06-14,West,completed
20684,2980,2025-02-28,Southeast,completed
20685,2786,2024-12-30,Southeast,completed
20686,223,2025-05-31,Southwest,returned
20687,1078,2024-04-14,West,completed
20688,291,2024-10-11,Southwest,completed
20689,4827,2024-02-18,Southwest,completed
20690,645,2024-07-05,Midwest,completed
20691,4923,2026-03-01,Southwest,completed
20692,4340,2026-05-07,Southeast,completed
20693,2659,2025-07-24,Southwest,cancelled
20694,52,2025-02-01,Northeast,completed
20695,2214,2025-08-13,West,completed
20696,3578,2024-09-19,Midwest,completed
20697,762,2026-04-21,Southwest,completed
20698,236,2024-10-19,West,completed
20699,448,2026-07-10,Northeast,cancelled
20700,2705,2024-08-07,West,completed
20701,1131,2025-10-25,West,returned
20702,4415,2025-12-31,Midwest,completed
20703,4671,2025-03-26,Southwest,completed
20704,514,2026-06-23,Midwest,completed
20705,4662,2025-10-27,West,completed
20706,3720,2026-05-04,Midwest,completed
20707,3220,2024-01-10,West,completed
20708,2719,2025-10-19,Northeast,completed
20709,1470,2025-06-06,West,completed
20710,4061,2024-07-17,West,completed
20711,1939,2024-12-04,Southeast,cancelled
20712,2886,2026-03-22,Midwest,completed
20713,3404,2025-05-28,Midwest,completed
20714,896,2026-01-31,West,completed
20715,3770,2025-07-18,Southeast,cancelled
20716,4991,2025-07-31,Southwest,completed
20717,174,2026-06-26,Midwest,completed
20718,473,2025-04-11,Midwest,completed
20719,2432,2025-09-02,Southeast,completed
20720,2590,2024-04-17,Southeast,returned
20721,4546,2026-07-22,Southeast,completed
20722,3530,2025-03-24,Northeast,completed
20723,986,2024-06-24,Southwest,completed
20724,4266,2024-07-13,Southwest,completed
20725,1763,2024-10-27,Southwest,completed
20726,4382,2024-12-23,Southeast,completed
20727,492,2025-09-30,Southeast,completed
20728,1186,2025-08-05,West,completed
20729,2967,2026-01-18,Northeast,completed
20730,2602,2026-02-14,Northeast,completed
20731,2885,2024-09-11,Southwest,completed
20732,2303,2024-12-09,Southeast,completed
20733,3874,2026-05-13,Midwest,returned
20734,2354,2025-10-05,Northeast,completed
20735,2317,2026-07-12,Southwest,completed
20736,4283,2025-06-21,West,completed
20737,3637,2026-03-22,Midwest,completed
20738,2610,2024-07-24,Midwest,completed
20739,4633,2024-04-26,Southeast,completed
20740,4187,2026-08-11,Midwest,completed
20741,3122,2025-06-30,West,completed
20742,200,2026-02-18,Midwest,returned
20743,699,2026-02-03,Midwest,completed
20744,4220,2025-09-08,Midwest,cancelled
20745,3714,2025-12-17,Southwest,completed
20746,1547,2025-11-01,Northeast,completed
20747,1429,2025-08-09,West,completed
20748,1073,2026-02-28,Midwest,completed
20749,1544,2026-02-04,Southwest,completed
20750,4378,2024-10-12,Southwest,completed
20751,4080,2026-01-10,Northeast,returned
20752,4078,2026-04-10,Southeast,completed
20753,3047,2026-01-13,West,completed
20754,1564,2024-06-04,Midwest,cancelled
20755,839,2025-07-23,Northeast,completed
20756,503,2024-10-01,Midwest,completed
20757,4659,2026-08-18,Midwest,cancelled
20758,1269,2026-03-07,Southeast,completed
20759,1034,2024-05-29,Southwest,completed
20760,3942,2026-08-18,Northeast,completed
20761,1691,2025-01-25,Southwest,completed
20762,3532,2024-08-18,West,completed
20763,802,2024-08-30,Southwest,completed
20764,1874,2025-09-15,Southeast,completed
20765,3892,2025-04-11,Northeast,completed
20766,387,2025-06-26,Northeast,completed
20767,4562,2025-12-20,Southeast,completed
20768,687,2025-08-29,West,completed
20769,160,2025-08-06,West,completed
20770,2999,2025-03-05,West,completed
20771,72,2025-08-31,West,completed
20772,4969,2026-06-03,Southeast,completed
20773,1339,2024-12-03,Southwest,completed
20774,2622,2024-04-03,West,completed
20775,1648,2024-04-22,Southwest,completed
20776,102,2024-11-25,Southeast,completed
20777,1799,2026-07-14,West,completed
20778,3832,2025-10-13,West,completed
20779,2726,2024-07-27,Southwest,completed
20780,383,2026-05-16,Southwest,completed
20781,4069,2024-11-07,Southeast,completed
20782,2819,2025-03-06,Midwest,completed
20783,444,2025-02-22,Northeast,completed
20784,1396,2026-08-23,West,completed
20785,4238,2026-02-09,Southwest,completed
20786,2220,2025-09-01,West,completed
20787,1571,2025-02-11,West,completed
20788,2399,2024-05-26,Midwest,completed
20789,1988,2026-07-30,Midwest,completed
20790,1813,2025-10-16,Southwest,completed
20791,2059,2026-06-29,Midwest,completed
20792,395,2026-02-16,West,cancelled
20793,4880,2024-06-26,Southeast,completed
20794,4557,2026-05-15,Southeast,cancelled
20795,3034,2025-12-20,Southeast,completed
20796,2639,2024-09-03,Northeast,completed
20797,1477,2025-06-25,Midwest,completed
20798,126,2025-12-08,Midwest,completed
20799,2668,2024-01-07,West,completed
20800,1570,2024-08-19,Northeast,cancelled
20801,2089,2024-03-06,Southwest,completed
20802,1934,2025-05-07,Southeast,completed
20803,2954,2026-04-06,West,completed
20804,708,2024-12-20,West,completed
20805,3444,2026-03-09,Midwest,completed
20806,2372,2025-03-15,Southeast,completed
20807,2733,2024-07-22,Midwest,completed
20808,3450,2026-07-12,Midwest,completed
20809,1918,2025-05-09,Northeast,completed
20810,1516,2025-05-18,Southwest,completed
20811,3290,2026-04-25,Northeast,completed
20812,4603,2026-08-15,West,completed
20813,3243,2024-11-14,Midwest,completed
20814,3051,2024-05-23,Midwest,completed
20815,3722,2025-01-27,Southeast,completed
20816,2226,2024-09-10,Northeast,completed
20817,1643,2025-06-04,Southwest,completed
20818,3730,2024-05-06,Northeast,completed
20819,2827,2025-06-23,Southeast,completed
20820,2732,2025-02-18,Southwest,completed
20821,982,2024-09-25,West,completed
20822,2800,2025-07-09,Southwest,completed
20823,4767,2025-12-28,Midwest,completed
20824,53,2024-03-06,Northeast,completed
20825,2547,2024-04-02,Southeast,completed
20826,575,2024-05-01,Midwest,completed
20827,834,2024-07-18,Northeast,completed
20828,4883,2024-04-02,Midwest,completed
20829,2524,2026-07-29,Southeast,completed
20830,1504,2025-07-07,Midwest,completed
20831,1682,2024-10-24,West,completed
20832,2007,2025-01-07,Midwest,completed
20833,2065,2024-10-17,Northeast,completed
20834,540,2025-11-25,Southeast,completed
20835,2276,2026-04-13,Northeast,completed
20836,4408,2024-12-07,Northeast,completed
20837,4551,2026-06-07,West,completed
20838,2957,2026-04-15,Northeast,cancelled
20839,1164,2024-12-30,Southeast,completed
20840,1349,2025-03-20,Southeast,completed
20841,4702,2025-05-20,Midwest,completed
20842,851,2025-12-30,West,completed
20843,1563,2026-08-23,Northeast,cancelled
20844,946,2024-01-18,Northeast,completed
20845,1083,2024-04-12,Southeast,completed
20846,2651,2025-08-19,Southeast,completed
20847,4823,2026-05-14,West,completed
20848,2053,2025-03-24,West,completed
20849,4090,2025-06-08,West,completed
20850,4252,2026-01-17,West,completed
20851,2426,2024-06-20,West,completed
20852,3925,2026-07-25,Midwest,completed
20853,2239,2026-07-02,Southeast,returned
20854,2833,2026-06-15,Midwest,completed
20855,3874,2025-11-08,Midwest,completed
20856,2071,2026-06-15,Southwest,completed
20857,3012,2025-11-22,Southeast,completed
20858,1364,2024-06-21,West,completed
20859,2622,2024-06-03,West,completed
20860,1228,2025-02-19,Midwest,completed
20861,1211,2024-10-22,Southeast,completed
20862,2849,2024-04-17,Midwest,completed
20863,3306,2024-11-13,West,completed
20864,3041,2025-09-29,Southwest,completed
20865,939,2026-04-15,Southwest,completed
20866,1394,2024-03-07,Southeast,completed
20867,2096,2026-06-01,Southeast,completed
20868,4230,2025-01-27,Southeast,completed
20869,3318,2026-04-20,West,completed
20870,342,2024-06-11,Northeast,completed
20871,3934,2025-04-07,Northeast,completed
20872,3476,2026-06-24,Southeast,completed
20873,2733,2025-05-20,Midwest,completed
20874,25,2024-09-10,Southwest,completed
20875,2463,2024-04-17,West,completed
20876,166,2024-11-20,Northeast,completed
20877,1099,2024-10-10,Southeast,completed
20878,4429,2024-10-06,Northeast,completed
20879,3135,2024-05-22,Southwest,completed
20880,261,2025-11-15,West,completed
20881,4556,2024-08-16,Midwest,completed
20882,1591,2025-09-06,West,completed
20883,55,2024-09-21,Southwest,completed
20884,769,2025-01-12,Southwest,completed
20885,81,2026-06-13,Southeast,completed
20886,2163,2025-07-29,Southwest,completed
20887,1513,2024-12-10,West,completed
20888,777,2026-05-12,Southeast,completed
20889,819,2025-04-01,Southeast,completed
20890,4360,2024-06-18,Southeast,cancelled
20891,3320,2026-08-25,Midwest,completed
20892,366,2025-06-13,Midwest,completed
20893,609,2026-01-24,Northeast,completed
20894,1538,2025-08-23,Southwest,completed
20895,2023,2024-09-04,Northeast,completed
20896,436,2026-06-14,Northeast,completed
20897,2627,2025-11-09,Southwest,completed
20898,1317,2026-05-03,West,completed
20899,2854,2025-10-25,Midwest,completed
20900,318,2026-02-07,Southeast,completed
20901,4278,2025-05-24,Southeast,completed
20902,4817,2025-12-30,Midwest,completed
20903,2643,2026-03-09,Southwest,completed
20904,3257,2026-02-25,Midwest,completed
20905,4066,2026-01-18,Northeast,cancelled
20906,4301,2025-05-21,West,completed
20907,2272,2025-01-26,Midwest,completed
20908,1996,2025-07-11,Southwest,completed
20909,1581,2025-11-26,Southeast,completed
20910,3513,2024-06-02,Southwest,completed
20911,1743,2024-07-14,Southwest,completed
20912,4148,2024-12-07,Midwest,completed
20913,1827,2024-05-17,West,completed
20914,1643,2025-01-03,Southwest,completed
20915,3569,2026-04-21,Northeast,returned
20916,2458,2026-05-21,West,completed
20917,1976,2025-05-29,Northeast,completed
20918,4970,2024-06-22,Midwest,completed
20919,1284,2024-11-04,Southwest,completed
20920,97,2025-08-30,Northeast,completed
20921,2263,2026-02-02,Midwest,completed
20922,1174,2025-06-20,Midwest,completed
20923,2270,2026-03-23,Midwest,completed
20924,378,2024-11-03,West,completed
20925,4524,2025-03-05,Southeast,completed
20926,4265,2026-05-16,Midwest,completed
20927,4660,2026-03-04,Midwest,completed
20928,2730,2025-06-23,Midwest,completed
20929,875,2025-08-22,Midwest,completed
20930,3701,2026-05-18,Southeast,completed
20931,4470,2024-01-18,Midwest,completed
20932,3273,2025-01-06,Midwest,completed
20933,2850,2025-11-07,West,completed
20934,742,2024-02-28,Southeast,completed
20935,4912,2025-01-19,Southwest,completed
20936,1913,2025-06-26,Midwest,completed
20937,1059,2026-06-13,Southwest,completed
20938,1425,2024-08-25,Northeast,cancelled
20939,2868,2025-04-03,Southwest,completed
20940,1065,2026-07-20,West,completed
20941,2226,2024-02-25,Northeast,completed
20942,4839,2025-10-30,Southeast,completed
20943,2961,2025-01-08,Southwest,completed
20944,4289,2024-05-06,Midwest,completed
20945,3293,2026-03-09,West,completed
20946,304,2025-11-09,West,completed
20947,2547,2024-07-21,Southeast,cancelled
20948,363,2025-12-04,Northeast,completed
20949,626,2026-03-18,Midwest,returned
20950,104,2024-01-08,Southwest,completed
20951,2536,2025-08-24,Northeast,completed
20952,1121,2026-08-11,Northeast,completed
20953,3771,2024-04-25,Southeast,cancelled
20954,1963,2025-07-07,Southwest,completed
20955,751,2024-10-26,Southwest,completed
20956,39,2025-06-25,Northeast,completed
20957,694,2024-12-22,Southwest,completed
20958,3281,2025-04-04,West,completed
20959,3765,2024-07-26,Northeast,completed
20960,3201,2026-07-10,Southwest,completed
20961,1630,2024-12-24,West,completed
20962,3085,2025-05-03,Southwest,cancelled
20963,1497,2024-09-26,Northeast,completed
20964,821,2024-05-19,Northeast,completed
20965,3031,2026-05-03,Southeast,completed
20966,1725,2024-03-27,West,completed
20967,3005,2025-03-13,Northeast,completed
20968,4238,2026-05-23,Southwest,completed
20969,3955,2025-03-01,Southwest,completed
20970,3715,2024-11-27,Midwest,completed
20971,1936,2025-04-15,Southwest,completed
20972,664,2026-05-09,Southwest,completed
20973,1896,2025-02-07,West,completed
20974,32,2025-02-01,Northeast,completed
20975,3995,2024-07-08,Southeast,completed
20976,2000,2026-04-30,Northeast,cancelled
20977,4140,2024-09-06,Southwest,completed
20978,727,2026-07-03,Southwest,completed
20979,3650,2024-02-12,Southwest,completed
20980,1473,2024-01-02,Southwest,completed
20981,3538,2025-10-30,Midwest,completed
20982,3894,2024-09-14,Northeast,returned
20983,2573,2025-05-07,Southwest,completed
20984,1563,2025-08-07,Northeast,completed
20985,3770,2024-08-06,Southeast,completed
20986,1635,2025-09-12,Southwest,completed
20987,3257,2026-04-07,Midwest,completed
20988,3892,2025-11-23,Northeast,completed
20989,4114,2026-07-27,Northeast,completed
20990,4706,2024-11-09,Midwest,completed
20991,1263,2024-06-01,Northeast,completed
20992,775,2024-03-28,Southwest,completed
20993,1465,2025-05-05,West,completed
20994,1304,2026-05-15,Southwest,completed
20995,3903,2024-08-23,Northeast,completed
20996,4323,2026-06-09,Midwest,completed
20997,581,2024-07-27,Midwest,returned
20998,4796,2026-04-08,Midwest,completed
20999,3961,2024-04-24,Southwest,completed
21000,3699,2024-09-05,Southwest,completed
21001,4580,2024-03-19,West,completed
21002,4350,2024-09-26,Midwest,completed
21003,1667,2026-03-26,Midwest,completed
21004,4648,2026-01-07,Midwest,completed
21005,345,2025-06-04,Midwest,completed
21006,4321,2024-11-18,Southwest,completed
21007,3693,2025-12-11,Southwest,completed
21008,1193,2024-02-22,West,completed
21009,1201,2024-09-11,Southeast,completed
21010,2500,2025-02-27,Southwest,completed
21011,3285,2026-07-17,Southeast,completed
21012,636,2026-08-12,Southwest,completed
21013,4649,2025-11-19,Northeast,completed
21014,1359,2025-01-05,Northeast,completed
21015,3158,2024-09-13,Northeast,completed
21016,4790,2024-12-18,Midwest,completed
21017,4006,2025-12-22,Northeast,completed
21018,4507,2025-06-21,Northeast,completed
21019,3925,2024-08-01,Midwest,completed
21020,676,2026-03-12,Northeast,completed
21021,1619,2025-03-28,Midwest,completed
21022,64,2026-06-08,West,returned
21023,4757,2024-09-22,Northeast,completed
21024,1592,2025-05-14,Midwest,completed
21025,1374,2024-02-17,Southeast,completed
21026,616,2025-09-17,West,completed
21027,4103,2026-01-28,Northeast,completed
21028,953,2025-06-16,Northeast,completed
21029,1243,2024-07-08,West,completed
21030,1896,2025-03-17,West,completed
21031,1646,2024-09-04,Southwest,completed
21032,3803,2024-09-01,Midwest,completed
21033,4428,2024-10-16,Northeast,completed
21034,340,2026-07-28,West,cancelled
21035,2087,2024-11-09,Southwest,completed
21036,2791,2024-02-19,Northeast,completed
21037,3970,2026-01-03,Southwest,completed
21038,521,2024-07-08,West,cancelled
21039,3256,2026-07-03,Northeast,completed
21040,115,2025-07-06,West,completed
21041,3123,2025-10-07,Northeast,completed
21042,3324,2024-10-16,West,completed
21043,3866,2024-01-08,Midwest,cancelled
21044,72,2026-03-23,West,cancelled
21045,3789,2025-05-31,Northeast,returned
21046,4384,2024-06-03,Southwest,completed
21047,3031,2025-05-23,Southeast,completed
21048,3646,2024-03-23,Midwest,completed
21049,2326,2026-01-07,Southeast,completed
21050,882,2026-06-14,Northeast,completed
21051,1837,2024-03-14,Southwest,completed
21052,3308,2024-09-09,Southwest,completed
21053,2328,2025-07-05,Northeast,completed
21054,19,2024-02-07,West,completed
21055,154,2025-01-15,Southeast,returned
21056,4251,2025-07-12,Southwest,completed
21057,3955,2025-06-06,Southwest,completed
21058,3212,2024-08-09,West,completed
21059,2698,2024-02-02,West,completed
21060,3211,2025-06-06,Northeast,completed
21061,527,2026-07-10,Southeast,completed
21062,1020,2025-08-26,West,completed
21063,4413,2024-03-02,Southeast,completed
21064,332,2025-05-10,Southwest,completed
21065,516,2026-03-24,Northeast,completed
21066,1081,2025-05-02,West,completed
21067,2389,2026-05-05,Southwest,completed
21068,3942,2025-12-21,Northeast,completed
21069,4710,2024-08-21,Southwest,completed
21070,1735,2024-05-03,West,completed
21071,1880,2024-06-08,Southeast,completed
21072,2781,2024-09-14,Southeast,completed
21073,4622,2025-04-04,Southeast,completed
21074,3153,2025-06-16,Midwest,completed
21075,2781,2026-08-17,Southeast,completed
21076,1425,2025-03-05,Northeast,returned
21077,2943,2025-11-04,Northeast,completed
21078,2303,2025-06-18,Southeast,completed
21079,3701,2026-02-27,Southeast,completed
21080,1892,2026-03-28,Northeast,completed
21081,2709,2025-10-18,Southwest,completed
21082,3178,2024-09-29,Southwest,completed
21083,58,2025-05-05,Southwest,completed
21084,609,2024-06-26,Northeast,completed
21085,4261,2025-11-09,Southwest,completed
21086,3197,2025-12-20,Northeast,completed
21087,3018,2026-06-02,Midwest,completed
21088,1024,2026-03-13,West,completed
21089,2510,2024-05-25,Midwest,completed
21090,2311,2025-08-22,West,completed
21091,4233,2024-09-20,Southeast,completed
21092,4653,2024-11-08,Southwest,completed
21093,2989,2025-01-06,Southwest,completed
21094,4545,2025-02-13,Southwest,completed
21095,974,2025-05-04,Southeast,completed
21096,4410,2024-03-23,Southeast,completed
21097,3487,2026-02-13,Southeast,cancelled
21098,4634,2024-04-16,West,completed
21099,257,2026-03-15,Southwest,completed
21100,1572,2025-01-02,Southwest,completed
21101,103,2025-07-25,Southeast,returned
21102,900,2024-08-18,Southwest,completed
21103,3144,2025-04-25,Midwest,completed
21104,3374,2025-09-02,Midwest,completed
21105,4969,2024-02-17,Southeast,completed
21106,3726,2024-12-10,Southwest,completed
21107,1036,2026-07-08,Southwest,completed
21108,2748,2024-02-20,Midwest,completed
21109,3401,2026-08-05,Midwest,completed
21110,1272,2026-06-20,Midwest,completed
21111,1983,2024-03-21,Northeast,completed
21112,4766,2025-02-09,Southeast,completed
21113,1508,2025-09-19,Southwest,completed
21114,2602,2025-08-20,Northeast,completed
21115,2977,2024-07-21,Southwest,completed
21116,1136,2026-08-20,Midwest,completed
21117,2541,2026-03-12,Southwest,returned
21118,3881,2024-01-16,Southwest,completed
21119,690,2025-03-04,Northeast,completed
21120,2470,2025-11-22,Northeast,completed
21121,1089,2026-01-19,Southeast,returned
21122,2336,2024-02-08,Southwest,completed
21123,287,2024-05-14,Midwest,completed
21124,1185,2025-12-29,Northeast,completed
21125,4204,2025-04-27,Southeast,completed
21126,3177,2024-11-23,Northeast,completed
21127,4701,2025-03-08,West,completed
21128,1953,2025-05-22,Southeast,cancelled
21129,2331,2024-06-01,Southwest,completed
21130,1250,2025-07-15,Midwest,completed
21131,1025,2024-11-14,Southwest,completed
21132,4167,2024-01-04,Southeast,completed
21133,3660,2026-05-29,Northeast,completed
21134,1414,2025-03-19,Midwest,completed
21135,4920,2026-05-24,Northeast,completed
21136,2931,2025-06-17,Midwest,completed
21137,2404,2025-01-17,Midwest,completed
21138,3151,2025-07-15,Northeast,cancelled
21139,582,2025-06-29,Midwest,completed
21140,2669,2025-09-10,Southeast,completed
21141,4010,2024-07-17,Southeast,completed
21142,4288,2024-05-26,Southwest,completed
21143,800,2025-07-04,Southwest,completed
21144,4929,2024-09-19,Southeast,completed
21145,4682,2024-07-18,Southeast,completed
21146,3900,2024-02-18,Southeast,completed
21147,3255,2025-03-14,Midwest,completed
21148,237,2024-08-23,Northeast,completed
21149,2279,2025-11-15,Northeast,completed
21150,2077,2026-07-11,Southwest,returned
21151,3587,2026-04-04,Midwest,completed
21152,4827,2024-06-05,Southwest,returned
21153,3813,2024-07-20,Southwest,returned
21154,3005,2026-06-21,Northeast,completed
21155,717,2026-04-10,Midwest,completed
21156,1346,2025-09-29,Northeast,completed
21157,4661,2025-09-21,Southeast,cancelled
21158,1079,2026-03-12,Southeast,completed
21159,2293,2026-08-24,Southeast,completed
21160,4445,2024-06-25,West,completed
21161,4934,2026-05-04,Northeast,completed
21162,1873,2026-03-02,Northeast,completed
21163,4578,2024-12-17,West,completed
21164,2133,2024-11-02,Southeast,returned
21165,474,2024-10-30,Midwest,completed
21166,2882,2024-12-11,Midwest,completed
21167,4721,2025-08-29,West,completed
21168,887,2025-12-16,West,completed
21169,247,2025-12-31,West,completed
21170,3456,2026-04-01,West,completed
21171,3695,2026-02-21,Southeast,completed
21172,1318,2026-04-02,Southeast,completed
21173,4429,2025-03-12,Northeast,completed
21174,990,2024-04-03,Midwest,cancelled
21175,1667,2024-10-22,Midwest,returned
21176,3973,2024-07-20,West,completed
21177,2624,2024-02-12,Northeast,completed
21178,3753,2025-05-07,West,completed
21179,4207,2025-03-12,West,completed
21180,2141,2024-01-02,Northeast,completed
21181,3088,2025-12-28,Southwest,completed
21182,4071,2025-01-03,West,completed
21183,1583,2026-02-16,Southwest,completed
21184,736,2024-05-13,Southwest,completed
21185,2936,2026-07-25,West,completed
21186,462,2026-05-07,Midwest,completed
21187,2154,2026-07-01,Midwest,completed
21188,521,2025-05-14,West,completed
21189,3268,2026-01-09,Southeast,completed
21190,2360,2025-10-04,Southwest,returned
21191,102,2024-03-16,Southeast,completed
21192,468,2024-04-14,Southwest,completed
21193,1903,2025-03-10,Midwest,completed
21194,4473,2025-06-24,West,completed
21195,1327,2026-03-20,Northeast,completed
21196,3064,2025-10-07,Midwest,completed
21197,2178,2026-07-20,Southeast,completed
21198,3327,2026-01-07,Southeast,completed
21199,2422,2024-07-13,Southeast,completed
21200,2234,2025-07-17,Northeast,completed
21201,1190,2026-03-17,West,completed
21202,883,2024-02-09,Southwest,completed
21203,1452,2024-05-30,Midwest,completed
21204,3872,2025-06-13,Southwest,completed
21205,3053,2025-03-04,Midwest,completed
21206,2671,2025-07-10,Southeast,completed
21207,2317,2024-08-22,Southwest,completed
21208,896,2024-05-31,West,completed
21209,4697,2025-01-17,Northeast,completed
21210,4163,2025-12-15,Southeast,completed
21211,735,2024-08-16,West,completed
21212,4627,2025-10-30,West,completed
21213,4063,2024-12-31,Southeast,completed
21214,4309,2025-12-30,West,completed
21215,1782,2024-03-30,Northeast,completed
21216,3662,2026-05-26,Southwest,completed
21217,697,2025-08-28,Southeast,completed
21218,4715,2025-05-17,Northeast,returned
21219,3376,2025-10-29,Southeast,completed
21220,4387,2025-04-15,West,completed
21221,4458,2026-01-20,Southwest,completed
21222,2914,2026-05-07,Southeast,cancelled
21223,1137,2025-04-28,Northeast,completed
21224,1416,2024-08-17,West,completed
21225,449,2025-11-09,West,completed
21226,1285,2026-04-05,Southwest,completed
21227,1947,2025-05-05,Northeast,completed
21228,4176,2025-05-11,Northeast,completed
21229,414,2025-01-28,Midwest,completed
21230,224,2026-08-11,West,completed
21231,2218,2024-09-13,Southeast,completed
21232,1484,2025-12-31,Midwest,completed
21233,306,2025-01-09,Midwest,completed
21234,730,2025-07-16,Midwest,completed
21235,4002,2025-12-27,West,completed
21236,1415,2024-08-19,Midwest,completed
21237,3461,2024-03-24,Midwest,completed
21238,3302,2025-07-22,Southeast,completed
21239,3966,2025-04-28,Southwest,completed
21240,2223,2025-08-27,Southwest,completed
21241,1677,2025-02-10,Southwest,completed
21242,3420,2024-12-24,Southwest,completed
21243,2080,2025-01-19,Midwest,cancelled
21244,1559,2025-08-21,Southwest,completed
21245,1372,2024-09-25,Midwest,completed
21246,806,2024-06-16,Midwest,completed
21247,441,2025-12-20,Northeast,completed
21248,4755,2025-06-11,Southwest,completed
21249,4431,2025-11-15,Southwest,completed
21250,3431,2024-07-29,West,completed
21251,398,2024-12-24,Southeast,completed
21252,988,2024-09-10,Midwest,completed
21253,2895,2025-08-06,Northeast,completed
21254,1107,2024-05-24,Midwest,completed
21255,4720,2024-11-21,West,cancelled
21256,2294,2024-09-13,Midwest,completed
21257,551,2024-10-10,Southwest,completed
21258,3556,2026-08-09,West,completed
21259,4411,2024-09-03,Northeast,completed
21260,4950,2025-06-29,Northeast,completed
21261,4117,2026-06-29,Southeast,returned
21262,3098,2026-05-15,Southwest,completed
21263,1956,2026-08-02,Southeast,completed
21264,3386,2025-06-06,West,completed
21265,2689,2025-09-01,Southeast,completed
21266,2367,2026-07-21,West,completed
21267,1101,2025-04-21,Northeast,completed
21268,1425,2025-02-02,Northeast,completed
21269,1088,2025-01-16,Northeast,completed
21270,3970,2024-09-29,Southwest,completed
21271,314,2026-03-30,West,completed
21272,4737,2025-05-10,Southeast,returned
21273,3201,2025-12-08,Southwest,completed
21274,3765,2025-03-30,Northeast,cancelled
21275,2766,2025-08-20,Midwest,completed
21276,3710,2025-06-26,Northeast,completed
21277,4567,2026-04-29,West,completed
21278,757,2025-02-22,Northeast,completed
21279,1825,2024-07-03,Southeast,completed
21280,4504,2026-04-23,Northeast,completed
21281,3971,2026-02-02,West,completed
21282,2695,2026-06-19,Midwest,completed
21283,1324,2024-09-16,Northeast,completed
21284,4364,2025-04-19,Midwest,completed
21285,839,2024-07-16,Northeast,completed
21286,2232,2025-01-09,Southeast,cancelled
21287,1666,2025-08-20,West,completed
21288,2838,2025-04-04,Northeast,completed
21289,2552,2026-02-07,Northeast,completed
21290,1010,2026-04-02,Northeast,completed
21291,4650,2024-07-26,Southeast,completed
21292,2000,2024-08-07,Northeast,completed
21293,3684,2024-07-03,West,completed
21294,3654,2026-06-12,Southwest,completed
21295,4809,2024-10-21,West,completed
21296,1066,2025-01-17,Northeast,completed
21297,2598,2025-09-01,Northeast,returned
21298,554,2025-06-22,Northeast,returned
21299,1766,2026-04-15,Northeast,completed
21300,4204,2025-01-14,Southeast,completed
21301,1767,2026-07-15,Midwest,completed
21302,2709,2026-01-02,Southwest,completed
21303,1247,2025-02-04,Midwest,completed
21304,4356,2024-12-08,Southeast,completed
21305,967,2025-10-27,West,completed
21306,4572,2025-06-29,Midwest,completed
21307,4497,2024-04-15,West,completed
21308,1,2024-09-21,Midwest,completed
21309,4088,2024-12-17,Midwest,completed
21310,3144,2026-02-16,Midwest,cancelled
21311,4215,2024-07-05,Southwest,completed
21312,2178,2026-07-05,Southeast,completed
21313,3049,2025-10-25,Midwest,completed
21314,442,2024-03-20,Southeast,completed
21315,1264,2024-10-02,Midwest,cancelled
21316,686,2024-06-20,West,completed
21317,15,2025-07-30,Northeast,completed
21318,1895,2025-07-31,West,completed
21319,4703,2026-05-29,Midwest,completed
21320,976,2026-01-06,Northeast,completed
21321,4677,2024-12-05,Southwest,completed
21322,2131,2024-10-18,Northeast,completed
21323,2062,2024-05-03,Southeast,completed
21324,936,2024-07-01,Northeast,completed
21325,3373,2025-01-15,Southeast,completed
21326,1924,2026-01-10,Midwest,completed
21327,4399,2026-04-02,West,completed
21328,2290,2025-01-06,Southwest,completed
21329,4655,2026-02-08,West,completed
21330,3301,2024-01-05,West,completed
21331,3225,2025-10-28,West,completed
21332,3656,2024-06-20,West,completed
21333,2761,2025-04-26,Midwest,completed
21334,369,2026-08-25,Midwest,completed
21335,4146,2026-02-08,Southwest,returned
21336,2137,2024-06-04,Northeast,returned
21337,2279,2026-05-06,Northeast,completed
21338,2325,2024-12-08,Southeast,completed
21339,244,2025-08-27,Northeast,completed
21340,4504,2026-01-01,Northeast,completed
21341,2419,2024-01-25,West,returned
21342,4909,2025-04-09,Northeast,completed
21343,3106,2025-08-30,Midwest,cancelled
21344,3737,2026-03-08,Northeast,completed
21345,2505,2026-04-30,West,completed
21346,1532,2025-06-06,Southeast,completed
21347,3797,2024-04-16,Northeast,completed
21348,1090,2025-01-19,Northeast,completed
21349,596,2025-11-17,West,completed
21350,2525,2025-05-26,Southeast,completed
21351,3807,2026-05-29,West,completed
21352,3856,2025-12-10,West,cancelled
21353,3162,2024-01-22,Midwest,completed
21354,104,2025-04-11,Southwest,completed
21355,4157,2025-10-27,Midwest,completed
21356,4384,2025-05-06,Southwest,completed
21357,3783,2024-10-15,West,completed
21358,872,2025-02-12,Southeast,completed
21359,3848,2024-06-07,West,completed
21360,1253,2025-12-23,Northeast,cancelled
21361,4257,2024-12-20,West,completed
21362,1847,2024-01-05,Southeast,completed
21363,2918,2025-05-25,Southwest,completed
21364,1846,2025-06-14,Northeast,completed
21365,3288,2025-12-01,Midwest,completed
21366,3648,2025-08-01,Northeast,completed
21367,1878,2025-06-03,Southwest,completed
21368,41,2024-07-14,Southeast,completed
21369,488,2024-08-15,Southwest,completed
21370,4624,2025-12-08,Southeast,completed
21371,1675,2024-09-02,West,completed
21372,4685,2025-03-20,Midwest,completed
21373,3735,2026-08-19,West,returned
21374,447,2026-01-17,Northeast,completed
21375,2153,2024-09-16,Southeast,completed
21376,510,2024-11-09,Southwest,completed
21377,1411,2025-01-17,Northeast,completed
21378,3117,2024-08-11,Northeast,completed
21379,582,2024-10-23,Midwest,completed
21380,2625,2026-08-06,Southeast,completed
21381,783,2024-09-03,Midwest,completed
21382,3956,2026-08-01,Midwest,completed
21383,3168,2025-05-25,Southeast,completed
21384,914,2025-07-31,West,completed
21385,2834,2024-09-13,West,completed
21386,759,2025-01-16,Southeast,completed
21387,1671,2025-09-12,Northeast,completed
21388,2517,2024-06-03,West,completed
21389,1381,2025-12-27,West,completed
21390,1205,2025-07-25,Northeast,completed
21391,243,2025-01-07,Midwest,completed
21392,2633,2025-12-22,Midwest,completed
21393,1820,2025-01-16,Northeast,completed
21394,4161,2026-03-16,Midwest,completed
21395,3708,2025-11-01,Northeast,completed
21396,4769,2026-03-31,Southwest,returned
21397,686,2024-01-20,West,completed
21398,3826,2026-03-24,Southeast,completed
21399,2549,2024-11-28,Northeast,returned
21400,4600,2025-08-10,Northeast,completed
21401,4255,2024-05-19,Northeast,completed
21402,1107,2025-02-24,Midwest,completed
21403,75,2024-12-04,Midwest,completed
21404,2125,2025-03-26,Southwest,completed
21405,2070,2026-03-27,Southeast,completed
21406,2205,2025-01-22,Northeast,completed
21407,221,2024-02-19,Southwest,returned
21408,1028,2024-04-24,West,cancelled
21409,3713,2024-10-13,Southwest,returned
21410,3979,2026-07-09,Southwest,completed
21411,242,2024-10-21,Southeast,completed
21412,972,2025-02-27,Midwest,completed
21413,1043,2024-07-08,Midwest,completed
21414,4542,2024-11-20,Midwest,completed
21415,4609,2026-06-16,West,completed
21416,2486,2026-05-18,Midwest,returned
21417,4615,2024-09-18,Northeast,completed
21418,4790,2024-04-02,Midwest,completed
21419,2039,2026-07-04,Midwest,completed
21420,2104,2025-10-13,Southeast,completed
21421,1801,2025-12-21,Northeast,completed
21422,4746,2026-01-08,Midwest,completed
21423,4612,2026-04-30,Southeast,completed
21424,4132,2025-03-08,West,completed
21425,2095,2024-05-21,Southeast,completed
21426,2329,2024-01-11,Midwest,completed
21427,4746,2025-07-12,Midwest,completed
21428,2096,2025-09-04,Southeast,completed
21429,1808,2025-03-23,Northeast,completed
21430,2561,2025-12-04,Midwest,completed
21431,3339,2025-02-11,West,returned
21432,157,2025-07-31,Southwest,completed
21433,3672,2026-05-07,Southwest,completed
21434,221,2025-09-07,Southwest,completed
21435,2033,2024-07-28,Southeast,completed
21436,4506,2025-06-12,West,completed
21437,3387,2025-09-12,West,completed
21438,469,2026-01-25,Northeast,completed
21439,2087,2024-09-19,Southwest,returned
21440,3359,2024-04-07,Southwest,completed
21441,2357,2026-01-30,Southeast,completed
21442,1611,2025-07-06,West,completed
21443,1369,2024-09-28,Midwest,completed
21444,4116,2025-05-01,Northeast,completed
21445,578,2025-07-01,Midwest,completed
21446,2903,2025-04-27,Southeast,completed
21447,4245,2024-09-07,Midwest,completed
21448,879,2024-02-02,Southwest,returned
21449,2277,2026-02-06,Southeast,completed
21450,2113,2025-09-28,Southwest,completed
21451,165,2024-07-05,Midwest,completed
21452,3526,2025-12-04,Midwest,returned
21453,4250,2025-05-27,Northeast,completed
21454,2415,2026-04-06,Southeast,completed
21455,130,2025-03-31,Southeast,completed
21456,4007,2026-02-06,Midwest,cancelled
21457,757,2025-06-23,Northeast,completed
21458,3313,2025-10-24,Northeast,completed
21459,1307,2024-07-29,Northeast,completed
21460,2500,2024-11-29,Southwest,completed
21461,929,2026-06-15,Northeast,completed
21462,3634,2026-08-10,West,cancelled
21463,1879,2025-10-09,Northeast,completed
21464,4655,2024-01-12,West,returned
21465,1539,2025-11-20,West,completed
21466,1186,2025-07-01,West,completed
21467,593,2026-01-24,West,completed
21468,2185,2024-05-17,Southeast,completed
21469,1110,2026-03-21,West,completed
21470,1422,2024-01-12,Southwest,completed
21471,1555,2025-09-26,Southeast,completed
21472,2784,2026-06-01,Midwest,returned
21473,554,2026-04-28,Northeast,returned
21474,4586,2024-01-27,West,completed
21475,4747,2025-11-17,Midwest,completed
21476,2712,2025-12-19,Midwest,cancelled
21477,588,2026-02-25,West,cancelled
21478,3301,2026-06-18,West,completed
21479,4259,2025-01-18,Midwest,completed
21480,586,2025-07-11,Southeast,completed
21481,4631,2024-01-31,Southeast,completed
21482,132,2024-01-02,Southwest,completed
21483,4271,2026-03-05,Southeast,completed
21484,1191,2024-02-22,Southeast,completed
21485,239,2024-03-22,Southwest,completed
21486,3609,2026-04-04,West,completed
21487,2779,2024-06-07,Southeast,completed
21488,3583,2024-03-22,Midwest,completed
21489,3596,2025-01-19,Northeast,completed
21490,3079,2024-07-10,Northeast,completed
21491,2349,2024-04-26,Northeast,completed
21492,1530,2025-10-04,Southwest,returned
21493,2466,2025-03-26,Southeast,completed
21494,1607,2025-03-02,West,completed
21495,4498,2024-09-25,Southeast,completed
21496,4792,2025-11-14,Northeast,completed
21497,2820,2024-12-03,Midwest,completed
21498,565,2026-07-19,Midwest,completed
21499,1114,2025-08-20,Northeast,cancelled
21500,3190,2025-07-23,Northeast,completed
21501,4419,2025-01-21,Southwest,completed
21502,1705,2026-06-24,Midwest,cancelled
21503,457,2025-10-12,Midwest,completed
21504,2803,2024-05-16,Southwest,completed
21505,2962,2024-01-14,Southeast,returned
21506,3391,2024-08-15,Southeast,completed
21507,3674,2026-05-31,West,completed
21508,3917,2025-06-10,West,completed
21509,1111,2025-11-12,Midwest,completed
21510,2904,2025-02-06,Southeast,completed
21511,1700,2024-07-01,Southeast,completed
21512,66,2026-08-03,Southwest,completed
21513,2560,2024-08-15,West,completed
21514,1484,2025-12-11,Midwest,completed
21515,3955,2024-04-01,Southwest,completed
21516,3191,2024-02-09,Northeast,completed
21517,4560,2025-04-05,Southeast,completed
21518,933,2026-07-01,Southwest,completed
21519,4058,2026-08-12,Northeast,completed
21520,1773,2024-10-13,Southwest,completed
21521,4858,2025-02-07,West,completed
21522,4682,2025-11-19,Southeast,completed
21523,366,2025-07-22,Midwest,completed
21524,3841,2026-04-10,Midwest,completed
21525,3680,2024-11-03,Southwest,completed
21526,1012,2025-02-22,Southwest,returned
21527,3590,2025-05-13,West,completed
21528,4077,2025-09-03,West,completed
21529,3957,2025-08-11,Northeast,completed
21530,2069,2024-08-01,West,completed
21531,4657,2025-10-18,Midwest,completed
21532,919,2025-12-09,Southwest,completed
21533,3051,2025-01-16,Midwest,completed
21534,991,2025-01-26,Midwest,completed
21535,4261,2025-06-06,Southwest,completed
21536,4636,2024-11-10,West,completed
21537,3819,2025-09-14,Midwest,completed
21538,3588,2025-05-12,Midwest,returned
21539,153,2026-06-20,Northeast,completed
21540,2474,2024-06-24,Southwest,completed
21541,4332,2024-06-08,West,completed
21542,4257,2025-05-16,West,completed
21543,3309,2025-04-05,West,completed
21544,236,2026-01-24,West,completed
21545,3068,2024-12-26,Southwest,completed
21546,2197,2026-04-15,Midwest,completed
21547,3069,2026-07-04,Midwest,completed
21548,3831,2024-01-04,Southwest,completed
21549,692,2024-08-16,Southwest,completed
21550,420,2026-01-17,West,completed
21551,4642,2025-02-11,Southwest,completed
21552,1478,2026-04-03,Southeast,returned
21553,1968,2026-07-30,West,completed
21554,2827,2025-12-11,Southeast,completed
21555,291,2024-06-08,Southwest,completed
21556,689,2024-03-04,Southwest,completed
21557,2428,2026-01-18,Midwest,completed
21558,3173,2025-03-22,West,completed
21559,4553,2026-03-11,Southwest,completed
21560,4898,2026-02-23,West,completed
21561,4178,2026-06-27,West,completed
21562,374,2024-03-09,Southwest,completed
21563,3145,2024-03-14,Southwest,completed
21564,4271,2024-10-22,Southeast,completed
21565,3254,2024-02-18,West,completed
21566,1762,2025-06-07,Northeast,completed
21567,2259,2025-07-03,Southeast,completed
21568,2424,2024-05-08,Southeast,completed
21569,2661,2024-08-25,Midwest,completed
21570,2977,2024-06-08,Southwest,completed
21571,475,2025-02-10,Midwest,completed
21572,2455,2026-02-21,Southeast,completed
21573,1946,2025-04-22,Midwest,completed
21574,1627,2024-12-20,Midwest,cancelled
21575,2330,2025-03-22,Southeast,completed
21576,1588,2026-06-18,West,completed
21577,3092,2026-03-23,Southeast,completed
21578,4452,2024-01-20,West,completed
21579,3058,2025-05-22,Southeast,completed
21580,2809,2025-02-01,West,cancelled
21581,2888,2025-05-17,Midwest,completed
21582,3661,2026-08-16,Southwest,completed
21583,3010,2024-02-05,Southwest,completed
21584,3237,2025-01-08,Northeast,completed
21585,286,2026-05-14,Southwest,completed
21586,4619,2026-05-18,Southeast,completed
21587,4585,2026-05-16,Southwest,completed
21588,3107,2026-03-14,West,cancelled
21589,641,2025-06-14,Southwest,returned
21590,178,2026-06-26,Southwest,completed
21591,1394,2024-08-22,Southeast,completed
21592,4750,2025-12-13,West,completed
21593,3809,2024-02-04,Midwest,completed
21594,2108,2025-10-14,Midwest,completed
21595,4071,2025-07-07,West,completed
21596,2921,2025-05-28,Southeast,completed
21597,325,2026-01-31,Midwest,completed
21598,776,2025-09-03,Southeast,completed
21599,3376,2026-06-29,Southeast,completed
21600,4317,2026-01-25,Southeast,completed
21601,955,2024-03-17,Midwest,completed
21602,66,2025-06-09,Southwest,completed
21603,2001,2026-08-24,Northeast,completed
21604,2022,2024-11-10,Midwest,completed
21605,481,2026-08-15,Northeast,completed
21606,4374,2025-11-27,Midwest,completed
21607,3133,2025-04-03,Southwest,completed
21608,2373,2025-08-27,Northeast,completed
21609,516,2025-01-13,Northeast,completed
21610,3669,2025-04-13,Northeast,completed
21611,2428,2026-01-24,Midwest,completed
21612,4293,2026-04-25,Midwest,completed
21613,3032,2026-04-29,Midwest,completed
21614,271,2025-02-18,Midwest,completed
21615,4130,2024-04-17,Midwest,completed
21616,1249,2025-02-16,Southeast,completed
21617,1578,2025-12-31,West,completed
21618,4540,2026-03-06,West,completed
21619,1384,2026-02-22,Southwest,completed
21620,2998,2026-06-24,West,completed
21621,1148,2024-12-01,West,completed
21622,2982,2024-04-24,Midwest,completed
21623,2982,2024-02-01,Midwest,completed
21624,4092,2025-04-17,Midwest,completed
21625,4866,2025-11-13,Southwest,completed
21626,862,2025-09-16,Midwest,completed
21627,2150,2026-07-16,West,completed
21628,4438,2026-07-30,Southeast,completed
21629,3355,2026-07-28,Midwest,completed
21630,3075,2026-04-28,Southwest,completed
21631,3761,2025-12-07,West,completed
21632,1695,2024-08-20,Midwest,completed
21633,3997,2024-11-28,Midwest,completed
21634,3739,2025-09-02,Midwest,completed
21635,3692,2024-03-20,Midwest,completed
21636,1855,2024-03-10,Northeast,completed
21637,1116,2025-01-07,Southeast,completed
21638,1752,2026-08-14,Northeast,completed
21639,2823,2025-09-19,West,completed
21640,4531,2024-07-28,Southeast,completed
21641,1234,2026-05-01,Southwest,completed
21642,2994,2024-05-26,Southeast,completed
21643,1484,2025-07-08,Midwest,completed
21644,2297,2026-05-30,West,completed
21645,2591,2024-01-10,Southwest,completed
21646,4413,2025-03-09,Southeast,completed
21647,2937,2026-08-25,West,completed
21648,4314,2025-01-10,Northeast,completed
21649,760,2024-06-06,Northeast,completed
21650,3448,2026-06-07,Southeast,completed
21651,1565,2025-05-21,Northeast,completed
21652,2539,2026-04-01,Southeast,completed
21653,1633,2025-05-15,Northeast,completed
21654,1295,2026-06-05,Midwest,completed
21655,2344,2025-11-24,Midwest,completed
21656,2130,2024-07-17,Southwest,completed
21657,3503,2026-02-07,Northeast,returned
21658,2017,2024-07-19,Northeast,completed
21659,3950,2024-08-15,Southwest,completed
21660,3959,2025-03-21,Southwest,completed
21661,4666,2026-05-21,Midwest,completed
21662,1750,2024-04-16,Southeast,completed
21663,509,2024-06-21,Midwest,completed
21664,4604,2026-07-27,West,completed
21665,3060,2024-12-29,Midwest,completed
21666,2214,2024-04-30,West,completed
21667,3322,2025-12-27,Southeast,completed
21668,4229,2026-01-29,Northeast,cancelled
21669,2223,2026-07-06,Southwest,completed
21670,2454,2025-05-19,Midwest,completed
21671,1194,2026-03-23,Northeast,completed
21672,1817,2024-07-30,Northeast,completed
21673,1270,2024-01-23,West,returned
21674,1641,2024-12-15,West,completed
21675,3491,2026-04-15,Northeast,completed
21676,766,2025-02-21,West,completed
21677,139,2025-01-17,West,completed
21678,565,2026-07-16,Midwest,completed
21679,2129,2024-06-22,Southeast,completed
21680,4074,2024-10-10,Southwest,completed
21681,347,2025-01-03,Northeast,returned
21682,4557,2024-12-12,Southeast,completed
21683,4626,2024-08-10,Southwest,completed
21684,2620,2025-10-23,Southeast,completed
21685,504,2024-09-20,Southeast,completed
21686,395,2025-07-22,West,completed
21687,2184,2024-11-14,Southwest,completed
21688,2111,2026-05-15,Southeast,completed
21689,4034,2024-06-06,West,completed
21690,2922,2026-07-11,Southwest,completed
21691,2625,2024-06-02,Southeast,completed
21692,1974,2024-06-25,Southeast,returned
21693,1647,2024-04-10,Southeast,completed
21694,1328,2025-02-12,Southeast,completed
21695,4358,2024-02-21,Southwest,completed
21696,1256,2024-09-18,Northeast,completed
21697,2868,2024-05-15,Southwest,completed
21698,4908,2024-08-01,Northeast,completed
21699,4451,2024-11-11,Southwest,completed
21700,936,2026-05-08,Northeast,completed
21701,3017,2025-08-21,Southwest,completed
21702,1809,2024-04-06,Southwest,completed
21703,4219,2025-06-20,Southeast,completed
21704,1007,2024-09-23,Southeast,completed
21705,589,2025-01-23,Southwest,completed
21706,4769,2025-10-12,Southwest,completed
21707,1867,2026-06-01,Northeast,completed
21708,1247,2025-09-15,Midwest,completed
21709,3825,2024-11-27,Northeast,completed
21710,1423,2026-08-05,Southwest,completed
21711,1188,2024-08-01,West,completed
21712,2273,2026-04-28,Southwest,completed
21713,2828,2024-03-06,Northeast,completed
21714,1318,2024-07-25,Southeast,completed
21715,2573,2025-11-27,Southwest,completed
21716,4734,2026-05-14,Southeast,completed
21717,4719,2025-03-24,Southwest,completed
21718,1131,2026-02-17,West,completed
21719,1696,2026-06-09,Southeast,completed
21720,4759,2025-07-03,West,completed
21721,2172,2025-11-17,Midwest,completed
21722,3340,2024-01-26,Southeast,completed
21723,3492,2025-05-14,West,completed
21724,4982,2026-05-29,Southeast,completed
21725,3913,2024-06-27,Southwest,completed
21726,1190,2024-07-13,West,completed
21727,2652,2026-05-22,West,completed
21728,2683,2024-09-19,Southeast,completed
21729,225,2024-04-16,Southeast,completed
21730,4513,2025-03-13,Southwest,completed
21731,4160,2026-01-24,West,completed
21732,2224,2024-03-13,West,completed
21733,3201,2024-03-15,Southwest,completed
21734,1427,2026-02-01,Midwest,completed
21735,3582,2025-04-28,Southwest,completed
21736,130,2026-02-25,Southeast,completed
21737,1371,2024-01-05,Midwest,completed
21738,845,2025-04-22,Southeast,completed
21739,474,2026-08-18,Midwest,completed
21740,3899,2026-07-31,West,cancelled
21741,1930,2026-05-28,Midwest,completed
21742,1287,2024-09-25,Northeast,completed
21743,4672,2024-12-07,Northeast,completed
21744,4881,2025-05-02,Northeast,completed
21745,4987,2025-11-09,West,cancelled
21746,3702,2024-01-03,Northeast,cancelled
21747,1336,2026-06-25,West,completed
21748,1692,2026-05-29,West,completed
21749,3505,2026-06-09,Southeast,completed
21750,3973,2026-01-25,West,completed
21751,1580,2025-09-27,Midwest,completed
21752,1724,2026-03-30,Southeast,completed
21753,1676,2024-11-06,Midwest,completed
21754,4477,2024-04-20,Southeast,completed
21755,1461,2026-01-13,Midwest,completed
21756,671,2025-10-08,Northeast,completed
21757,3986,2025-06-18,Midwest,completed
21758,346,2024-11-17,Southeast,completed
21759,3469,2026-01-09,Southeast,completed
21760,4610,2026-01-31,Northeast,completed
21761,3940,2024-05-02,Midwest,completed
21762,1842,2025-07-13,West,completed
21763,653,2025-10-05,Southwest,completed
21764,1109,2025-01-12,Southwest,completed
21765,242,2026-06-21,Southeast,returned
21766,3305,2024-05-10,Southwest,completed
21767,3600,2026-05-30,Midwest,completed
21768,2319,2024-06-20,Midwest,completed
21769,2410,2026-03-26,Southeast,completed
21770,4216,2026-03-09,West,cancelled
21771,3108,2025-03-02,West,completed
21772,1787,2024-09-09,Southeast,completed
21773,762,2024-05-16,Southwest,completed
21774,4381,2026-07-04,Southwest,completed
21775,2311,2025-11-30,West,completed
21776,3862,2026-02-18,Midwest,completed
21777,375,2026-02-06,Southeast,completed
21778,2209,2025-01-21,Southwest,completed
21779,3425,2025-07-12,Midwest,completed
21780,1203,2024-07-02,West,completed
21781,2546,2024-10-08,Southeast,completed
21782,1071,2025-11-05,Southwest,completed
21783,1755,2024-03-15,Southeast,completed
21784,1027,2024-01-05,Southeast,completed
21785,1650,2024-04-01,Midwest,completed
21786,1012,2025-09-11,Southwest,completed
21787,1562,2024-05-24,Northeast,cancelled
21788,1951,2024-06-02,Midwest,completed
21789,2580,2024-08-22,Midwest,returned
21790,461,2025-09-06,Southeast,completed
21791,783,2026-07-23,Midwest,completed
21792,2849,2024-08-16,Midwest,completed
21793,2245,2025-04-17,Southeast,completed
21794,490,2025-12-16,Southeast,completed
21795,2522,2025-12-17,Midwest,completed
21796,3288,2024-07-26,Midwest,completed
21797,940,2026-06-10,Southwest,completed
21798,2364,2025-08-13,West,completed
21799,3995,2025-10-06,Southeast,completed
21800,3045,2025-05-26,Southwest,cancelled
21801,4987,2025-06-30,West,completed
21802,283,2025-03-04,Southeast,completed
21803,2197,2024-04-16,Midwest,completed
21804,789,2026-07-01,West,returned
21805,3978,2024-12-21,Northeast,completed
21806,2482,2025-03-13,Southwest,returned
21807,4239,2026-03-22,Midwest,cancelled
21808,535,2026-03-21,Midwest,completed
21809,2973,2024-05-27,Southeast,completed
21810,593,2024-04-18,West,completed
21811,1083,2024-01-26,Southeast,completed
21812,2596,2025-08-17,West,completed
21813,4892,2024-07-30,Midwest,completed
21814,4131,2026-04-20,Southeast,completed
21815,2469,2026-02-14,Northeast,completed
21816,2256,2025-11-10,West,completed
21817,4534,2024-12-13,Southwest,completed
21818,3208,2025-09-29,Midwest,completed
21819,872,2026-01-08,Southeast,completed
21820,4061,2024-05-31,West,completed
21821,3021,2026-06-12,Southwest,completed
21822,3556,2025-07-17,West,completed
21823,4727,2025-03-30,Northeast,completed
21824,2182,2025-11-17,Midwest,completed
21825,771,2025-09-15,Northeast,cancelled
21826,3230,2026-01-23,West,completed
21827,884,2024-04-02,West,completed
21828,673,2025-04-20,Northeast,completed
21829,2707,2026-01-20,Northeast,completed
21830,348,2024-05-08,Southwest,completed
21831,1703,2024-03-30,Southeast,completed
21832,4646,2024-09-28,Northeast,completed
21833,3689,2024-03-12,Southwest,completed
21834,3297,2026-02-01,Southwest,completed
21835,3994,2025-11-12,Southeast,completed
21836,3748,2026-02-26,Southeast,completed
21837,4472,2024-07-01,Southeast,completed
21838,3543,2025-03-10,West,completed
21839,4613,2025-11-29,Northeast,completed
21840,3492,2025-12-16,West,completed
21841,1185,2024-09-11,Northeast,completed
21842,822,2026-06-22,West,cancelled
21843,2093,2024-04-25,Southwest,completed
21844,3095,2024-06-05,Midwest,completed
21845,4009,2024-03-01,Southeast,completed
21846,1758,2026-08-05,Southwest,cancelled
21847,3363,2024-04-05,Southeast,completed
21848,400,2024-07-16,Northeast,completed
21849,3325,2025-11-03,Southwest,completed
21850,4314,2026-07-05,Northeast,completed
21851,4424,2024-01-14,Southwest,completed
21852,2083,2024-10-09,Southwest,completed
21853,4397,2026-04-18,Southwest,cancelled
21854,373,2026-03-16,Northeast,completed
21855,4862,2025-09-16,Southeast,completed
21856,8,2026-03-02,Southeast,completed
21857,2514,2024-06-20,Southeast,completed
21858,1929,2024-10-15,West,completed
21859,398,2026-07-28,Southeast,completed
21860,3195,2024-03-15,Southeast,completed
21861,1300,2025-08-12,Midwest,returned
21862,2552,2025-03-14,Northeast,completed
21863,1706,2024-08-27,West,completed
21864,2523,2024-07-27,Southwest,completed
21865,1062,2024-09-19,West,completed
21866,4340,2024-04-27,Southeast,completed
21867,864,2024-04-15,Southeast,completed
21868,2202,2025-07-25,West,completed
21869,2413,2025-06-15,West,completed
21870,670,2025-07-03,Southwest,completed
21871,3205,2024-03-05,Midwest,completed
21872,4731,2024-05-31,Southwest,completed
21873,846,2024-03-21,Southwest,completed
21874,4086,2025-09-14,Southeast,returned
21875,3186,2026-04-14,Southwest,completed
21876,3020,2024-01-06,Southwest,returned
21877,4597,2024-07-08,West,completed
21878,640,2026-07-30,West,returned
21879,110,2025-09-23,Southwest,completed
21880,2642,2025-08-17,Southeast,completed
21881,2116,2025-12-19,West,completed
21882,3809,2025-06-25,Midwest,completed
21883,820,2024-04-15,West,completed
21884,2227,2026-02-10,Southeast,completed
21885,3952,2026-06-01,West,completed
21886,4599,2025-12-09,Southwest,cancelled
21887,4237,2024-12-17,Midwest,returned
21888,1926,2024-09-02,Southwest,completed
21889,2271,2025-03-31,West,completed
21890,1320,2026-07-18,Southwest,completed
21891,925,2025-04-10,Southeast,completed
21892,4154,2025-10-26,Midwest,completed
21893,2106,2024-02-16,Southwest,completed
21894,4330,2025-11-02,Southeast,completed
21895,3152,2025-05-28,West,completed
21896,3398,2024-11-13,Southeast,completed
21897,1944,2024-01-02,Southwest,completed
21898,1404,2026-04-23,West,completed
21899,3736,2025-01-10,Southwest,completed
21900,4275,2024-09-03,Northeast,completed
21901,1927,2025-12-29,Southwest,completed
21902,4800,2024-08-18,Southeast,completed
21903,4032,2025-09-27,Southeast,completed
21904,3856,2026-02-26,West,completed
21905,1932,2024-11-08,Midwest,cancelled
21906,1447,2025-04-12,Northeast,completed
21907,4377,2024-05-10,Midwest,completed
21908,227,2024-01-31,Southwest,returned
21909,4378,2024-11-25,Southwest,completed
21910,4477,2026-07-03,Southeast,cancelled
21911,3577,2026-06-04,Southwest,completed
21912,39,2025-10-01,Northeast,completed
21913,883,2025-11-28,Southwest,completed
21914,80,2026-07-16,Northeast,completed
21915,2193,2026-01-22,Southwest,completed
21916,3388,2025-11-03,West,completed
21917,1575,2025-08-12,Northeast,completed
21918,4857,2026-03-20,Southwest,completed
21919,184,2025-10-29,West,completed
21920,3900,2025-01-12,Southeast,completed
21921,1351,2024-10-17,Midwest,completed
21922,3351,2024-07-06,Midwest,completed
21923,1144,2025-06-05,Midwest,completed
21924,4839,2026-02-03,Southeast,completed
21925,3647,2024-01-17,West,cancelled
21926,604,2025-02-28,Northeast,completed
21927,3377,2025-12-04,Midwest,completed
21928,2780,2025-11-17,Midwest,completed
21929,1904,2024-09-20,Southwest,completed
21930,494,2024-11-27,Southwest,completed
21931,3396,2024-08-06,Southeast,completed
21932,1803,2026-08-22,Northeast,returned
21933,3749,2025-09-12,Midwest,completed
21934,1159,2024-08-10,Southeast,completed
21935,3232,2025-09-18,Southeast,completed
21936,2168,2026-02-19,Midwest,completed
21937,1531,2026-06-18,Midwest,cancelled
21938,4933,2024-10-27,Midwest,completed
21939,1414,2024-11-09,Midwest,completed
21940,4690,2024-07-06,Midwest,returned
21941,26,2025-08-15,Southwest,completed
21942,4925,2026-05-03,Midwest,cancelled
21943,1879,2026-05-20,Northeast,cancelled
21944,3700,2026-01-16,Midwest,completed
21945,3513,2024-08-25,Southwest,completed
21946,2615,2024-01-05,West,completed
21947,21,2026-04-25,West,completed
21948,3459,2025-01-30,Midwest,returned
21949,47,2025-06-14,Midwest,completed
21950,2877,2025-10-21,Southeast,completed
21951,2572,2024-08-27,Southwest,completed
21952,561,2024-07-27,Southeast,completed
21953,1434,2026-06-15,West,completed
21954,630,2025-11-18,West,completed
21955,3253,2026-01-06,Midwest,completed
21956,136,2024-11-15,Southeast,completed
21957,2005,2026-08-16,Southwest,completed
21958,4573,2024-12-15,Southwest,returned
21959,4928,2025-06-17,West,completed
21960,4421,2024-02-16,Southwest,completed
21961,3003,2026-06-29,Northeast,completed
21962,2888,2026-04-14,Midwest,completed
21963,296,2025-10-04,Southeast,completed
21964,3467,2024-10-27,Northeast,completed
21965,2634,2025-12-10,Midwest,completed
21966,405,2025-08-11,West,completed
21967,2131,2025-08-20,Northeast,completed
21968,2639,2024-06-06,Northeast,completed
21969,1847,2026-03-24,Southeast,completed
21970,3379,2024-02-05,Midwest,completed
21971,5000,2026-04-11,Northeast,completed
21972,4951,2026-01-01,Southeast,completed
21973,4188,2026-02-14,West,completed
21974,3554,2025-07-13,Southeast,completed
21975,3827,2025-01-24,Southwest,completed
21976,4864,2026-03-10,Northeast,completed
21977,1940,2026-02-01,Southeast,completed
21978,787,2025-09-09,Southeast,completed
21979,992,2024-11-11,Southeast,completed
21980,2231,2025-06-16,Midwest,completed
21981,1174,2026-01-19,Midwest,completed
21982,206,2025-06-29,West,completed
21983,4858,2024-04-18,West,completed
21984,3906,2025-02-20,Southwest,completed
21985,4585,2024-09-16,Southwest,completed
21986,3869,2025-06-19,Midwest,completed
21987,3330,2026-06-22,Midwest,completed
21988,4806,2025-05-27,Northeast,completed
21989,1759,2024-06-12,Midwest,completed
21990,4543,2026-01-03,Southwest,completed
21991,4436,2026-02-20,Northeast,completed
21992,2146,2024-04-23,Southwest,completed
21993,1085,2026-08-05,Midwest,completed
21994,1939,2026-05-27,Southeast,completed
21995,4924,2024-04-01,Southwest,completed
21996,2434,2025-01-17,Southwest,completed
21997,1501,2026-03-26,Southeast,completed
21998,1649,2024-10-16,Midwest,completed
21999,410,2026-05-26,Northeast,completed
22000,3669,2026-02-23,Northeast,completed
