CUST_ID,cust_name,region,signup_dt
1,Customer 1,Midwest,2024-09-03
2,Customer 2,Southeast,2024-04-27
3,Customer 3,Midwest,2025-07-25
4,Customer 4,West,2025-07-23
5,Customer 5,West,
6,Customer 6,Midwest,
7,Customer 7,Southwest,2026-04-12
8,Customer 8,Southeast,2026-05-05
9,Customer 9,Southwest,2024-11-25
10,Customer 10,Northeast,2026-03-08
11,Customer 11,Midwest,2024-07-28
12,Customer 12,Southeast,2024-03-23
13,Customer 13,Southeast,2026-07-11
14,Customer 14,Southwest,2025-07-05
15,Customer 15,Northeast,2026-03-31
16,Customer 16,Southeast,2026-05-20
17,Customer 17,Northeast,2025-04-17
18,Customer 18,Northeast,2026-03-14
19,Customer 19,West,2024-10-05
20,Customer 20,Southwest,2026-07-30
21,Customer 21,West,2024-12-25
22,Customer 22,West,2026-05-13
23,Customer 23,Southwest,2025-09-12
24,Customer 24,West,2025-08-09
25,Customer 25,Southwest,2024-05-21
26,Customer 26,Southwest,
27,Customer 27,Northeast,2025-10-09
28,Customer 28,Northeast,2026-02-17
29,Customer 29,Southwest,2025-05-31
30,Customer 30,West,2024-02-27
31,Customer 31,Southwest,2025-11-01
32,Customer 32,Northeast,2025-06-27
33,Customer 33,Northeast,
34,Customer 34,Southwest,2026-08-03
35,Customer 35,Southwest,2024-03-04
36,Customer 36,Southwest,2026-04-28
37,Customer 37,Northeast,2024-09-02
38,Customer 38,Northeast,2025-04-22
39,Customer 39,Northeast,2025-05-02
40,Customer 40,Northeast,2024-05-18
41,Customer 41,Southeast,2026-03-01
42,Customer 42,Northeast,2024-06-01
43,Customer 43,Northeast,2026-06-07
44,Customer 44,Southeast,2026-02-27
45,Customer 45,Southwest,2025-08-13
46,Customer 46,West,2025-06-02
47,Customer 47,Midwest,2026-06-25
48,Customer 48,Northeast,2025-02-28
49,Customer 49,Midwest,2024-10-21
50,Customer 50,Southwest,2024-01-19
51,Customer 51,West,2024-02-06
52,Customer 52,Northeast,2024-01-10
53,Customer 53,Northeast,2024-04-21
54,Customer 54,West,2024-03-26
55,Customer 55,Southwest,2025-11-11
56,Customer 56,Southwest,2026-06-17
57,Customer 57,Southwest,2026-04-17
58,Customer 58,Southwest,2026-04-28
59,Customer 59,Southwest,2024-10-17
60,Customer 60,Northeast,2024-11-27
61,Customer 61,Midwest,2026-03-05
62,Customer 62,Midwest,2026-02-11
63,Customer 63,Southwest,2026-02-25
64,Customer 64,West,2025-07-01
65,Customer 65,Southwest,2024-09-18
66,Customer 66,Southwest,2026-06-15
67,Customer 67,West,2025-11-05
68,Customer 68,Midwest,2024-10-07
69,Customer 69,Northeast,2025-01-03
70,Customer 70,Northeast,2026-04-24
71,Customer 71,West,2025-09-11
72,Customer 72,West,2024-01-23
73,Customer 73,West,2025-12-09
74,Customer 74,Southeast,2024-06-13
75,Customer 75,Midwest,2025-06-12
76,Customer 76,West,2025-01-20
77,Customer 77,Northeast,2024-11-03
78,Customer 78,Northeast,2025-10-24
79,Customer 79,West,2024-01-06
80,Customer 80,Northeast,2026-05-13
81,Customer 81,Southeast,2026-03-18
82,Customer 82,West,2024-03-19
83,Customer 83,Southwest,
84,Customer 84,Northeast,2024-05-09
85,Customer 85,Northeast,2025-10-14
86,Customer 86,Midwest,2026-08-17
87,Customer 87,Midwest,2026-04-24
88,Customer 88,Southeast,2025-11-15
89,Customer 89,Northeast,2025-07-17
90,Customer 90,Southwest,2024-03-14
91,Customer 91,Southeast,2024-07-27
92,Customer 92,West,2026-01-24
93,Customer 93,Midwest,2024-08-23
94,Customer 94,Southeast,2025-03-22
95,Customer 95,West,2025-11-06
96,Customer 96,West,2025-02-15
97,Customer 97,Northeast,2025-09-20
98,Customer 98,Midwest,2024-12-04
99,Customer 99,Midwest,2025-03-15
100,Customer 100,Southeast,2024-12-27
101,Customer 101,Southeast,2026-03-26
102,Customer 102,Southeast,2024-12-19
103,Customer 103,Southeast,2025-06-23
104,Customer 104,Southwest,2025-05-19
105,Customer 105,Southeast,2024-04-06
106,Customer 106,Southwest,2024-03-10
107,Customer 107,Midwest,2024-01-10
108,Customer 108,Midwest,2025-03-18
109,Customer 109,West,2025-03-08
110,Customer 110,Southwest,2026-04-01
111,Customer 111,Northeast,2026-04-04
112,Customer 112,West,2025-05-16
113,Customer 113,Southwest,2025-01-30
114,Customer 114,Southwest,2025-03-15
115,Customer 115,West,2024-01-25
116,Customer 116,West,2024-10-18
117,Customer 117,Southwest,2025-03-28
118,Customer 118,West,
119,Customer 119,Northeast,2026-07-17
120,Customer 120,Midwest,2025-09-04
121,Customer 121,Northeast,2024-05-29
122,Customer 122,Northeast,2026-07-18
123,Customer 123,Southeast,2025-05-19
124,Customer 124,West,2024-12-31
125,Customer 125,Northeast,2025-11-10
126,Customer 126,Midwest,2024-05-20
127,Customer 127,Southeast,2025-12-14
128,Customer 128,Northeast,2024-04-13
129,Customer 129,West,2024-08-25
130,Customer 130,Southeast,2025-08-23
131,Customer 131,Northeast,2026-08-12
132,Customer 132,Southwest,2025-03-10
133,Customer 133,Northeast,2024-02-29
134,Customer 134,Midwest,2024-10-11
135,Customer 135,Southwest,2026-06-10
136,Customer 136,Southeast,2025-06-14
137,Customer 137,Southeast,2026-06-13
138,Customer 138,Northeast,2026-03-23
139,Customer 139,West,2026-01-06
140,Customer 140,Southeast,2025-07-27
141,Customer 141,Southeast,2024-11-07
142,Customer 142,Northeast,2025-07-02
143,Customer 143,Northeast,2025-01-09
144,Customer 144,Southwest,2025-05-05
145,Customer 145,Southeast,2025-05-06
146,Customer 146,Southwest,2026-01-13
147,Customer 147,Southwest,2024-04-08
148,Customer 148,Midwest,2025-10-16
149,Customer 149,Southwest,2026-04-05
150,Customer 150,West,2026-02-02
151,Customer 151,Midwest,2025-05-03
152,Customer 152,Midwest,2024-08-22
153,Customer 153,Northeast,2025-07-24
154,Customer 154,Southeast,2025-09-06
155,Customer 155,Northeast,2024-04-03
156,Customer 156,Southeast,2025-11-22
157,Customer 157,Southwest,2025-05-13
158,Customer 158,Southeast,2024-08-29
159,Customer 159,Northeast,2025-05-15
160,Customer 160,West,2024-07-04
161,Customer 161,Southwest,2025-02-22
162,Customer 162,Southeast,2026-04-15
163,Customer 163,Northeast,2024-01-17
164,Customer 164,Midwest,2025-05-17
165,Customer 165,Midwest,2025-06-04
166,Customer 166,Northeast,2025-03-08
167,Customer 167,West,2026-07-16
168,Customer 168,Southwest,
169,Customer 169,Midwest,2026-06-14
170,Customer 170,Southeast,2024-06-15
171,Customer 171,West,2026-02-12
172,Customer 172,Midwest,2024-04-27
173,Customer 173,Midwest,2025-06-18
174,Customer 174,Midwest,
175,Customer 175,Midwest,2024-08-16
176,Customer 176,Southwest,2024-12-14
177,Customer 177,Southeast,2025-07-23
178,Customer 178,Southwest,2024-07-09
179,Customer 179,Northeast,2024-01-31
180,Customer 180,Southwest,2024-08-04
181,Customer 181,Southwest,2026-07-31
182,Customer 182,Midwest,2026-05-04
183,Customer 183,Midwest,2024-08-11
184,Customer 184,West,2024-09-09
185,Customer 185,West,2025-02-07
186,Customer 186,Northeast,2026-03-04
187,Customer 187,Northeast,2025-08-21
188,Customer 188,Northeast,2025-03-06
189,Customer 189,Northeast,2025-09-29
190,Customer 190,Southeast,2026-04-27
191,Customer 191,West,2025-05-22
192,Customer 192,Northeast,2025-09-09
193,Customer 193,West,2026-01-01
194,Customer 194,Southwest,2025-12-28
195,Customer 195,Southwest,2024-07-23
196,Customer 196,Southeast,
197,Customer 197,Southeast,2025-03-12
198,Customer 198,Northeast,2024-06-06
199,Customer 199,West,2026-03-30
200,Customer 200,Midwest,2025-05-31
201,Customer 201,West,2024-06-05
202,Customer 202,Southeast,2025-04-08
203,Customer 203,Southeast,2025-06-29
204,Customer 204,Northeast,2025-03-01
205,Customer 205,Midwest,2024-05-29
206,Customer 206,West,2026-07-11
207,Customer 207,Southwest,2025-02-23
208,Customer 208,Southwest,2024-09-17
209,Customer 209,Midwest,2026-06-23
210,Customer 210,Northeast,2024-05-03
211,Customer 211,Southeast,2025-06-25
212,Customer 212,West,2024-11-04
213,Customer 213,Midwest,2026-02-20
214,Customer 214,Southwest,2025-03-17
215,Customer 215,Midwest,2024-01-29
216,Customer 216,Midwest,2026-06-18
217,Customer 217,Midwest,2024-11-08
218,Customer 218,Midwest,2024-07-26
219,Customer 219,Northeast,2025-05-02
220,Customer 220,Northeast,2024-12-17
221,Customer 221,Southwest,2026-07-28
222,Customer 222,Northeast,2025-08-06
223,Customer 223,Southwest,2024-08-30
224,Customer 224,West,2025-08-17
225,Customer 225,Southeast,
226,Customer 226,Southwest,
227,Customer 227,Southwest,2026-02-17
228,Customer 228,Midwest,2024-01-21
229,Customer 229,West,2024-08-22
230,Customer 230,Southwest,2024-10-20
231,Customer 231,Northeast,2025-01-13
232,Customer 232,Southwest,2026-05-03
233,Customer 233,West,2026-02-05
234,Customer 234,Southwest,2026-02-08
235,Customer 235,West,2025-03-06
236,Customer 236,West,2024-07-13
237,Customer 237,Northeast,2026-05-11
238,Customer 238,Northeast,2024-04-05
239,Customer 239,Southwest,2024-12-12
240,Customer 240,Midwest,2025-04-23
241,Customer 241,West,2024-12-06
242,Customer 242,Southeast,2025-01-13
243,Customer 243,Midwest,2026-07-09
244,Customer 244,Northeast,2024-05-16
245,Customer 245,Southwest,2025-02-16
246,Customer 246,Southeast,2025-08-21
247,Customer 247,West,2026-02-21
248,Customer 248,West,2025-03-08
249,Customer 249,Southeast,2025-12-20
250,Customer 250,Southeast,2026-05-25
251,Customer 251,Southeast,2025-02-14
252,Customer 252,Northeast,2025-06-03
253,Customer 253,Northeast,2024-07-18
254,Customer 254,Southeast,2025-10-19
255,Customer 255,Northeast,2025-11-04
256,Customer 256,West,2025-05-16
257,Customer 257,Southwest,2025-05-18
258,Customer 258,Southwest,2025-08-05
259,Customer 259,Midwest,2024-10-07
260,Customer 260,Northeast,2026-01-26
261,Customer 261,West,2025-05-03
262,Customer 262,Northeast,2024-04-05
263,Customer 263,Southwest,2025-06-26
264,Customer 264,West,2024-03-12
265,Customer 265,Northeast,2025-08-29
266,Customer 266,Northeast,2025-03-06
267,Customer 267,Southwest,2025-12-17
268,Customer 268,Northeast,2025-11-20
269,Customer 269,Southwest,2025-10-27
270,Customer 270,Northeast,2024-02-15
271,Customer 271,Midwest,2024-01-27
272,Customer 272,Midwest,2024-04-03
273,Customer 273,West,2025-08-08
274,Customer 274,Southeast,2025-03-26
275,Customer 275,West,2024-04-20
276,Customer 276,West,2026-02-02
277,Customer 277,West,2024-07-07
278,Customer 278,Southeast,2025-06-24
279,Customer 279,Southeast,2024-06-10
280,Customer 280,Midwest,2024-12-01
281,Customer 281,West,2025-03-10
282,Customer 282,Northeast,2025-01-11
283,Customer 283,Southeast,2026-08-11
284,Customer 284,West,2024-08-25
285,Customer 285,Northeast,2025-01-18
286,Customer 286,Southwest,2026-04-11
287,Customer 287,Midwest,2024-11-24
288,Customer 288,Northeast,2026-02-19
289,Customer 289,Northeast,2025-07-15
290,Customer 290,Midwest,2026-06-08
291,Customer 291,Southwest,2025-01-26
292,Customer 292,Midwest,2025-10-09
293,Customer 293,Southeast,2026-01-11
294,Customer 294,Southwest,2024-09-20
295,Customer 295,Southwest,2025-07-27
296,Customer 296,Southeast,2026-05-21
297,Customer 297,Southwest,2026-01-17
298,Customer 298,Northeast,2025-05-09
299,Customer 299,Northeast,2025-04-17
300,Customer 300,Southeast,2026-08-04
301,Customer 301,Midwest,2025-01-06
302,Customer 302,Southeast,2025-02-12
303,Customer 303,Southwest,2025-03-27
304,Customer 304,West,2026-07-09
305,Customer 305,Southeast,2025-09-20
306,Customer 306,Midwest,2025-10-24
307,Customer 307,Southeast,2024-11-26
308,Customer 308,Southeast,2025-04-06
309,Customer 309,Southeast,2025-06-21
310,Customer 310,Midwest,2026-01-17
311,Customer 311,Northeast,2025-10-03
312,Customer 312,Midwest,2024-08-26
313,Customer 313,West,2025-03-14
314,Customer 314,West,2025-09-24
315,Customer 315,Northeast,2024-01-16
316,Customer 316,Southeast,2024-05-11
317,Customer 317,Northeast,2024-12-07
318,Customer 318,Southeast,2025-04-23
319,Customer 319,Southwest,2024-06-17
320,Customer 320,West,2025-08-31
321,Customer 321,Southeast,2025-04-06
322,Customer 322,Southwest,
323,Customer 323,West,2025-08-16
324,Customer 324,Southwest,2026-01-25
325,Customer 325,Midwest,2025-06-05
326,Customer 326,Midwest,2025-10-14
327,Customer 327,Southwest,2024-02-26
328,Customer 328,Southeast,2025-02-28
329,Customer 329,Southeast,2026-03-19
330,Customer 330,West,2024-02-08
331,Customer 331,Southeast,2024-10-14
332,Customer 332,Southwest,2025-03-03
333,Customer 333,West,2024-01-10
334,Customer 334,Southeast,2026-08-22
335,Customer 335,Midwest,2024-05-05
336,Customer 336,Midwest,2026-05-06
337,Customer 337,Southwest,2024-05-25
338,Customer 338,West,2024-11-24
339,Customer 339,Midwest,2025-03-22
340,Customer 340,West,2025-05-17
341,Customer 341,Northeast,2025-03-04
342,Customer 342,Northeast,2026-03-26
343,Customer 343,Midwest,2024-10-15
344,Customer 344,West,2024-04-18
345,Customer 345,Midwest,2026-08-13
346,Customer 346,Southeast,
347,Customer 347,Northeast,2024-03-03
348,Customer 348,Southwest,2025-10-04
349,Customer 349,West,2025-04-03
350,Customer 350,Southwest,2024-10-16
351,Customer 351,Southwest,2026-02-22
352,Customer 352,Southeast,2024-10-15
353,Customer 353,Southeast,2024-05-17
354,Customer 354,Southeast,2024-04-27
355,Customer 355,Midwest,2025-11-24
356,Customer 356,Southwest,2025-02-20
357,Customer 357,Southeast,2026-04-29
358,Customer 358,Midwest,2024-03-27
359,Customer 359,West,2025-09-21
360,Customer 360,Northeast,2024-02-27
361,Customer 361,Northeast,2025-04-12
362,Customer 362,Southeast,2024-05-18
363,Customer 363,Northeast,2026-06-17
364,Customer 364,Northeast,2025-12-29
365,Customer 365,Midwest,2025-03-17
366,Customer 366,Midwest,2026-06-21
367,Customer 367,West,
368,Customer 368,Southeast,2025-02-13
369,Customer 369,Midwest,2025-10-17
370,Customer 370,West,2024-06-22
371,Customer 371,Southeast,
372,Customer 372,Southeast,2025-07-28
373,Customer 373,Northeast,2025-11-17
374,Customer 374,Southwest,2026-07-22
375,Customer 375,Southeast,2026-06-05
376,Customer 376,Midwest,2024-04-26
377,Customer 377,Southwest,2026-02-11
378,Customer 378,West,2026-05-06
379,Customer 379,Northeast,2026-06-16
380,Customer 380,Northeast,2026-04-19
381,Customer 381,Midwest,2024-10-11
382,Customer 382,Southwest,2026-05-12
383,Customer 383,Southwest,2025-06-04
384,Customer 384,Northeast,2025-12-21
385,Customer 385,West,2026-02-02
386,Customer 386,Southwest,2025-04-22
387,Customer 387,Northeast,
388,Customer 388,Northeast,2025-04-28
389,Customer 389,West,2024-02-16
390,Customer 390,Southeast,2025-05-04
391,Customer 391,Northeast,2024-11-04
392,Customer 392,Southeast,2025-01-20
393,Customer 393,Southwest,2025-12-15
394,Customer 394,Northeast,2024-04-05
395,Customer 395,West,2024-03-16
396,Customer 396,Midwest,2025-10-24
397,Customer 397,Northeast,2025-09-24
398,Customer 398,Southeast,2025-12-18
399,Customer 399,Northeast,2024-08-08
400,Customer 400,Northeast,2025-06-25
401,Customer 401,Midwest,2025-01-15
402,Customer 402,Northeast,2025-09-08
403,Customer 403,West,2026-07-17
404,Customer 404,Northeast,2026-02-16
405,Customer 405,West,2026-01-10
406,Customer 406,Southeast,2025-11-06
407,Customer 407,Midwest,2024-12-07
408,Customer 408,West,2025-02-14
409,Customer 409,Midwest,2026-01-28
410,Customer 410,Northeast,2024-10-11
411,Customer 411,Southwest,2024-03-19
412,Customer 412,West,2024-09-28
413,Customer 413,Midwest,2024-03-30
414,Customer 414,Midwest,2024-11-21
415,Customer 415,West,2024-10-10
416,Customer 416,Midwest,2024-06-19
417,Customer 417,Southwest,2024-12-26
418,Customer 418,West,2025-09-01
419,Customer 419,West,2026-04-08
420,Customer 420,West,
421,Customer 421,West,2024-02-02
422,Customer 422,West,2026-05-01
423,Customer 423,Southwest,2024-01-11
424,Customer 424,Midwest,2024-10-16
425,Customer 425,Midwest,2026-08-19
426,Customer 426,Midwest,2024-10-15
427,Customer 427,Midwest,2024-01-03
428,Customer 428,Northeast,2024-05-02
429,Customer 429,Northeast,2025-01-02
430,Customer 430,Southeast,
431,Customer 431,Midwest,2025-02-15
432,Customer 432,West,2025-12-30
433,Customer 433,West,2025-01-28
434,Customer 434,West,2026-06-15
435,Customer 435,West,2024-05-06
436,Customer 436,Northeast,2025-07-31
437,Customer 437,West,2025-08-30
438,Customer 438,Midwest,2024-10-09
439,Customer 439,Midwest,
440,Customer 440,Southeast,2026-04-25
441,Customer 441,Northeast,2025-04-02
442,Customer 442,Southeast,2025-11-28
443,Customer 443,Southwest,2025-04-10
444,Customer 444,Northeast,2024-11-27
445,Customer 445,Northeast,2025-11-01
446,Customer 446,West,2026-05-24
447,Customer 447,Northeast,2026-01-23
448,Customer 448,Northeast,2025-06-15
449,Customer 449,West,2025-05-07
450,Customer 450,Southwest,2025-12-08
451,Customer 451,Midwest,2026-07-09
452,Customer 452,Southeast,2026-08-21
453,Customer 453,Northeast,2025-02-24
454,Customer 454,Southeast,2024-04-21
455,Customer 455,Midwest,2026-03-12
456,Customer 456,Midwest,2025-12-30
457,Customer 457,Midwest,2025-05-26
458,Customer 458,Midwest,2025-03-04
459,Customer 459,Midwest,2025-08-29
460,Customer 460,Southwest,2025-11-18
461,Customer 461,Southeast,2024-02-03
462,Customer 462,Midwest,2024-09-24
463,Customer 463,West,2024-01-15
464,Customer 464,Northeast,2024-05-27
465,Customer 465,Midwest,2024-07-27
466,Customer 466,Northeast,2024-07-03
467,Customer 467,Southwest,2025-09-25
468,Customer 468,Southwest,2024-07-18
469,Customer 469,Northeast,2025-03-24
470,Customer 470,Southeast,2024-06-09
471,Customer 471,Northeast,2026-02-07
472,Customer 472,Southwest,2026-06-23
473,Customer 473,Midwest,2025-06-14
474,Customer 474,Midwest,2025-06-03
475,Customer 475,Midwest,2025-02-05
476,Customer 476,West,2026-04-08
477,Customer 477,Southeast,2024-05-03
478,Customer 478,Southwest,2025-01-25
479,Customer 479,Midwest,2024-10-10
480,Customer 480,Southwest,2025-08-18
481,Customer 481,Northeast,2025-09-07
482,Customer 482,Northeast,2024-06-21
483,Customer 483,Southeast,2025-02-12
484,Customer 484,Midwest,2025-06-23
485,Customer 485,West,2024-02-16
486,Customer 486,Northeast,2024-12-31
487,Customer 487,Southwest,2026-08-04
488,Customer 488,Southwest,2026-05-01
489,Customer 489,Southeast,2024-09-28
490,Customer 490,Southeast,2026-01-08
491,Customer 491,Midwest,2024-09-09
492,Customer 492,Southeast,2025-11-22
493,Customer 493,Southwest,2024-03-15
494,Customer 494,Southwest,2024-05-03
495,Customer 495,Northeast,2024-07-25
496,Customer 496,Northeast,2026-03-28
497,Customer 497,Southwest,2024-12-11
498,Customer 498,West,2026-06-21
499,Customer 499,Northeast,2026-03-30
500,Customer 500,Midwest,2026-07-16
501,Customer 501,Midwest,2024-08-08
502,Customer 502,Northeast,2026-01-20
503,Customer 503,Midwest,
504,Customer 504,Southeast,2024-07-11
505,Customer 505,Southwest,2026-05-06
506,Customer 506,Midwest,2025-06-10
507,Customer 507,Southwest,2025-10-28
508,Customer 508,West,2026-05-29
509,Customer 509,Midwest,2024-06-03
510,Customer 510,Southwest,2026-06-22
511,Customer 511,West,2024-10-30
512,Customer 512,West,2026-04-22
513,Customer 513,West,2024-05-02
514,Customer 514,Midwest,2024-04-22
515,Customer 515,Midwest,2024-09-12
516,Customer 516,Northeast,2024-05-03
517,Customer 517,Midwest,2024-11-29
518,Customer 518,Northeast,2025-07-16
519,Customer 519,West,2026-01-07
520,Customer 520,Southwest,2024-10-28
521,Customer 521,West,2025-04-23
522,Customer 522,Northeast,2025-09-06
523,Customer 523,Northeast,2026-08-05
524,Customer 524,Northeast,2025-02-05
525,Customer 525,Midwest,
526,Customer 526,Northeast,2025-10-05
527,Customer 527,Southeast,2024-02-06
528,Customer 528,West,2025-02-01
529,Customer 529,West,2024-04-11
530,Customer 530,Southeast,2024-06-22
531,Customer 531,Southeast,2024-12-05
532,Customer 532,Northeast,2025-05-17
533,Customer 533,Northeast,2026-03-28
534,Customer 534,West,2024-12-17
535,Customer 535,Midwest,2024-10-29
536,Customer 536,Southwest,2024-03-01
537,Customer 537,Southeast,
538,Customer 538,Southeast,2025-07-14
539,Customer 539,Northeast,2024-11-02
540,Customer 540,Southeast,2024-11-06
541,Customer 541,West,2024-02-20
542,Customer 542,Midwest,2025-05-30
543,Customer 543,Northeast,2026-06-11
544,Customer 544,Southwest,2025-05-04
545,Customer 545,Southwest,2025-11-27
546,Customer 546,Southeast,2026-01-19
547,Customer 547,West,2024-03-27
548,Customer 548,Northeast,2025-07-02
549,Customer 549,Midwest,2026-04-26
550,Customer 550,Southwest,2025-06-11
551,Customer 551,Southwest,2024-10-06
552,Customer 552,Southeast,2024-10-01
553,Customer 553,West,2025-03-01
554,Customer 554,Northeast,2025-09-25
555,Customer 555,Southwest,2025-08-16
556,Customer 556,Southwest,
557,Customer 557,Northeast,2025-11-25
558,Customer 558,Northeast,2026-03-14
559,Customer 559,Midwest,2026-05-10
560,Customer 560,Midwest,2024-07-30
561,Customer 561,Southeast,2025-03-10
562,Customer 562,Southeast,2024-11-10
563,Customer 563,Southeast,2026-07-15
564,Customer 564,Southeast,2024-07-22
565,Customer 565,Midwest,2025-01-24
566,Customer 566,Southwest,2024-04-13
567,Customer 567,Midwest,2026-07-28
568,Customer 568,Northeast,2025-12-20
569,Customer 569,Midwest,2024-03-02
570,Customer 570,Northeast,2025-06-24
571,Customer 571,Southwest,2025-09-22
572,Customer 572,Southeast,2024-10-04
573,Customer 573,Southeast,2024-10-18
574,Customer 574,West,2026-02-20
575,Customer 575,Midwest,2025-01-01
576,Customer 576,Midwest,2024-10-14
577,Customer 577,Southwest,2024-08-16
578,Customer 578,Midwest,2024-07-24
579,Customer 579,Southeast,2025-08-14
580,Customer 580,Northeast,2025-08-19
581,Customer 581,Midwest,2025-05-12
582,Customer 582,Midwest,2025-03-28
583,Customer 583,West,2025-06-21
584,Customer 584,Midwest,2024-02-15
585,Customer 585,Northeast,2024-05-12
586,Customer 586,Southeast,2024-07-16
587,Customer 587,Southeast,2025-04-03
588,Customer 588,West,2025-07-03
589,Customer 589,Southwest,2024-11-14
590,Customer 590,Southwest,2026-03-03
591,Customer 591,Southwest,2024-11-05
592,Customer 592,Southeast,2024-01-24
593,Customer 593,West,2025-08-14
594,Customer 594,West,2024-10-06
595,Customer 595,Southwest,2025-07-10
596,Customer 596,West,2024-09-03
597,Customer 597,Midwest,2025-03-03
598,Customer 598,West,2024-05-24
599,Customer 599,Southwest,2024-08-02
600,Customer 600,Midwest,2026-08-18
601,Customer 601,Midwest,2024-06-04
602,Customer 602,Northeast,2025-10-28
603,Customer 603,Southeast,2024-10-02
604,Customer 604,Northeast,2025-12-14
605,Customer 605,Midwest,2025-02-13
606,Customer 606,Northeast,2024-04-01
607,Customer 607,Southeast,2026-07-20
608,Customer 608,Northeast,2024-02-26
609,Customer 609,Northeast,2025-05-02
610,Customer 610,Southeast,2024-02-05
611,Customer 611,Southwest,2024-05-12
612,Customer 612,Midwest,2024-04-01
613,Customer 613,West,2025-07-17
614,Customer 614,Northeast,
615,Customer 615,Southwest,2026-07-25
616,Customer 616,West,2024-09-02
617,Customer 617,Midwest,2026-06-06
618,Customer 618,Midwest,2024-09-08
619,Customer 619,Southwest,2025-12-22
620,Customer 620,Southeast,2024-10-08
621,Customer 621,Midwest,2025-09-26
622,Customer 622,West,2024-09-20
623,Customer 623,West,2024-04-30
624,Customer 624,Northeast,2024-05-02
625,Customer 625,Midwest,2026-01-29
626,Customer 626,Midwest,2026-03-14
627,Customer 627,West,2024-07-30
628,Customer 628,Southeast,2026-04-08
629,Customer 629,Southeast,2025-10-20
630,Customer 630,West,2025-07-18
631,Customer 631,Southeast,2026-02-14
632,Customer 632,Midwest,2024-05-12
633,Customer 633,Northeast,
634,Customer 634,Southeast,2025-08-04
635,Customer 635,Southeast,2025-02-10
636,Customer 636,Southwest,2026-02-08
637,Customer 637,Northeast,2026-05-22
638,Customer 638,Northeast,2024-04-07
639,Customer 639,Southwest,2025-01-13
640,Customer 640,West,2024-04-04
641,Customer 641,Southwest,
642,Customer 642,Southwest,2024-11-27
643,Customer 643,West,2025-03-01
644,Customer 644,Southeast,2026-05-28
645,Customer 645,Midwest,2025-10-20
646,Customer 646,Midwest,2026-07-26
647,Customer 647,Northeast,2024-04-18
648,Customer 648,Southwest,2024-10-30
649,Customer 649,Midwest,2024-05-10
650,Customer 650,West,2024-12-18
651,Customer 651,Midwest,2025-09-01
652,Customer 652,Southeast,2026-05-14
653,Customer 653,Southwest,2024-02-13
654,Customer 654,Midwest,2026-08-22
655,Customer 655,Southeast,2025-04-24
656,Customer 656,West,2025-01-23
657,Customer 657,West,2026-02-01
658,Customer 658,Midwest,2025-05-10
659,Customer 659,Southwest,2025-08-23
660,Customer 660,Midwest,2025-05-28
661,Customer 661,Southeast,2024-09-29
662,Customer 662,Midwest,2026-03-17
663,Customer 663,Southwest,2025-01-21
664,Customer 664,Southwest,2024-01-10
665,Customer 665,West,2024-05-14
666,Customer 666,Midwest,2026-02-16
667,Customer 667,Southeast,2025-01-25
668,Customer 668,West,2024-07-13
669,Customer 669,West,2026-02-13
670,Customer 670,Southwest,2024-07-06
671,Customer 671,Northeast,2024-06-23
672,Customer 672,Southeast,2025-02-16
673,Customer 673,Northeast,2024-01-08
674,Customer 674,Midwest,2026-05-04
675,Customer 675,West,2026-01-12
676,Customer 676,Northeast,2026-07-09
677,Customer 677,Midwest,2024-06-11
678,Customer 678,West,2024-07-01
679,Customer 679,Northeast,2026-08-17
680,Customer 680,Northeast,2026-07-27
681,Customer 681,West,
682,Customer 682,Southwest,2024-06-20
683,Customer 683,Midwest,2025-05-06
684,Customer 684,Southeast,2025-06-05
685,Customer 685,Midwest,2025-01-11
686,Customer 686,West,2026-03-16
687,Customer 687,West,2024-04-01
688,Customer 688,Southwest,2025-10-20
689,Customer 689,Southwest,2025-02-05
690,Customer 690,Northeast,2024-10-06
691,Customer 691,West,2024-12-26
692,Customer 692,Southwest,2026-04-09
693,Customer 693,Southwest,2026-01-22
694,Customer 694,Southwest,2025-03-22
695,Customer 695,Southeast,2024-05-30
696,Customer 696,Midwest,2025-12-12
697,Customer 697,Southeast,2025-08-10
698,Customer 698,Northeast,2025-01-21
699,Customer 699,Midwest,2025-03-18
700,Customer 700,Southeast,2025-11-28
701,Customer 701,Northeast,
702,Customer 702,West,2026-06-27
703,Customer 703,Midwest,2026-05-24
704,Customer 704,West,2025-08-01
705,Customer 705,Northeast,
706,Customer 706,West,2025-06-05
707,Customer 707,Southeast,2024-08-05
708,Customer 708,West,2025-04-25
709,Customer 709,Southwest,2026-03-30
710,Customer 710,Northeast,2024-09-28
711,Customer 711,Southwest,2026-04-28
712,Customer 712,Southeast,2025-04-15
713,Customer 713,West,2024-09-06
714,Customer 714,Northeast,2025-09-08
715,Customer 715,Midwest,
716,Customer 716,West,2024-07-24
717,Customer 717,Midwest,2024-06-30
718,Customer 718,West,2026-03-30
719,Customer 719,Southeast,2026-05-15
720,Customer 720,Southwest,2025-01-10
721,Customer 721,Midwest,2025-05-20
722,Customer 722,Southeast,2024-03-16
723,Customer 723,Southwest,2025-12-07
724,Customer 724,Northeast,2024-08-16
725,Customer 725,Southwest,2024-09-08
726,Customer 726,Southeast,
727,Customer 727,Southwest,2024-04-22
728,Customer 728,Southeast,2025-09-11
729,Customer 729,West,2026-06-13
730,Customer 730,Midwest,2024-02-23
731,Customer 731,Southeast,
732,Customer 732,Northeast,2025-02-19
733,Customer 733,Midwest,2025-05-07
734,Customer 734,Southwest,2026-01-15
735,Customer 735,West,2026-07-21
736,Customer 736,Southwest,2024-01-30
737,Customer 737,West,2024-07-29
738,Customer 738,Northeast,2026-04-12
739,Customer 739,West,2024-11-05
740,Customer 740,Southwest,2025-09-25
741,Customer 741,Northeast,2024-10-29
742,Customer 742,Southeast,2026-01-15
743,Customer 743,Northeast,2025-08-08
744,Customer 744,Midwest,2024-04-02
745,Customer 745,Midwest,2025-08-01
746,Customer 746,Southwest,2026-06-07
747,Customer 747,Northeast,2025-12-17
748,Customer 748,Northeast,2026-01-10
749,Customer 749,Southeast,2025-05-18
750,Customer 750,Northeast,2024-02-15
751,Customer 751,Southwest,2024-04-02
752,Customer 752,West,2024-09-27
753,Customer 753,Southeast,2024-01-14
754,Customer 754,Southwest,2025-11-23
755,Customer 755,Midwest,2024-04-29
756,Customer 756,Southeast,2025-09-14
757,Customer 757,Northeast,2026-02-21
758,Customer 758,West,2025-10-27
759,Customer 759,Southeast,
760,Customer 760,Northeast,
761,Customer 761,Northeast,2024-01-25
762,Customer 762,Southwest,2025-08-21
763,Customer 763,Southeast,2025-11-09
764,Customer 764,Northeast,2024-01-06
765,Customer 765,Midwest,2024-07-10
766,Customer 766,West,2025-12-20
767,Customer 767,Northeast,2026-04-12
768,Customer 768,Southwest,2025-03-23
769,Customer 769,Southwest,2024-11-15
770,Customer 770,West,2026-05-20
771,Customer 771,Northeast,2024-05-09
772,Customer 772,West,2025-10-09
773,Customer 773,Southwest,2024-11-30
774,Customer 774,Southwest,2025-07-17
775,Customer 775,Southwest,2024-10-13
776,Customer 776,Southeast,2025-12-02
777,Customer 777,Southeast,2026-06-02
778,Customer 778,West,2024-03-17
779,Customer 779,West,2025-08-05
780,Customer 780,Southwest,2024-10-01
781,Customer 781,Midwest,2025-10-07
782,Customer 782,Northeast,2024-06-06
783,Customer 783,Midwest,2025-11-18
784,Customer 784,Southeast,2024-05-27
785,Customer 785,Southeast,2025-12-01
786,Customer 786,Northeast,2026-01-09
787,Customer 787,Southeast,2025-01-27
788,Customer 788,West,2024-01-01
789,Customer 789,West,
790,Customer 790,Southwest,2024-05-19
791,Customer 791,Southeast,2025-11-10
792,Customer 792,Southeast,2026-02-22
793,Customer 793,West,2026-05-13
794,Customer 794,Southwest,
795,Customer 795,Southwest,2025-09-24
796,Customer 796,West,2026-05-05
797,Customer 797,Southwest,2024-07-27
798,Customer 798,Southwest,
799,Customer 799,Southeast,2026-06-02
800,Customer 800,Southwest,2026-01-02
801,Customer 801,Southeast,2024-03-04
802,Customer 802,Southwest,
803,Customer 803,Midwest,2025-09-23
804,Customer 804,Southwest,2024-07-27
805,Customer 805,Southwest,2024-05-20
806,Customer 806,Midwest,2024-05-02
807,Customer 807,Southeast,2024-02-08
808,Customer 808,Southwest,2025-10-15
809,Customer 809,Northeast,
810,Customer 810,Midwest,2024-04-16
811,Customer 811,Southwest,2025-08-05
812,Customer 812,Southwest,2024-11-29
813,Customer 813,Southwest,2026-07-18
814,Customer 814,West,2025-02-21
815,Customer 815,Midwest,2025-10-08
816,Customer 816,West,2025-12-21
817,Customer 817,Southeast,2024-08-26
818,Customer 818,Southeast,2026-03-27
819,Customer 819,Southeast,2026-07-14
820,Customer 820,West,2026-07-08
821,Customer 821,Northeast,2024-07-08
822,Customer 822,West,2025-08-28
823,Customer 823,Southeast,2025-08-15
824,Customer 824,Southeast,2024-06-19
825,Customer 825,Southeast,2024-05-23
826,Customer 826,Southeast,2025-06-18
827,Customer 827,West,2025-07-19
828,Customer 828,Midwest,2025-03-07
829,Customer 829,Midwest,2025-02-16
830,Customer 830,Southeast,2026-04-28
831,Customer 831,Southwest,2024-03-21
832,Customer 832,Southeast,2024-12-19
833,Customer 833,Southeast,2025-10-12
834,Customer 834,Northeast,2024-09-25
835,Customer 835,Midwest,2026-06-14
836,Customer 836,Midwest,2026-04-30
837,Customer 837,Southeast,2026-01-24
838,Customer 838,Southeast,2026-02-12
839,Customer 839,Northeast,2025-09-22
840,Customer 840,Southwest,2024-09-18
841,Customer 841,Southwest,2024-04-18
842,Customer 842,Southeast,2025-07-07
843,Customer 843,Midwest,2025-08-14
844,Customer 844,Midwest,2025-09-29
845,Customer 845,Southeast,2025-06-30
846,Customer 846,Southwest,2025-04-08
847,Customer 847,Southwest,2024-07-18
848,Customer 848,Southwest,2024-12-06
849,Customer 849,Southeast,2025-10-30
850,Customer 850,Southeast,2024-04-24
851,Customer 851,West,2026-08-23
852,Customer 852,Southeast,2025-04-03
853,Customer 853,Midwest,2026-03-31
854,Customer 854,Southwest,2025-06-27
855,Customer 855,Southeast,2025-09-11
856,Customer 856,Southwest,2024-05-21
857,Customer 857,Southwest,2024-11-01
858,Customer 858,Southeast,2024-02-12
859,Customer 859,West,2025-04-12
860,Customer 860,Northeast,2024-07-04
861,Customer 861,Southwest,2025-05-29
862,Customer 862,Midwest,2026-05-14
863,Customer 863,Southeast,2024-08-04
864,Customer 864,Southeast,2024-09-22
865,Customer 865,Midwest,2026-03-11
866,Customer 866,Southwest,2024-09-23
867,Customer 867,Midwest,2026-07-20
868,Customer 868,Northeast,2026-05-20
869,Customer 869,West,2025-10-10
870,Customer 870,West,2025-04-24
871,Customer 871,Midwest,2025-10-26
872,Customer 872,Southeast,2024-06-21
873,Customer 873,Southeast,2024-11-19
874,Customer 874,Midwest,2026-01-12
875,Customer 875,Midwest,
876,Customer 876,Northeast,2025-10-06
877,Customer 877,Northeast,2026-06-02
878,Customer 878,Southeast,2024-07-07
879,Customer 879,Southwest,2025-05-03
880,Customer 880,Southwest,2025-08-14
881,Customer 881,West,2026-02-25
882,Customer 882,Northeast,2025-02-08
883,Customer 883,Southwest,2024-03-17
884,Customer 884,West,2024-01-30
885,Customer 885,Southeast,2026-02-13
886,Customer 886,Southeast,2025-01-28
887,Customer 887,West,2026-02-21
888,Customer 888,Southwest,2024-10-28
889,Customer 889,Southeast,2025-07-02
890,Customer 890,Midwest,2024-10-22
891,Customer 891,Southwest,2025-05-17
892,Customer 892,Southeast,2025-04-01
893,Customer 893,Southwest,2025-05-18
894,Customer 894,Southwest,2024-09-06
895,Customer 895,West,2026-05-21
896,Customer 896,West,2025-02-08
897,Customer 897,Southwest,2024-02-21
898,Customer 898,Southwest,2026-07-29
899,Customer 899,Midwest,2024-12-16
900,Customer 900,Southwest,2024-11-15
901,Customer 901,Southeast,2024-04-27
902,Customer 902,Southwest,2024-07-25
903,Customer 903,Southeast,2026-06-08
904,Customer 904,Northeast,2024-01-17
905,Customer 905,Midwest,2026-02-09
906,Customer 906,West,2025-06-06
907,Customer 907,Midwest,2024-02-13
908,Customer 908,Southwest,2024-08-30
909,Customer 909,Northeast,2026-07-29
910,Customer 910,Midwest,2025-04-13
911,Customer 911,Southeast,2026-07-30
912,Customer 912,Southwest,2024-04-24
913,Customer 913,Northeast,2025-12-18
914,Customer 914,West,2026-05-13
915,Customer 915,Midwest,2025-12-17
916,Customer 916,Midwest,2026-04-07
917,Customer 917,West,2024-06-02
918,Customer 918,Southwest,2025-07-05
919,Customer 919,Southwest,2025-02-11
920,Customer 920,Southwest,2026-06-25
921,Customer 921,Southwest,2025-06-02
922,Customer 922,Northeast,2026-05-30
923,Customer 923,Northeast,2025-09-03
924,Customer 924,Southwest,2025-12-14
925,Customer 925,Southeast,2025-09-06
926,Customer 926,Midwest,2025-05-04
927,Customer 927,Midwest,2024-08-03
928,Customer 928,West,2026-03-03
929,Customer 929,Northeast,2024-06-21
930,Customer 930,Southwest,2025-08-18
931,Customer 931,Southwest,2025-07-25
932,Customer 932,Midwest,2025-12-25
933,Customer 933,Southwest,2025-05-16
934,Customer 934,Midwest,2026-02-19
935,Customer 935,West,2026-01-03
936,Customer 936,Northeast,2024-03-25
937,Customer 937,Northeast,2026-07-19
938,Customer 938,West,2026-03-08
939,Customer 939,Southwest,2024-03-23
940,Customer 940,Southwest,
941,Customer 941,Southeast,2025-02-01
942,Customer 942,Midwest,2025-12-27
943,Customer 943,Northeast,2024-02-15
944,Customer 944,Midwest,2024-07-05
945,Customer 945,Southwest,2025-09-07
946,Customer 946,Northeast,2024-08-22
947,Customer 947,Northeast,2024-09-07
948,Customer 948,Midwest,
949,Customer 949,Midwest,2026-01-28
950,Customer 950,Midwest,2026-07-14
951,Customer 951,Southeast,2025-05-22
952,Customer 952,Southeast,2024-12-13
953,Customer 953,Northeast,2024-11-15
954,Customer 954,Northeast,2025-08-16
955,Customer 955,Midwest,2025-03-22
956,Customer 956,Southwest,2024-11-10
957,Customer 957,Southwest,2025-08-12
958,Customer 958,Southwest,2024-05-23
959,Customer 959,Southeast,2026-01-12
960,Customer 960,Southeast,2025-07-30
961,Customer 961,Southeast,2025-12-04
962,Customer 962,West,2024-03-26
963,Customer 963,Midwest,2025-01-07
964,Customer 964,Southeast,2025-10-08
965,Customer 965,Midwest,2026-03-23
966,Customer 966,Midwest,2024-09-08
967,Customer 967,West,2025-04-21
968,Customer 968,Midwest,2024-08-11
969,Customer 969,Midwest,2025-09-15
970,Customer 970,Midwest,2025-07-29
971,Customer 971,Northeast,2025-07-20
972,Customer 972,Midwest,2024-09-15
973,Customer 973,Southeast,2025-07-11
974,Customer 974,Southeast,2025-05-29
975,Customer 975,Southeast,2025-07-14
976,Customer 976,Northeast,2026-07-01
977,Customer 977,Midwest,2025-08-26
978,Customer 978,Southwest,2024-02-11
979,Customer 979,West,2024-02-21
980,Customer 980,Midwest,2025-10-09
981,Customer 981,West,2024-06-16
982,Customer 982,West,2024-07-18
983,Customer 983,West,2025-07-21
984,Customer 984,Southeast,2025-05-20
985,Customer 985,Southwest,2025-03-26
986,Customer 986,Southwest,2025-09-12
987,Customer 987,Southeast,2025-09-25
988,Customer 988,Midwest,2024-12-15
989,Customer 989,Southwest,2025-05-10
990,Customer 990,Midwest,2026-02-05
991,Customer 991,Midwest,2025-04-28
992,Customer 992,Southeast,2025-11-24
993,Customer 993,Northeast,2026-02-28
994,Customer 994,Northeast,2024-05-22
995,Customer 995,Northeast,2025-06-10
996,Customer 996,West,2024-08-14
997,Customer 997,Southwest,2024-02-05
998,Customer 998,Northeast,2025-05-09
999,Customer 999,Southwest,2025-02-05
1000,Customer 1000,Southwest,2024-11-16
1001,Customer 1001,Southwest,2026-05-19
1002,Customer 1002,Northeast,2024-05-21
1003,Customer 1003,Midwest,2024-04-01
1004,Customer 1004,Southwest,2026-07-14
1005,Customer 1005,West,2025-01-10
1006,Customer 1006,Northeast,2025-05-22
1007,Customer 1007,Southeast,2024-09-16
1008,Customer 1008,Southwest,2025-07-18
1009,Customer 1009,Midwest,2025-07-19
1010,Customer 1010,Northeast,2024-02-02
1011,Customer 1011,Southeast,2025-09-27
1012,Customer 1012,Southwest,2026-04-10
1013,Customer 1013,Southeast,2025-04-14
1014,Customer 1014,West,2025-08-09
1015,Customer 1015,Southwest,2025-07-08
1016,Customer 1016,Northeast,2025-08-29
1017,Customer 1017,Southeast,2024-03-15
1018,Customer 1018,Midwest,2024-09-25
1019,Customer 1019,West,2025-07-11
1020,Customer 1020,West,2025-12-27
1021,Customer 1021,Northeast,2025-02-11
1022,Customer 1022,West,2024-02-13
1023,Customer 1023,Midwest,2025-09-30
1024,Customer 1024,West,2025-03-06
1025,Customer 1025,Southwest,2025-05-10
1026,Customer 1026,West,2024-05-21
1027,Customer 1027,Southeast,2025-06-21
1028,Customer 1028,West,2024-01-16
1029,Customer 1029,West,2025-08-13
1030,Customer 1030,Midwest,2025-10-12
1031,Customer 1031,West,2026-07-19
1032,Customer 1032,Northeast,2026-01-14
1033,Customer 1033,Midwest,2025-12-17
1034,Customer 1034,Southwest,2026-06-08
1035,Customer 1035,Midwest,2024-04-16
1036,Customer 1036,Southwest,2025-11-19
1037,Customer 1037,Northeast,2026-03-07
1038,Customer 1038,Southwest,2024-03-21
1039,Customer 1039,Southwest,2026-03-28
1040,Customer 1040,Northeast,2025-04-27
1041,Customer 1041,Northeast,
1042,Customer 1042,West,2024-06-14
1043,Customer 1043,Midwest,
1044,Customer 1044,West,
1045,Customer 1045,Midwest,2025-09-12
1046,Customer 1046,Northeast,2024-02-29
1047,Customer 1047,Northeast,2026-03-10
1048,Customer 1048,Midwest,2025-07-03
1049,Customer 1049,Northeast,2025-05-03
1050,Customer 1050,Midwest,2026-01-16
1051,Customer 1051,Midwest,2024-09-12
1052,Customer 1052,Northeast,2026-05-20
1053,Customer 1053,Northeast,2025-08-10
1054,Customer 1054,Southwest,2025-08-30
1055,Customer 1055,Northeast,2024-02-11
1056,Customer 1056,West,2024-03-27
1057,Customer 1057,Northeast,2024-04-27
1058,Customer 1058,West,2025-09-19
1059,Customer 1059,Southwest,2024-06-20
1060,Customer 1060,West,2026-06-04
1061,Customer 1061,Northeast,2024-05-21
1062,Customer 1062,West,2025-06-27
1063,Customer 1063,Southwest,2024-07-30
1064,Customer 1064,Northeast,2024-08-08
1065,Customer 1065,West,2025-11-24
1066,Customer 1066,Northeast,2024-10-27
1067,Customer 1067,Midwest,2025-12-18
1068,Customer 1068,Midwest,2024-12-06
1069,Customer 1069,West,2025-11-11
1070,Customer 1070,Southwest,2026-01-27
1071,Customer 1071,Southwest,2025-06-14
1072,Customer 1072,Southwest,2025-05-19
1073,Customer 1073,Midwest,2024-04-18
1074,Customer 1074,West,2025-09-19
1075,Customer 1075,Southeast,2025-12-13
1076,Customer 1076,West,2026-08-18
1077,Customer 1077,Southwest,2026-08-12
1078,Customer 1078,West,2024-09-05
1079,Customer 1079,Southeast,2026-07-01
1080,Customer 1080,Northeast,2026-02-08
1081,Customer 1081,West,2025-07-30
1082,Customer 1082,Southeast,2025-12-25
1083,Customer 1083,Southeast,2024-04-27
1084,Customer 1084,Southeast,2024-04-09
1085,Customer 1085,Midwest,2024-03-04
1086,Customer 1086,Northeast,2025-10-13
1087,Customer 1087,West,
1088,Customer 1088,Northeast,2024-12-06
1089,Customer 1089,Southeast,2025-10-29
1090,Customer 1090,Northeast,2026-01-14
1091,Customer 1091,Northeast,2026-03-11
1092,Customer 1092,Northeast,2026-06-05
1093,Customer 1093,Southeast,2024-07-14
1094,Customer 1094,Southwest,2024-05-29
1095,Customer 1095,Midwest,2024-01-21
1096,Customer 1096,Midwest,2024-08-06
1097,Customer 1097,Southwest,2025-02-18
1098,Customer 1098,West,2025-11-28
1099,Customer 1099,Southeast,2025-08-01
1100,Customer 1100,Southwest,2024-11-02
1101,Customer 1101,Northeast,2025-12-12
1102,Customer 1102,Southwest,2024-12-11
1103,Customer 1103,Midwest,2026-05-23
1104,Customer 1104,Midwest,2026-01-11
1105,Customer 1105,Southwest,2026-07-20
1106,Customer 1106,Midwest,2024-09-29
1107,Customer 1107,Midwest,2025-10-07
1108,Customer 1108,West,2024-09-03
1109,Customer 1109,Southwest,2025-02-28
1110,Customer 1110,West,2024-11-16
1111,Customer 1111,Midwest,2025-02-01
1112,Customer 1112,Southeast,2025-08-26
1113,Customer 1113,Southwest,2024-09-26
1114,Customer 1114,Northeast,2026-08-16
1115,Customer 1115,Southwest,2024-01-03
1116,Customer 1116,Southeast,2025-02-28
1117,Customer 1117,West,2025-02-01
1118,Customer 1118,Northeast,2026-07-25
1119,Customer 1119,Southwest,2024-11-20
1120,Customer 1120,Southwest,2024-12-25
1121,Customer 1121,Northeast,2024-01-15
1122,Customer 1122,Southwest,2025-07-04
1123,Customer 1123,West,2024-05-06
1124,Customer 1124,Northeast,2024-10-09
1125,Customer 1125,West,2024-09-24
1126,Customer 1126,Southwest,2026-08-03
1127,Customer 1127,Southwest,2025-11-02
1128,Customer 1128,Northeast,2025-09-30
1129,Customer 1129,Midwest,2025-07-06
1130,Customer 1130,Southwest,2025-11-19
1131,Customer 1131,West,2025-03-12
1132,Customer 1132,Northeast,2026-07-26
1133,Customer 1133,Northeast,2026-01-26
1134,Customer 1134,Southeast,2026-07-30
1135,Customer 1135,Northeast,2024-10-22
1136,Customer 1136,Midwest,2025-04-16
1137,Customer 1137,Northeast,2025-09-06
1138,Customer 1138,West,2025-05-12
1139,Customer 1139,West,2026-06-29
1140,Customer 1140,Southwest,2024-08-03
1141,Customer 1141,West,2024-08-02
1142,Customer 1142,West,2025-06-25
1143,Customer 1143,West,2025-09-23
1144,Customer 1144,Midwest,2024-09-29
1145,Customer 1145,Southeast,2026-06-27
1146,Customer 1146,Midwest,2025-07-05
1147,Customer 1147,Southwest,2024-12-09
1148,Customer 1148,West,2024-09-25
1149,Customer 1149,Southeast,2024-08-17
1150,Customer 1150,Southeast,2024-12-12
1151,Customer 1151,Southeast,2024-11-14
1152,Customer 1152,Southeast,2026-07-17
1153,Customer 1153,West,2025-02-09
1154,Customer 1154,Midwest,2025-08-06
1155,Customer 1155,Midwest,2025-10-31
1156,Customer 1156,Southwest,2024-02-20
1157,Customer 1157,Southeast,2025-02-23
1158,Customer 1158,Northeast,2025-07-08
1159,Customer 1159,Southeast,2025-04-28
1160,Customer 1160,West,2024-07-30
1161,Customer 1161,West,2025-06-29
1162,Customer 1162,Midwest,2025-11-11
1163,Customer 1163,Northeast,2024-09-17
1164,Customer 1164,Southeast,2024-10-10
1165,Customer 1165,West,2024-01-29
1166,Customer 1166,West,2025-11-23
1167,Customer 1167,Northeast,2025-10-28
1168,Customer 1168,Southeast,2024-07-26
1169,Customer 1169,Southwest,2025-08-06
1170,Customer 1170,Midwest,2025-05-21
1171,Customer 1171,Southeast,2026-04-09
1172,Customer 1172,Southeast,2024-12-20
1173,Customer 1173,Midwest,2026-01-22
1174,Customer 1174,Midwest,2026-03-01
1175,Customer 1175,Southwest,2024-05-29
1176,Customer 1176,Northeast,2026-07-27
1177,Customer 1177,West,
1178,Customer 1178,Southwest,2025-01-21
1179,Customer 1179,West,2025-10-11
1180,Customer 1180,Southeast,2025-05-22
1181,Customer 1181,Midwest,2026-02-13
1182,Customer 1182,Northeast,2026-02-14
1183,Customer 1183,Southwest,2026-01-01
1184,Customer 1184,Southwest,2024-02-12
1185,Customer 1185,Northeast,2026-08-09
1186,Customer 1186,West,2024-09-12
1187,Customer 1187,West,2024-08-26
1188,Customer 1188,West,2024-06-30
1189,Customer 1189,Southwest,2024-06-29
1190,Customer 1190,West,2025-07-07
1191,Customer 1191,Southeast,2024-10-29
1192,Customer 1192,Southeast,2026-08-10
1193,Customer 1193,West,2025-09-18
1194,Customer 1194,Northeast,
1195,Customer 1195,West,2025-04-02
1196,Customer 1196,Southwest,2025-10-08
1197,Customer 1197,Southwest,2024-03-22
1198,Customer 1198,Midwest,2025-06-04
1199,Customer 1199,Northeast,2025-05-29
1200,Customer 1200,Southwest,2026-04-27
1201,Customer 1201,Southeast,2025-09-24
1202,Customer 1202,West,2025-01-09
1203,Customer 1203,West,2025-09-29
1204,Customer 1204,Midwest,2024-07-03
1205,Customer 1205,Northeast,2026-06-18
1206,Customer 1206,Midwest,2026-03-11
1207,Customer 1207,Southwest,2025-05-29
1208,Customer 1208,Midwest,2025-01-06
1209,Customer 1209,Midwest,2026-05-21
1210,Customer 1210,Northeast,2026-04-05
1211,Customer 1211,Southeast,2025-12-08
1212,Customer 1212,Northeast,2026-01-23
1213,Customer 1213,Southwest,2025-08-07
1214,Customer 1214,Midwest,2024-10-17
1215,Customer 1215,West,
1216,Customer 1216,Southwest,2025-12-28
1217,Customer 1217,Southwest,2024-04-15
1218,Customer 1218,West,2024-05-23
1219,Customer 1219,Midwest,2024-07-22
1220,Customer 1220,Southwest,2025-07-13
1221,Customer 1221,Southwest,2024-06-01
1222,Customer 1222,Northeast,2025-01-14
1223,Customer 1223,Northeast,2025-10-19
1224,Customer 1224,West,2024-05-04
1225,Customer 1225,West,2025-10-14
1226,Customer 1226,Midwest,2025-01-10
1227,Customer 1227,Southwest,2024-05-10
1228,Customer 1228,Midwest,2024-05-04
1229,Customer 1229,Southeast,2025-08-09
1230,Customer 1230,Southeast,2024-12-20
1231,Customer 1231,West,2025-02-10
1232,Customer 1232,Southeast,2025-01-17
1233,Customer 1233,West,2024-03-18
1234,Customer 1234,Southwest,2026-05-30
1235,Customer 1235,Southeast,2025-05-10
1236,Customer 1236,Southeast,2026-02-17
1237,Customer 1237,Northeast,2025-09-20
1238,Customer 1238,Southwest,2026-06-20
1239,Customer 1239,Southwest,2025-11-20
1240,Customer 1240,West,2026-07-23
1241,Customer 1241,Midwest,2025-02-20
1242,Customer 1242,Southeast,2025-03-31
1243,Customer 1243,West,2026-08-02
1244,Customer 1244,Midwest,2025-10-19
1245,Customer 1245,West,2026-08-13
1246,Customer 1246,Southeast,2025-12-14
1247,Customer 1247,Midwest,2025-11-04
1248,Customer 1248,Midwest,2024-12-29
1249,Customer 1249,Southeast,2026-07-16
1250,Customer 1250,Midwest,2026-01-20
1251,Customer 1251,Northeast,2024-03-31
1252,Customer 1252,Southeast,2024-09-20
1253,Customer 1253,Northeast,2025-11-18
1254,Customer 1254,West,2024-01-10
1255,Customer 1255,Midwest,2024-08-18
1256,Customer 1256,Northeast,2025-06-18
1257,Customer 1257,Northeast,2026-08-23
1258,Customer 1258,West,2026-06-14
1259,Customer 1259,Southwest,2025-01-22
1260,Customer 1260,Midwest,
1261,Customer 1261,Southwest,2026-04-07
1262,Customer 1262,Southeast,2025-09-23
1263,Customer 1263,Northeast,2024-08-04
1264,Customer 1264,Midwest,2025-05-18
1265,Customer 1265,Southeast,2024-12-15
1266,Customer 1266,Southwest,2025-10-03
1267,Customer 1267,Southwest,
1268,Customer 1268,Midwest,2024-11-24
1269,Customer 1269,Southeast,2024-03-07
1270,Customer 1270,West,2024-05-17
1271,Customer 1271,Northeast,2026-04-07
1272,Customer 1272,Midwest,2024-08-21
1273,Customer 1273,West,2024-08-10
1274,Customer 1274,West,2026-03-30
1275,Customer 1275,Southeast,2025-01-30
1276,Customer 1276,West,2025-09-02
1277,Customer 1277,Southwest,2024-08-26
1278,Customer 1278,West,2024-04-28
1279,Customer 1279,Midwest,2024-11-07
1280,Customer 1280,Southwest,2026-08-05
1281,Customer 1281,West,2024-05-20
1282,Customer 1282,Southwest,2025-08-21
1283,Customer 1283,Southeast,2026-04-20
1284,Customer 1284,Southwest,2025-06-17
1285,Customer 1285,Southwest,2026-02-05
1286,Customer 1286,Southwest,2025-04-10
1287,Customer 1287,Northeast,2026-08-19
1288,Customer 1288,Southwest,2025-03-02
1289,Customer 1289,Southeast,2024-01-31
1290,Customer 1290,West,2026-07-18
1291,Customer 1291,Northeast,2024-01-09
1292,Customer 1292,Northeast,2024-11-29
1293,Customer 1293,Northeast,2024-08-18
1294,Customer 1294,Northeast,2025-02-06
1295,Customer 1295,Midwest,2026-05-18
1296,Customer 1296,Southeast,2025-04-02
1297,Customer 1297,West,2025-01-05
1298,Customer 1298,West,2026-08-17
1299,Customer 1299,Northeast,2025-02-25
1300,Customer 1300,Midwest,2025-09-30
1301,Customer 1301,Southwest,2025-01-20
1302,Customer 1302,Southwest,2026-08-16
1303,Customer 1303,Northeast,
1304,Customer 1304,Southwest,2024-03-13
1305,Customer 1305,Southwest,2025-10-19
1306,Customer 1306,Southwest,2026-03-01
1307,Customer 1307,Northeast,2024-01-17
1308,Customer 1308,Southwest,2026-01-22
1309,Customer 1309,Southeast,2025-10-04
1310,Customer 1310,Northeast,2024-04-22
1311,Customer 1311,West,2025-04-15
1312,Customer 1312,Northeast,2024-12-09
1313,Customer 1313,Southeast,
1314,Customer 1314,Midwest,2024-11-23
1315,Customer 1315,Southwest,2025-05-28
1316,Customer 1316,Southwest,2025-09-26
1317,Customer 1317,West,2024-01-07
1318,Customer 1318,Southeast,2025-05-11
1319,Customer 1319,West,2024-01-22
1320,Customer 1320,Southwest,2024-09-03
1321,Customer 1321,Midwest,2024-08-31
1322,Customer 1322,West,2025-04-24
1323,Customer 1323,Midwest,2026-07-06
1324,Customer 1324,Northeast,2024-06-14
1325,Customer 1325,Southwest,2024-06-26
1326,Customer 1326,Southeast,2026-03-18
1327,Customer 1327,Northeast,2024-08-24
1328,Customer 1328,Southeast,2025-10-31
1329,Customer 1329,Southeast,2025-02-11
1330,Customer 1330,Midwest,2025-06-09
1331,Customer 1331,West,2026-02-27
1332,Customer 1332,Midwest,2026-06-11
1333,Customer 1333,Northeast,2024-01-03
1334,Customer 1334,Southwest,2024-08-19
1335,Customer 1335,Southeast,2024-07-08
1336,Customer 1336,West,2025-09-17
1337,Customer 1337,West,2026-01-13
1338,Customer 1338,Southeast,2025-11-09
1339,Customer 1339,Southwest,2024-07-22
1340,Customer 1340,Southwest,2026-05-06
1341,Customer 1341,West,2024-09-23
1342,Customer 1342,West,2025-01-24
1343,Customer 1343,Midwest,2026-04-15
1344,Customer 1344,Midwest,2025-01-24
1345,Customer 1345,Midwest,2025-12-01
1346,Customer 1346,Northeast,2024-02-01
1347,Customer 1347,Northeast,
1348,Customer 1348,Southwest,2026-06-15
1349,Customer 1349,Southeast,2026-05-29
1350,Customer 1350,Southeast,2025-09-16
1351,Customer 1351,Midwest,2026-05-14
1352,Customer 1352,Southwest,2024-01-14
1353,Customer 1353,Southeast,2024-05-12
1354,Customer 1354,Northeast,2025-07-26
1355,Customer 1355,Southeast,2025-03-16
1356,Customer 1356,West,2024-09-29
1357,Customer 1357,Southwest,2024-08-12
1358,Customer 1358,Midwest,2025-04-08
1359,Customer 1359,Northeast,2026-06-29
1360,Customer 1360,Southeast,2024-11-07
1361,Customer 1361,Northeast,2026-04-05
1362,Customer 1362,West,2025-08-28
1363,Customer 1363,West,2026-03-22
1364,Customer 1364,West,2024-06-07
1365,Customer 1365,Midwest,2025-03-17
1366,Customer 1366,Southeast,
1367,Customer 1367,West,2024-09-28
1368,Customer 1368,Southeast,2025-02-23
1369,Customer 1369,Midwest,
1370,Customer 1370,Southeast,2026-05-01
1371,Customer 1371,Midwest,2024-04-18
1372,Customer 1372,Midwest,2024-06-25
1373,Customer 1373,Northeast,2026-03-15
1374,Customer 1374,Southeast,2025-09-10
1375,Customer 1375,West,2026-06-25
1376,Customer 1376,Southeast,2026-07-08
1377,Customer 1377,Midwest,
1378,Customer 1378,Southwest,2026-06-25
1379,Customer 1379,Northeast,2024-05-21
1380,Customer 1380,Midwest,2024-07-09
1381,Customer 1381,West,2024-10-24
1382,Customer 1382,Southwest,2025-04-09
1383,Customer 1383,West,2024-01-26
1384,Customer 1384,Southwest,2025-04-04
1385,Customer 1385,Southeast,2025-02-28
1386,Customer 1386,Northeast,2024-06-07
1387,Customer 1387,West,2024-11-14
1388,Customer 1388,West,2025-03-28
1389,Customer 1389,Northeast,2024-09-24
1390,Customer 1390,West,2025-11-02
1391,Customer 1391,Midwest,2026-04-29
1392,Customer 1392,West,2025-03-25
1393,Customer 1393,Midwest,2025-02-02
1394,Customer 1394,Southeast,2025-05-25
1395,Customer 1395,Northeast,2024-12-22
1396,Customer 1396,West,2026-05-30
1397,Customer 1397,West,2024-11-23
1398,Customer 1398,Northeast,2026-07-13
1399,Customer 1399,West,2026-05-19
1400,Customer 1400,Southwest,2025-04-16
1401,Customer 1401,Northeast,2024-07-14
1402,Customer 1402,Southeast,2024-08-30
1403,Customer 1403,Midwest,2025-05-07
1404,Customer 1404,West,2024-03-16
1405,Customer 1405,Southeast,2025-08-13
1406,Customer 1406,Northeast,2026-04-18
1407,Customer 1407,Midwest,2025-10-08
1408,Customer 1408,Southwest,2026-08-05
1409,Customer 1409,Southeast,2024-10-18
1410,Customer 1410,Midwest,
1411,Customer 1411,Northeast,2025-03-25
1412,Customer 1412,Southeast,2024-01-28
1413,Customer 1413,Southeast,2025-08-12
1414,Customer 1414,Midwest,2025-07-31
1415,Customer 1415,Midwest,2025-10-21
1416,Customer 1416,West,2025-10-06
1417,Customer 1417,Midwest,2025-05-20
1418,Customer 1418,Southeast,2026-01-06
1419,Customer 1419,Southeast,2026-03-28
1420,Customer 1420,Midwest,2025-06-30
1421,Customer 1421,Southwest,2025-05-09
1422,Customer 1422,Southwest,2024-11-30
1423,Customer 1423,Southwest,2025-06-23
1424,Customer 1424,West,2024-10-22
1425,Customer 1425,Northeast,2025-06-04
1426,Customer 1426,West,2024-09-23
1427,Customer 1427,Midwest,2025-06-18
1428,Customer 1428,Midwest,2025-07-30
1429,Customer 1429,West,2024-03-24
1430,Customer 1430,Northeast,2024-06-14
1431,Customer 1431,Southeast,2024-04-30
1432,Customer 1432,Southwest,2025-08-23
1433,Customer 1433,Southeast,2024-12-04
1434,Customer 1434,West,2025-08-08
1435,Customer 1435,Southeast,2025-06-06
1436,Customer 1436,Southeast,2024-07-31
1437,Customer 1437,Southwest,2026-05-17
1438,Customer 1438,Southwest,2026-02-25
1439,Customer 1439,Midwest,2026-06-14
1440,Customer 1440,Midwest,2026-01-04
1441,Customer 1441,West,2024-08-15
1442,Customer 1442,West,2024-06-21
1443,Customer 1443,Midwest,2026-05-29
1444,Customer 1444,Northeast,2026-06-03
1445,Customer 1445,Northeast,2024-08-11
1446,Customer 1446,Southeast,2024-11-03
1447,Customer 1447,Northeast,2025-02-10
1448,Customer 1448,Midwest,2025-03-02
1449,Customer 1449,Northeast,2026-05-18
1450,Customer 1450,Southeast,2025-10-04
1451,Customer 1451,Southwest,2026-06-27
1452,Customer 1452,Midwest,2026-04-06
1453,Customer 1453,Northeast,2025-11-01
1454,Customer 1454,Southwest,2026-04-19
1455,Customer 1455,Southwest,2024-12-29
1456,Customer 1456,West,2024-12-06
1457,Customer 1457,Midwest,2024-07-04
1458,Customer 1458,Midwest,2025-01-10
1459,Customer 1459,Southwest,2025-06-03
1460,Customer 1460,Northeast,2024-04-05
1461,Customer 1461,Midwest,2026-08-23
1462,Customer 1462,West,2024-05-18
1463,Customer 1463,Southeast,2026-07-18
1464,Customer 1464,Southeast,2024-12-04
1465,Customer 1465,West,2025-12-14
1466,Customer 1466,Northeast,2025-04-26
1467,Customer 1467,Midwest,2025-09-19
1468,Customer 1468,West,2025-03-31
1469,Customer 1469,Southeast,2026-04-20
1470,Customer 1470,West,2024-08-26
1471,Customer 1471,West,2024-01-17
1472,Customer 1472,West,2025-06-05
1473,Customer 1473,Southwest,2025-06-14
1474,Customer 1474,Northeast,2024-01-22
1475,Customer 1475,Southwest,2024-10-13
1476,Customer 1476,Southeast,2025-08-10
1477,Customer 1477,Midwest,2025-10-06
1478,Customer 1478,Southeast,2024-07-18
1479,Customer 1479,Northeast,2026-02-04
1480,Customer 1480,Southwest,2026-02-11
1481,Customer 1481,Midwest,2026-01-26
1482,Customer 1482,Southwest,
1483,Customer 1483,Midwest,
1484,Customer 1484,Midwest,2024-11-28
1485,Customer 1485,West,2025-10-28
1486,Customer 1486,West,2025-04-27
1487,Customer 1487,West,2024-11-01
1488,Customer 1488,Northeast,2026-03-22
1489,Customer 1489,Southwest,2024-07-27
1490,Customer 1490,Midwest,2025-01-19
1491,Customer 1491,Southeast,2024-07-01
1492,Customer 1492,Southeast,2025-10-23
1493,Customer 1493,Northeast,2024-01-13
1494,Customer 1494,Northeast,2024-03-03
1495,Customer 1495,Midwest,2025-09-09
1496,Customer 1496,Southeast,
1497,Customer 1497,Northeast,2025-03-25
1498,Customer 1498,Midwest,2025-09-04
1499,Customer 1499,Midwest,2026-06-30
1500,Customer 1500,Southwest,2024-06-18
1501,Customer 1501,Southeast,2024-01-03
1502,Customer 1502,Southeast,2025-04-03
1503,Customer 1503,Northeast,2024-10-10
1504,Customer 1504,Midwest,2024-09-13
1505,Customer 1505,Southeast,2025-10-24
1506,Customer 1506,Southwest,2025-03-06
1507,Customer 1507,Midwest,2026-03-09
1508,Customer 1508,Southwest,2024-03-25
1509,Customer 1509,Southwest,2026-08-10
1510,Customer 1510,West,2024-02-18
1511,Customer 1511,Southeast,2024-06-02
1512,Customer 1512,West,2025-09-28
1513,Customer 1513,West,2026-01-02
1514,Customer 1514,Southwest,2025-10-10
1515,Customer 1515,Midwest,2025-04-25
1516,Customer 1516,Southwest,2024-11-28
1517,Customer 1517,West,2024-01-01
1518,Customer 1518,West,2024-08-27
1519,Customer 1519,Northeast,2025-08-10
1520,Customer 1520,West,2026-07-05
1521,Customer 1521,Southeast,2025-06-12
1522,Customer 1522,Midwest,2026-07-25
1523,Customer 1523,Southeast,
1524,Customer 1524,West,2024-02-18
1525,Customer 1525,Southwest,2024-05-16
1526,Customer 1526,Southwest,2025-01-29
1527,Customer 1527,Southwest,2024-08-26
1528,Customer 1528,Midwest,2024-09-04
1529,Customer 1529,West,
1530,Customer 1530,Southwest,2024-09-30
1531,Customer 1531,Midwest,2025-01-25
1532,Customer 1532,Southeast,2026-03-29
1533,Customer 1533,Northeast,
1534,Customer 1534,Southwest,2024-06-26
1535,Customer 1535,West,2024-01-18
1536,Customer 1536,Southeast,2025-02-14
1537,Customer 1537,Southeast,2024-10-03
1538,Customer 1538,Southwest,2025-07-10
1539,Customer 1539,West,
1540,Customer 1540,Northeast,2025-02-28
1541,Customer 1541,Northeast,2024-06-03
1542,Customer 1542,Southeast,2024-08-01
1543,Customer 1543,West,2026-05-08
1544,Customer 1544,Southwest,2024-05-13
1545,Customer 1545,West,2026-08-05
1546,Customer 1546,West,2024-06-04
1547,Customer 1547,Northeast,2024-04-21
1548,Customer 1548,Southeast,2024-02-17
1549,Customer 1549,Southwest,2024-11-25
1550,Customer 1550,Midwest,2024-04-26
1551,Customer 1551,Southeast,2024-05-27
1552,Customer 1552,Northeast,2026-01-29
1553,Customer 1553,Southwest,2025-10-15
1554,Customer 1554,Southeast,
1555,Customer 1555,Southeast,2024-10-02
1556,Customer 1556,Southwest,2024-09-02
1557,Customer 1557,West,2026-04-07
1558,Customer 1558,Southeast,2024-11-15
1559,Customer 1559,Southwest,2024-10-20
1560,Customer 1560,Southeast,2025-02-17
1561,Customer 1561,Midwest,2024-05-13
1562,Customer 1562,Northeast,2024-03-28
1563,Customer 1563,Northeast,2025-04-11
1564,Customer 1564,Midwest,2026-02-05
1565,Customer 1565,Northeast,2025-07-24
1566,Customer 1566,Northeast,2024-12-31
1567,Customer 1567,Southwest,2024-06-30
1568,Customer 1568,Midwest,2026-06-03
1569,Customer 1569,Southeast,2025-12-25
1570,Customer 1570,Northeast,2025-09-28
1571,Customer 1571,West,2025-08-13
1572,Customer 1572,Southwest,
1573,Customer 1573,Southeast,2024-07-09
1574,Customer 1574,Midwest,2024-06-15
1575,Customer 1575,Northeast,2024-01-14
1576,Customer 1576,Southeast,2025-03-08
1577,Customer 1577,Northeast,2024-06-23
1578,Customer 1578,West,
1579,Customer 1579,Southeast,2025-11-09
1580,Customer 1580,Midwest,2024-01-02
1581,Customer 1581,Southeast,2025-12-22
1582,Customer 1582,Southeast,2025-10-24
1583,Customer 1583,Southwest,2024-06-06
1584,Customer 1584,West,2025-06-14
1585,Customer 1585,West,2024-04-26
1586,Customer 1586,West,2024-09-12
1587,Customer 1587,Southwest,2025-12-15
1588,Customer 1588,West,2026-04-27
1589,Customer 1589,Midwest,2026-06-16
1590,Customer 1590,Southeast,2026-02-18
1591,Customer 1591,West,2025-04-25
1592,Customer 1592,Midwest,2024-07-31
1593,Customer 1593,West,2025-11-12
1594,Customer 1594,Northeast,2026-06-24
1595,Customer 1595,Southwest,2024-08-07
1596,Customer 1596,West,2025-11-05
1597,Customer 1597,Midwest,2024-01-28
1598,Customer 1598,Northeast,2024-08-11
1599,Customer 1599,Northeast,2025-04-25
1600,Customer 1600,Southwest,2026-06-30
1601,Customer 1601,West,2024-01-23
1602,Customer 1602,Northeast,2025-06-23
1603,Customer 1603,Southwest,2024-06-28
1604,Customer 1604,Midwest,2026-03-24
1605,Customer 1605,Southwest,2024-07-24
1606,Customer 1606,Southwest,2026-02-12
1607,Customer 1607,West,2026-07-09
1608,Customer 1608,Northeast,2025-11-18
1609,Customer 1609,Northeast,2025-03-02
1610,Customer 1610,West,2024-03-03
1611,Customer 1611,West,2024-10-01
1612,Customer 1612,West,2025-05-19
1613,Customer 1613,Southwest,2025-08-19
1614,Customer 1614,Southwest,2024-11-18
1615,Customer 1615,Southwest,2024-10-31
1616,Customer 1616,Southwest,2024-08-11
1617,Customer 1617,Northeast,2024-04-25
1618,Customer 1618,Midwest,2024-11-15
1619,Customer 1619,Midwest,2025-01-17
1620,Customer 1620,Southeast,2025-05-27
1621,Customer 1621,Northeast,2026-06-03
1622,Customer 1622,Southeast,2025-04-14
1623,Customer 1623,Southwest,2025-07-30
1624,Customer 1624,Northeast,2024-03-20
1625,Customer 1625,Midwest,2025-08-31
1626,Customer 1626,West,2026-07-24
1627,Customer 1627,Midwest,2024-11-26
1628,Customer 1628,Southeast,2025-04-10
1629,Customer 1629,Northeast,2024-05-03
1630,Customer 1630,West,2024-11-18
1631,Customer 1631,Midwest,2026-06-26
1632,Customer 1632,Midwest,2024-03-22
1633,Customer 1633,Northeast,2024-05-25
1634,Customer 1634,Northeast,2024-05-27
1635,Customer 1635,Southwest,2024-01-02
1636,Customer 1636,Southeast,2024-06-07
1637,Customer 1637,West,2024-03-20
1638,Customer 1638,West,2024-03-27
1639,Customer 1639,Northeast,2025-07-10
1640,Customer 1640,Midwest,2025-06-17
1641,Customer 1641,West,2026-01-13
1642,Customer 1642,Southeast,2025-12-08
1643,Customer 1643,Southwest,
1644,Customer 1644,Midwest,2024-09-15
1645,Customer 1645,West,2025-01-20
1646,Customer 1646,Southwest,2025-06-28
1647,Customer 1647,Southeast,2025-11-09
1648,Customer 1648,Southwest,2026-08-11
1649,Customer 1649,Midwest,2025-03-05
1650,Customer 1650,Midwest,2026-04-16
1651,Customer 1651,West,2024-01-30
1652,Customer 1652,Midwest,2025-07-31
1653,Customer 1653,West,2024-02-08
1654,Customer 1654,West,2025-11-08
1655,Customer 1655,Southwest,2025-07-07
1656,Customer 1656,Midwest,2026-08-23
1657,Customer 1657,Northeast,2024-12-21
1658,Customer 1658,Northeast,2024-09-04
1659,Customer 1659,Southeast,2024-08-13
1660,Customer 1660,Northeast,2026-05-08
1661,Customer 1661,Midwest,2025-12-23
1662,Customer 1662,Midwest,2025-02-19
1663,Customer 1663,Midwest,2024-06-27
1664,Customer 1664,Southwest,2025-07-11
1665,Customer 1665,Northeast,2026-01-11
1666,Customer 1666,West,2024-05-22
1667,Customer 1667,Midwest,2025-03-15
1668,Customer 1668,West,2026-03-27
1669,Customer 1669,Northeast,2026-02-16
1670,Customer 1670,Southwest,2024-12-23
1671,Customer 1671,Northeast,2025-11-04
1672,Customer 1672,Southeast,2025-01-01
1673,Customer 1673,Midwest,2025-08-15
1674,Customer 1674,Southwest,2024-01-06
1675,Customer 1675,West,2025-10-15
1676,Customer 1676,Midwest,2024-04-14
1677,Customer 1677,Southwest,
1678,Customer 1678,Midwest,2026-02-19
1679,Customer 1679,West,2024-11-25
1680,Customer 1680,West,2024-08-05
1681,Customer 1681,West,2026-03-11
1682,Customer 1682,West,2024-09-28
1683,Customer 1683,Northeast,2025-07-25
1684,Customer 1684,Northeast,2026-07-22
1685,Customer 1685,Northeast,2024-04-18
1686,Customer 1686,Midwest,2025-09-15
1687,Customer 1687,Southwest,2025-12-28
1688,Customer 1688,Southwest,2024-05-22
1689,Customer 1689,Southeast,2025-12-18
1690,Customer 1690,West,2024-07-08
1691,Customer 1691,Southwest,2024-08-26
1692,Customer 1692,West,2024-03-29
1693,Customer 1693,West,2025-08-22
1694,Customer 1694,Northeast,2024-10-07
1695,Customer 1695,Midwest,2026-01-06
1696,Customer 1696,Southeast,2024-11-06
1697,Customer 1697,Midwest,2024-12-08
1698,Customer 1698,West,2024-02-10
1699,Customer 1699,West,2024-04-18
1700,Customer 1700,Southeast,2026-08-11
1701,Customer 1701,Southwest,2025-04-23
1702,Customer 1702,Southwest,2024-05-19
1703,Customer 1703,Southeast,2024-06-08
1704,Customer 1704,Northeast,2025-09-06
1705,Customer 1705,Midwest,2025-05-03
1706,Customer 1706,West,2024-08-14
1707,Customer 1707,West,2024-04-05
1708,Customer 1708,Midwest,2026-08-10
1709,Customer 1709,Northeast,2024-06-18
1710,Customer 1710,Midwest,2026-04-29
1711,Customer 1711,West,2024-10-16
1712,Customer 1712,Southwest,2025-02-13
1713,Customer 1713,Southeast,2025-01-15
1714,Customer 1714,Southwest,2025-12-06
1715,Customer 1715,West,2026-05-26
1716,Customer 1716,Midwest,2024-11-19
1717,Customer 1717,West,2025-08-21
1718,Customer 1718,Northeast,2024-06-12
1719,Customer 1719,Southwest,2024-07-03
1720,Customer 1720,Northeast,2025-09-15
1721,Customer 1721,Northeast,2024-02-15
1722,Customer 1722,West,2025-10-29
1723,Customer 1723,West,2026-07-03
1724,Customer 1724,Southeast,
1725,Customer 1725,West,2026-02-21
1726,Customer 1726,Midwest,2025-01-21
1727,Customer 1727,West,
1728,Customer 1728,Midwest,2024-01-14
1729,Customer 1729,Northeast,2024-11-25
1730,Customer 1730,Southeast,2025-11-08
1731,Customer 1731,Southwest,2025-03-11
1732,Customer 1732,Southeast,2026-03-12
1733,Customer 1733,Midwest,2025-01-08
1734,Customer 1734,Northeast,2025-07-01
1735,Customer 1735,West,2025-09-24
1736,Customer 1736,West,2025-03-08
1737,Customer 1737,Southeast,2024-11-17
1738,Customer 1738,West,2024-12-02
1739,Customer 1739,Northeast,2024-07-29
1740,Customer 1740,Midwest,2025-10-16
1741,Customer 1741,West,2024-08-01
1742,Customer 1742,Northeast,2025-10-13
1743,Customer 1743,Southwest,2025-11-15
1744,Customer 1744,Southeast,2024-06-05
1745,Customer 1745,Midwest,2026-01-05
1746,Customer 1746,Midwest,2026-01-20
1747,Customer 1747,Midwest,
1748,Customer 1748,Midwest,2024-01-17
1749,Customer 1749,Northeast,2026-06-29
1750,Customer 1750,Southeast,2024-03-24
1751,Customer 1751,Southwest,2026-02-07
1752,Customer 1752,Northeast,2026-04-25
1753,Customer 1753,Northeast,2024-02-23
1754,Customer 1754,Southwest,2025-05-03
1755,Customer 1755,Southeast,2024-03-13
1756,Customer 1756,Southeast,2026-07-29
1757,Customer 1757,Midwest,2025-08-20
1758,Customer 1758,Southwest,2026-01-20
1759,Customer 1759,Midwest,2026-03-26
1760,Customer 1760,Midwest,2025-02-26
1761,Customer 1761,Midwest,
1762,Customer 1762,Northeast,2024-12-20
1763,Customer 1763,Southwest,2024-07-09
1764,Customer 1764,Southeast,2024-04-06
1765,Customer 1765,Midwest,2025-08-09
1766,Customer 1766,Northeast,2025-11-05
1767,Customer 1767,Midwest,2024-12-05
1768,Customer 1768,Southwest,2024-01-10
1769,Customer 1769,Southwest,
1770,Customer 1770,Southwest,2024-06-11
1771,Customer 1771,Midwest,2024-10-23
1772,Customer 1772,West,2024-09-27
1773,Customer 1773,Southwest,2025-02-05
1774,Customer 1774,Midwest,2024-06-28
1775,Customer 1775,Midwest,2025-03-18
1776,Customer 1776,Midwest,2025-05-23
1777,Customer 1777,Northeast,2025-02-28
1778,Customer 1778,West,2024-07-30
1779,Customer 1779,Southwest,2025-12-23
1780,Customer 1780,Midwest,2025-07-08
1781,Customer 1781,Northeast,2025-01-06
1782,Customer 1782,Northeast,2026-08-16
1783,Customer 1783,Southeast,2025-05-08
1784,Customer 1784,Northeast,2025-04-16
1785,Customer 1785,Northeast,2025-09-13
1786,Customer 1786,Southeast,2025-02-04
1787,Customer 1787,Southeast,2024-03-03
1788,Customer 1788,Northeast,2024-06-14
1789,Customer 1789,Southeast,
1790,Customer 1790,Northeast,2024-08-20
1791,Customer 1791,Southeast,2025-05-01
1792,Customer 1792,Southwest,2025-12-05
1793,Customer 1793,Midwest,2025-04-26
1794,Customer 1794,West,2026-03-11
1795,Customer 1795,Northeast,2026-06-02
1796,Customer 1796,Northeast,2026-05-22
1797,Customer 1797,Midwest,2025-12-30
1798,Customer 1798,Southwest,2026-07-19
1799,Customer 1799,West,2025-04-08
1800,Customer 1800,Southeast,2025-09-22
1801,Customer 1801,Northeast,2024-12-31
1802,Customer 1802,Midwest,2025-06-17
1803,Customer 1803,Northeast,2024-10-16
1804,Customer 1804,Northeast,2026-06-02
1805,Customer 1805,Southwest,2024-07-01
1806,Customer 1806,Southwest,2026-06-06
1807,Customer 1807,West,2026-07-16
1808,Customer 1808,Northeast,2025-09-25
1809,Customer 1809,Southwest,2024-12-25
1810,Customer 1810,Southeast,2025-01-09
1811,Customer 1811,Northeast,
1812,Customer 1812,Northeast,2025-07-07
1813,Customer 1813,Southwest,2024-07-05
1814,Customer 1814,Midwest,2024-08-11
1815,Customer 1815,Southwest,2026-05-17
1816,Customer 1816,West,2025-07-10
1817,Customer 1817,Northeast,2025-12-03
1818,Customer 1818,West,2025-03-30
1819,Customer 1819,Midwest,2025-04-04
1820,Customer 1820,Northeast,2024-05-09
1821,Customer 1821,Southeast,2026-07-14
1822,Customer 1822,Southwest,2024-11-29
1823,Customer 1823,Northeast,2024-02-06
1824,Customer 1824,Southeast,2024-11-09
1825,Customer 1825,Southeast,2026-07-01
1826,Customer 1826,West,2026-06-22
1827,Customer 1827,West,2024-04-07
1828,Customer 1828,Midwest,
1829,Customer 1829,West,2024-03-12
1830,Customer 1830,Southwest,2026-03-06
1831,Customer 1831,Southeast,2024-08-02
1832,Customer 1832,Northeast,2024-12-16
1833,Customer 1833,Midwest,2024-11-10
1834,Customer 1834,Southwest,2026-05-27
1835,Customer 1835,Southwest,2025-04-21
1836,Customer 1836,Southwest,2024-08-30
1837,Customer 1837,Southwest,2024-11-30
1838,Customer 1838,Midwest,2024-04-24
1839,Customer 1839,Northeast,2026-04-28
1840,Customer 1840,West,2025-05-30
1841,Customer 1841,West,2025-08-06
1842,Customer 1842,West,2025-03-13
1843,Customer 1843,Southeast,2025-02-06
1844,Customer 1844,Southwest,2024-12-21
1845,Customer 1845,Midwest,2026-06-26
1846,Customer 1846,Northeast,2025-08-04
1847,Customer 1847,Southeast,2024-06-06
1848,Customer 1848,Midwest,2024-10-10
1849,Customer 1849,West,2024-03-31
1850,Customer 1850,Southwest,2024-04-10
1851,Customer 1851,Northeast,2026-04-26
1852,Customer 1852,Northeast,2025-11-27
1853,Customer 1853,Southeast,2024-10-05
1854,Customer 1854,Southeast,2026-07-06
1855,Customer 1855,Northeast,2024-02-03
1856,Customer 1856,Southwest,2025-10-23
1857,Customer 1857,Southeast,2024-09-13
1858,Customer 1858,Midwest,2025-04-28
1859,Customer 1859,Northeast,2026-02-12
1860,Customer 1860,Midwest,2024-02-22
1861,Customer 1861,West,2024-11-05
1862,Customer 1862,Northeast,2025-11-10
1863,Customer 1863,Midwest,2025-07-31
1864,Customer 1864,Midwest,2025-03-24
1865,Customer 1865,Northeast,2024-02-20
1866,Customer 1866,Southwest,
1867,Customer 1867,Northeast,2024-10-12
1868,Customer 1868,Southeast,2024-08-31
1869,Customer 1869,Southwest,2025-07-23
1870,Customer 1870,Southeast,2024-12-06
1871,Customer 1871,Southeast,2024-08-14
1872,Customer 1872,Southwest,2024-02-09
1873,Customer 1873,Northeast,2024-11-17
1874,Customer 1874,Southeast,2025-08-21
1875,Customer 1875,Southwest,2024-04-20
1876,Customer 1876,Midwest,2025-03-15
1877,Customer 1877,Northeast,2024-05-03
1878,Customer 1878,Southwest,2024-07-14
1879,Customer 1879,Northeast,2026-08-21
1880,Customer 1880,Southeast,2024-10-07
1881,Customer 1881,Midwest,2025-01-03
1882,Customer 1882,Southeast,2024-12-11
1883,Customer 1883,West,2024-06-05
1884,Customer 1884,Southwest,2024-03-29
1885,Customer 1885,Northeast,2024-03-01
1886,Customer 1886,Midwest,2025-05-16
1887,Customer 1887,West,2026-02-11
1888,Customer 1888,Northeast,2025-06-18
1889,Customer 1889,West,2025-07-05
1890,Customer 1890,West,2024-12-25
1891,Customer 1891,Southeast,2024-08-05
1892,Customer 1892,Northeast,2025-09-08
1893,Customer 1893,Northeast,2024-04-19
1894,Customer 1894,Midwest,2025-01-16
1895,Customer 1895,West,2024-10-12
1896,Customer 1896,West,2025-11-23
1897,Customer 1897,Southwest,2024-03-21
1898,Customer 1898,Northeast,2024-09-24
1899,Customer 1899,Midwest,2024-03-01
1900,Customer 1900,Southeast,2026-02-03
1901,Customer 1901,Midwest,2026-01-28
1902,Customer 1902,Northeast,
1903,Customer 1903,Midwest,2026-07-11
1904,Customer 1904,Southwest,2025-09-15
1905,Customer 1905,Southeast,2025-05-10
1906,Customer 1906,Southwest,2024-04-18
1907,Customer 1907,Southwest,2025-04-13
1908,Customer 1908,West,2026-04-24
1909,Customer 1909,Southwest,2025-03-31
1910,Customer 1910,Southeast,2025-01-05
1911,Customer 1911,Midwest,2024-05-11
1912,Customer 1912,West,2026-06-02
1913,Customer 1913,Midwest,2024-12-20
1914,Customer 1914,Southwest,2026-04-27
1915,Customer 1915,West,2025-05-24
1916,Customer 1916,West,2024-11-27
1917,Customer 1917,Southwest,2025-12-07
1918,Customer 1918,Northeast,2024-12-07
1919,Customer 1919,Northeast,2025-06-14
1920,Customer 1920,Southwest,2025-05-26
1921,Customer 1921,Southwest,2025-05-12
1922,Customer 1922,Southeast,2024-10-01
1923,Customer 1923,West,2024-01-24
1924,Customer 1924,Midwest,2024-02-27
1925,Customer 1925,Southeast,2026-01-10
1926,Customer 1926,Southwest,2024-08-08
1927,Customer 1927,Southwest,2026-02-17
1928,Customer 1928,Southeast,2025-02-16
1929,Customer 1929,West,2026-04-30
1930,Customer 1930,Midwest,2026-05-06
1931,Customer 1931,Southwest,2026-06-17
1932,Customer 1932,Midwest,2025-08-06
1933,Customer 1933,West,2024-05-04
1934,Customer 1934,Southeast,2024-02-04
1935,Customer 1935,Southeast,2025-08-09
1936,Customer 1936,Southwest,2026-08-12
1937,Customer 1937,Southeast,2025-08-15
1938,Customer 1938,Southwest,2025-10-07
1939,Customer 1939,Southeast,2025-07-12
1940,Customer 1940,Southeast,2024-04-03
1941,Customer 1941,West,2024-03-14
1942,Customer 1942,Midwest,2025-09-07
1943,Customer 1943,Northeast,2026-07-16
1944,Customer 1944,Southwest,2026-05-10
1945,Customer 1945,Southwest,
1946,Customer 1946,Midwest,2026-05-10
1947,Customer 1947,Northeast,
1948,Customer 1948,Southeast,2024-02-19
1949,Customer 1949,Southeast,2026-01-27
1950,Customer 1950,West,2026-06-11
1951,Customer 1951,Midwest,2025-10-12
1952,Customer 1952,Southwest,2025-12-21
1953,Customer 1953,Southeast,2026-06-05
1954,Customer 1954,Southwest,
1955,Customer 1955,Northeast,2025-08-01
1956,Customer 1956,Southeast,2024-03-31
1957,Customer 1957,Northeast,2026-06-27
1958,Customer 1958,Southeast,2024-03-01
1959,Customer 1959,Northeast,2025-07-05
1960,Customer 1960,West,2024-06-05
1961,Customer 1961,Midwest,2024-04-04
1962,Customer 1962,Southeast,2025-07-11
1963,Customer 1963,Southwest,2026-02-03
1964,Customer 1964,Southeast,
1965,Customer 1965,Northeast,2024-05-28
1966,Customer 1966,Southeast,2025-09-12
1967,Customer 1967,Northeast,2024-10-28
1968,Customer 1968,West,2026-08-09
1969,Customer 1969,Northeast,2025-01-09
1970,Customer 1970,Southeast,2024-09-30
1971,Customer 1971,Southeast,2025-09-21
1972,Customer 1972,Northeast,2026-03-09
1973,Customer 1973,Southeast,2025-12-01
1974,Customer 1974,Southeast,2024-02-09
1975,Customer 1975,West,2026-07-27
1976,Customer 1976,Northeast,2025-04-17
1977,Customer 1977,Southeast,2025-03-15
1978,Customer 1978,Southeast,2024-11-03
1979,Customer 1979,Southwest,2024-11-25
1980,Customer 1980,Northeast,2026-03-11
1981,Customer 1981,Northeast,2026-03-22
1982,Customer 1982,West,2025-05-13
1983,Customer 1983,Northeast,2025-07-01
1984,Customer 1984,West,2025-01-12
1985,Customer 1985,Southwest,2024-06-11
1986,Customer 1986,Southeast,2026-06-17
1987,Customer 1987,Northeast,
1988,Customer 1988,Midwest,2025-11-22
1989,Customer 1989,West,2024-03-25
1990,Customer 1990,Southwest,2025-10-30
1991,Customer 1991,Northeast,2025-05-30
1992,Customer 1992,Midwest,2025-01-14
1993,Customer 1993,West,2024-06-26
1994,Customer 1994,Northeast,2025-02-18
1995,Customer 1995,Southeast,2024-01-06
1996,Customer 1996,Southwest,2026-03-05
1997,Customer 1997,Midwest,2025-03-18
1998,Customer 1998,Northeast,2024-02-04
1999,Customer 1999,West,2026-04-04
2000,Customer 2000,Northeast,
2001,Customer 2001,Northeast,2026-02-10
2002,Customer 2002,Southwest,2026-06-15
2003,Customer 2003,Northeast,2025-04-21
2004,Customer 2004,Southwest,2024-11-01
2005,Customer 2005,Southwest,2025-12-05
2006,Customer 2006,West,2024-01-17
2007,Customer 2007,Midwest,2025-08-12
2008,Customer 2008,Midwest,2026-04-28
2009,Customer 2009,Midwest,2024-08-18
2010,Customer 2010,Midwest,2025-05-21
2011,Customer 2011,Southeast,2024-11-22
2012,Customer 2012,Southeast,2025-03-01
2013,Customer 2013,Midwest,2024-11-05
2014,Customer 2014,West,2026-07-27
2015,Customer 2015,Northeast,2024-11-30
2016,Customer 2016,Southeast,2026-05-30
2017,Customer 2017,Northeast,2025-08-29
2018,Customer 2018,Southeast,
2019,Customer 2019,Southeast,2025-02-12
2020,Customer 2020,Northeast,2025-05-16
2021,Customer 2021,Midwest,
2022,Customer 2022,Midwest,2025-06-08
2023,Customer 2023,Northeast,2025-04-11
2024,Customer 2024,Southeast,2025-06-03
2025,Customer 2025,Northeast,2025-01-07
2026,Customer 2026,Midwest,2026-02-09
2027,Customer 2027,West,2024-02-13
2028,Customer 2028,Southwest,2026-04-24
2029,Customer 2029,Southwest,2025-11-06
2030,Customer 2030,Southeast,2025-01-21
2031,Customer 2031,West,2025-08-29
2032,Customer 2032,Midwest,2025-04-11
2033,Customer 2033,Southeast,2024-10-26
2034,Customer 2034,Southeast,2024-04-06
2035,Customer 2035,West,2025-01-27
2036,Customer 2036,Southwest,2024-05-07
2037,Customer 2037,Southeast,2024-09-21
2038,Customer 2038,Southeast,2024-07-23
2039,Customer 2039,Midwest,2026-03-08
2040,Customer 2040,Southeast,2024-03-21
2041,Customer 2041,Southeast,
2042,Customer 2042,Northeast,2025-07-12
2043,Customer 2043,Midwest,2024-05-06
2044,Customer 2044,Southeast,2025-03-05
2045,Customer 2045,West,2024-09-13
2046,Customer 2046,Southeast,2024-11-18
2047,Customer 2047,Southeast,2024-06-06
2048,Customer 2048,Northeast,2026-01-17
2049,Customer 2049,Southwest,2024-03-20
2050,Customer 2050,Midwest,2024-11-08
2051,Customer 2051,Midwest,2024-08-26
2052,Customer 2052,Midwest,2026-08-09
2053,Customer 2053,West,2024-06-27
2054,Customer 2054,West,
2055,Customer 2055,West,2024-04-28
2056,Customer 2056,Southwest,2025-09-13
2057,Customer 2057,Southeast,2026-01-07
2058,Customer 2058,Midwest,2026-08-13
2059,Customer 2059,Midwest,2026-01-24
2060,Customer 2060,Northeast,
2061,Customer 2061,West,2024-07-20
2062,Customer 2062,Southeast,2025-03-14
2063,Customer 2063,West,2026-07-10
2064,Customer 2064,West,2024-03-21
2065,Customer 2065,Northeast,2025-07-01
2066,Customer 2066,Southeast,2024-02-18
2067,Customer 2067,Northeast,2024-10-05
2068,Customer 2068,West,2024-05-28
2069,Customer 2069,West,2025-12-17
2070,Customer 2070,Southeast,2025-03-04
2071,Customer 2071,Southwest,2024-06-04
2072,Customer 2072,Southeast,2026-08-18
2073,Customer 2073,Northeast,2024-09-21
2074,Customer 2074,Midwest,2025-03-12
2075,Customer 2075,Southeast,2025-10-09
2076,Customer 2076,West,2026-08-08
2077,Customer 2077,Southwest,2024-09-06
2078,Customer 2078,West,2024-11-10
2079,Customer 2079,Southeast,
2080,Customer 2080,Midwest,2024-02-13
2081,Customer 2081,Southwest,2026-04-11
2082,Customer 2082,West,2025-09-27
2083,Customer 2083,Southwest,2024-06-17
2084,Customer 2084,Midwest,2025-03-15
2085,Customer 2085,Southeast,2026-03-13
2086,Customer 2086,Midwest,2025-02-06
2087,Customer 2087,Southwest,2025-09-02
2088,Customer 2088,West,2025-03-16
2089,Customer 2089,Southwest,2024-10-24
2090,Customer 2090,Southwest,2026-05-27
2091,Customer 2091,Midwest,2024-10-19
2092,Customer 2092,Southeast,2024-09-22
2093,Customer 2093,Southwest,2024-06-15
2094,Customer 2094,West,2025-01-26
2095,Customer 2095,Southeast,2024-03-30
2096,Customer 2096,Southeast,2025-11-16
2097,Customer 2097,Southeast,2026-06-16
2098,Customer 2098,Southeast,2024-04-08
2099,Customer 2099,Northeast,2024-10-24
2100,Customer 2100,Midwest,2024-05-24
2101,Customer 2101,West,2026-04-30
2102,Customer 2102,Midwest,2025-03-23
2103,Customer 2103,Northeast,2025-04-11
2104,Customer 2104,Southeast,2024-04-04
2105,Customer 2105,Southwest,2024-11-15
2106,Customer 2106,Southwest,2026-03-17
2107,Customer 2107,Southwest,2025-07-19
2108,Customer 2108,Midwest,2024-06-01
2109,Customer 2109,Northeast,2024-05-14
2110,Customer 2110,Southeast,2025-10-20
2111,Customer 2111,Southeast,2024-12-08
2112,Customer 2112,West,
2113,Customer 2113,Southwest,2024-01-01
2114,Customer 2114,West,2024-08-25
2115,Customer 2115,Northeast,2025-10-30
2116,Customer 2116,West,2025-02-02
2117,Customer 2117,Southeast,2024-01-04
2118,Customer 2118,Southeast,2025-01-05
2119,Customer 2119,Southeast,2025-04-27
2120,Customer 2120,Midwest,2026-03-02
2121,Customer 2121,West,2024-02-19
2122,Customer 2122,Southeast,2024-04-22
2123,Customer 2123,Southeast,2025-11-02
2124,Customer 2124,Southwest,2024-03-29
2125,Customer 2125,Southwest,2025-04-26
2126,Customer 2126,West,2026-05-21
2127,Customer 2127,Southeast,2026-04-01
2128,Customer 2128,Midwest,2024-02-18
2129,Customer 2129,Southeast,2025-10-10
2130,Customer 2130,Southwest,2024-04-19
2131,Customer 2131,Northeast,2026-04-29
2132,Customer 2132,West,2025-05-07
2133,Customer 2133,Southeast,2024-07-06
2134,Customer 2134,Southwest,2025-08-01
2135,Customer 2135,Southeast,2025-11-30
2136,Customer 2136,Midwest,2024-01-17
2137,Customer 2137,Northeast,2025-04-26
2138,Customer 2138,West,2025-10-26
2139,Customer 2139,Southwest,2024-04-06
2140,Customer 2140,Southwest,2025-10-06
2141,Customer 2141,Northeast,2025-10-22
2142,Customer 2142,West,2025-03-12
2143,Customer 2143,West,2024-05-04
2144,Customer 2144,Midwest,2024-12-09
2145,Customer 2145,Northeast,2026-08-01
2146,Customer 2146,Southwest,2026-05-20
2147,Customer 2147,Southeast,2025-05-28
2148,Customer 2148,West,2026-02-28
2149,Customer 2149,Northeast,2025-12-13
2150,Customer 2150,West,2026-03-20
2151,Customer 2151,Southeast,
2152,Customer 2152,Northeast,2024-03-17
2153,Customer 2153,Southeast,2026-06-26
2154,Customer 2154,Midwest,2026-06-13
2155,Customer 2155,West,2025-04-20
2156,Customer 2156,Midwest,2025-06-08
2157,Customer 2157,Southwest,2026-04-03
2158,Customer 2158,Northeast,
2159,Customer 2159,Midwest,2026-06-21
2160,Customer 2160,Northeast,2026-02-08
2161,Customer 2161,Southeast,2024-09-12
2162,Customer 2162,Northeast,2025-06-17
2163,Customer 2163,Southwest,2026-01-26
2164,Customer 2164,Northeast,2024-11-23
2165,Customer 2165,Midwest,2024-01-27
2166,Customer 2166,Midwest,2025-12-28
2167,Customer 2167,Southwest,2025-04-20
2168,Customer 2168,Midwest,2024-04-27
2169,Customer 2169,Northeast,2024-01-30
2170,Customer 2170,Northeast,2026-04-19
2171,Customer 2171,Midwest,2024-05-12
2172,Customer 2172,Midwest,
2173,Customer 2173,Midwest,2026-06-29
2174,Customer 2174,Northeast,2025-01-05
2175,Customer 2175,Southeast,2026-08-10
2176,Customer 2176,Northeast,2025-08-04
2177,Customer 2177,Southwest,2026-05-18
2178,Customer 2178,Southeast,2024-08-05
2179,Customer 2179,Southwest,2026-05-08
2180,Customer 2180,Southeast,2026-06-16
2181,Customer 2181,Southwest,2024-11-20
2182,Customer 2182,Midwest,2026-01-20
2183,Customer 2183,Northeast,2026-06-29
2184,Customer 2184,Southwest,2025-08-14
2185,Customer 2185,Southeast,2025-06-25
2186,Customer 2186,Southwest,2024-10-24
2187,Customer 2187,Southwest,2025-08-10
2188,Customer 2188,Midwest,2024-11-01
2189,Customer 2189,Southeast,2026-05-30
2190,Customer 2190,Southwest,2025-05-11
2191,Customer 2191,Southwest,2024-11-17
2192,Customer 2192,Southeast,2025-05-14
2193,Customer 2193,Southwest,2026-02-22
2194,Customer 2194,West,2025-08-13
2195,Customer 2195,Southwest,2026-06-14
2196,Customer 2196,Southeast,2024-08-16
2197,Customer 2197,Midwest,2025-04-18
2198,Customer 2198,Southwest,2024-09-06
2199,Customer 2199,West,2024-11-13
2200,Customer 2200,Midwest,2025-09-02
2201,Customer 2201,Midwest,2025-09-02
2202,Customer 2202,West,2024-05-28
2203,Customer 2203,Southeast,2025-03-04
2204,Customer 2204,Southeast,2026-02-11
2205,Customer 2205,Northeast,2025-11-04
2206,Customer 2206,Midwest,2025-11-27
2207,Customer 2207,Midwest,2024-04-22
2208,Customer 2208,West,2025-09-11
2209,Customer 2209,Southwest,2024-06-09
2210,Customer 2210,Southeast,2024-08-13
2211,Customer 2211,West,2024-02-11
2212,Customer 2212,West,2025-03-25
2213,Customer 2213,Northeast,2025-06-29
2214,Customer 2214,West,2026-03-09
2215,Customer 2215,Northeast,2025-08-23
2216,Customer 2216,Northeast,2024-05-22
2217,Customer 2217,Southeast,2025-06-16
2218,Customer 2218,Southeast,2025-05-22
2219,Customer 2219,Southwest,2024-05-09
2220,Customer 2220,West,2024-11-15
2221,Customer 2221,Midwest,2024-10-30
2222,Customer 2222,Northeast,2025-11-20
2223,Customer 2223,Southwest,2024-07-10
2224,Customer 2224,West,
2225,Customer 2225,Northeast,2025-08-30
2226,Customer 2226,Northeast,2025-05-20
2227,Customer 2227,Southeast,2024-08-01
2228,Customer 2228,Northeast,2024-04-28
2229,Customer 2229,Midwest,2026-01-28
2230,Customer 2230,Northeast,2025-04-20
2231,Customer 2231,Midwest,2025-07-12
2232,Customer 2232,Southeast,2025-09-05
2233,Customer 2233,Midwest,2024-08-16
2234,Customer 2234,Northeast,
2235,Customer 2235,Midwest,2025-06-04
2236,Customer 2236,West,2024-11-03
2237,Customer 2237,Southeast,2026-05-23
2238,Customer 2238,Midwest,2025-01-15
2239,Customer 2239,Southeast,2026-03-29
2240,Customer 2240,Midwest,2025-03-09
2241,Customer 2241,Southeast,2025-06-02
2242,Customer 2242,West,2025-05-13
2243,Customer 2243,Southeast,2024-01-01
2244,Customer 2244,West,2024-05-30
2245,Customer 2245,Southeast,
2246,Customer 2246,Northeast,2025-10-02
2247,Customer 2247,Midwest,2024-02-09
2248,Customer 2248,Midwest,2026-04-04
2249,Customer 2249,Northeast,2024-06-12
2250,Customer 2250,Northeast,2026-06-09
2251,Customer 2251,Midwest,2026-05-29
2252,Customer 2252,Southeast,2025-02-19
2253,Customer 2253,Northeast,2026-02-25
2254,Customer 2254,Northeast,2024-07-14
2255,Customer 2255,West,2025-03-25
2256,Customer 2256,West,2024-07-18
2257,Customer 2257,Midwest,2024-04-28
2258,Customer 2258,Northeast,2026-07-09
2259,Customer 2259,Southeast,2024-07-06
2260,Customer 2260,West,2025-03-20
2261,Customer 2261,Southeast,2025-04-06
2262,Customer 2262,Northeast,2025-12-11
2263,Customer 2263,Midwest,2024-01-22
2264,Customer 2264,Midwest,2026-02-26
2265,Customer 2265,Southwest,2025-04-11
2266,Customer 2266,Northeast,2025-10-23
2267,Customer 2267,Northeast,2024-09-09
2268,Customer 2268,Southeast,2024-05-23
2269,Customer 2269,Northeast,2025-10-09
2270,Customer 2270,Midwest,2025-03-18
2271,Customer 2271,West,2026-06-10
2272,Customer 2272,Midwest,2024-02-16
2273,Customer 2273,Southwest,2026-06-02
2274,Customer 2274,Southwest,2025-03-09
2275,Customer 2275,Northeast,2025-06-24
2276,Customer 2276,Northeast,2024-02-18
2277,Customer 2277,Southeast,2026-04-03
2278,Customer 2278,West,2026-07-09
2279,Customer 2279,Northeast,2026-06-17
2280,Customer 2280,Midwest,2026-04-08
2281,Customer 2281,Southwest,2025-02-03
2282,Customer 2282,Northeast,2024-10-19
2283,Customer 2283,West,2025-08-01
2284,Customer 2284,Southwest,2025-10-03
2285,Customer 2285,Southwest,2024-12-23
2286,Customer 2286,Midwest,2024-06-09
2287,Customer 2287,Southwest,2024-10-20
2288,Customer 2288,Southwest,2025-07-18
2289,Customer 2289,West,
2290,Customer 2290,Southwest,2026-01-16
2291,Customer 2291,Southeast,
2292,Customer 2292,Midwest,2024-03-27
2293,Customer 2293,Southeast,2024-01-11
2294,Customer 2294,Midwest,2024-06-02
2295,Customer 2295,West,2025-11-17
2296,Customer 2296,Southwest,2025-08-02
2297,Customer 2297,West,2026-07-19
2298,Customer 2298,Northeast,2025-08-06
2299,Customer 2299,Northeast,2024-08-17
2300,Customer 2300,Southeast,2024-11-17
2301,Customer 2301,Southeast,2026-01-07
2302,Customer 2302,Midwest,2025-05-21
2303,Customer 2303,Southeast,2025-08-20
2304,Customer 2304,Southeast,2025-11-02
2305,Customer 2305,Southeast,2024-12-23
2306,Customer 2306,Southwest,2026-02-14
2307,Customer 2307,West,2025-09-16
2308,Customer 2308,Southeast,2026-01-01
2309,Customer 2309,Northeast,2025-04-19
2310,Customer 2310,Midwest,2026-08-04
2311,Customer 2311,West,2026-03-25
2312,Customer 2312,Midwest,2024-04-30
2313,Customer 2313,Midwest,2024-01-01
2314,Customer 2314,Northeast,
2315,Customer 2315,Midwest,2026-04-04
2316,Customer 2316,Northeast,2026-03-25
2317,Customer 2317,Southwest,2024-05-11
2318,Customer 2318,Midwest,2024-04-04
2319,Customer 2319,Midwest,2025-06-08
2320,Customer 2320,West,2025-12-12
2321,Customer 2321,Southeast,2026-07-08
2322,Customer 2322,West,2025-02-28
2323,Customer 2323,Southeast,2024-09-05
2324,Customer 2324,West,2024-07-19
2325,Customer 2325,Southeast,2024-06-23
2326,Customer 2326,Southeast,2024-03-04
2327,Customer 2327,Northeast,2024-08-27
2328,Customer 2328,Northeast,2024-07-02
2329,Customer 2329,Midwest,2026-03-19
2330,Customer 2330,Southeast,2025-10-11
2331,Customer 2331,Southwest,2025-04-14
2332,Customer 2332,Midwest,2025-05-12
2333,Customer 2333,Southwest,2026-01-10
2334,Customer 2334,Northeast,2025-01-21
2335,Customer 2335,Southeast,2025-05-14
2336,Customer 2336,Southwest,2024-07-10
2337,Customer 2337,Midwest,2026-01-20
2338,Customer 2338,Southwest,2025-09-10
2339,Customer 2339,Southwest,2026-03-22
2340,Customer 2340,Northeast,2026-06-29
2341,Customer 2341,Midwest,2024-12-01
2342,Customer 2342,West,2026-06-01
2343,Customer 2343,Northeast,2024-03-31
2344,Customer 2344,Midwest,2025-12-04
2345,Customer 2345,West,2026-05-22
2346,Customer 2346,Southeast,2026-03-13
2347,Customer 2347,Southeast,2025-05-01
2348,Customer 2348,Southwest,2026-01-25
2349,Customer 2349,Northeast,2025-01-28
2350,Customer 2350,Northeast,2025-04-05
2351,Customer 2351,Northeast,2025-12-05
2352,Customer 2352,West,
2353,Customer 2353,West,2024-09-25
2354,Customer 2354,Northeast,2024-10-03
2355,Customer 2355,Northeast,2026-01-01
2356,Customer 2356,West,2024-10-27
2357,Customer 2357,Southeast,2026-01-31
2358,Customer 2358,Southwest,2025-03-24
2359,Customer 2359,West,
2360,Customer 2360,Southwest,
2361,Customer 2361,Southwest,2025-05-04
2362,Customer 2362,Northeast,2024-07-13
2363,Customer 2363,Southwest,2025-02-17
2364,Customer 2364,West,2025-02-01
2365,Customer 2365,West,2026-04-02
2366,Customer 2366,Southwest,
2367,Customer 2367,West,2024-11-08
2368,Customer 2368,Southwest,2024-05-06
2369,Customer 2369,Midwest,2024-09-15
2370,Customer 2370,Southwest,2025-03-13
2371,Customer 2371,Southeast,2025-12-24
2372,Customer 2372,Southeast,2025-12-22
2373,Customer 2373,Northeast,2025-05-07
2374,Customer 2374,West,2024-03-18
2375,Customer 2375,Midwest,2025-08-20
2376,Customer 2376,Midwest,
2377,Customer 2377,Northeast,2024-05-20
2378,Customer 2378,Midwest,2025-03-12
2379,Customer 2379,Northeast,2024-05-18
2380,Customer 2380,Northeast,2025-01-27
2381,Customer 2381,West,2025-02-15
2382,Customer 2382,Southwest,2024-03-24
2383,Customer 2383,Southeast,2025-12-25
2384,Customer 2384,Midwest,2025-03-26
2385,Customer 2385,Southwest,2024-09-27
2386,Customer 2386,Southwest,2025-04-30
2387,Customer 2387,Southeast,2024-02-20
2388,Customer 2388,Midwest,2026-05-28
2389,Customer 2389,Southwest,2025-07-09
2390,Customer 2390,Midwest,2025-03-05
2391,Customer 2391,Southeast,2024-09-11
2392,Customer 2392,Midwest,2025-05-02
2393,Customer 2393,Southwest,2025-08-28
2394,Customer 2394,Southeast,2026-05-19
2395,Customer 2395,West,2024-08-30
2396,Customer 2396,Southwest,2024-10-11
2397,Customer 2397,Southwest,2025-11-14
2398,Customer 2398,Southwest,2026-06-13
2399,Customer 2399,Midwest,2026-08-09
2400,Customer 2400,Northeast,2025-08-24
2401,Customer 2401,Southwest,2024-09-09
2402,Customer 2402,Northeast,2024-07-27
2403,Customer 2403,Midwest,2024-03-28
2404,Customer 2404,Midwest,2025-05-08
2405,Customer 2405,Northeast,2026-01-21
2406,Customer 2406,Southeast,2024-02-14
2407,Customer 2407,West,2024-05-10
2408,Customer 2408,Northeast,2025-09-23
2409,Customer 2409,Midwest,2025-04-06
2410,Customer 2410,Southeast,2024-10-18
2411,Customer 2411,Northeast,2025-07-08
2412,Customer 2412,West,2025-01-02
2413,Customer 2413,West,2026-07-08
2414,Customer 2414,Southwest,2025-08-04
2415,Customer 2415,Southeast,2025-07-09
2416,Customer 2416,West,2025-12-04
2417,Customer 2417,Midwest,2025-02-07
2418,Customer 2418,West,2026-04-24
2419,Customer 2419,West,2026-04-29
2420,Customer 2420,Southeast,2024-05-09
2421,Customer 2421,Midwest,2026-07-23
2422,Customer 2422,Southeast,2024-09-22
2423,Customer 2423,Northeast,2025-08-01
2424,Customer 2424,Southeast,2025-05-28
2425,Customer 2425,Northeast,2024-09-29
2426,Customer 2426,West,2025-05-03
2427,Customer 2427,Northeast,2024-04-22
2428,Customer 2428,Midwest,2026-01-26
2429,Customer 2429,Northeast,2025-06-25
2430,Customer 2430,Northeast,2025-07-01
2431,Customer 2431,West,2025-07-07
2432,Customer 2432,Southeast,2024-12-14
2433,Customer 2433,Southeast,2025-03-11
2434,Customer 2434,Southwest,2025-11-20
2435,Customer 2435,West,2026-08-10
2436,Customer 2436,Southwest,2026-05-15
2437,Customer 2437,Northeast,2024-04-27
2438,Customer 2438,Northeast,2025-12-16
2439,Customer 2439,Northeast,2025-06-24
2440,Customer 2440,Southeast,2026-05-13
2441,Customer 2441,Midwest,2025-11-08
2442,Customer 2442,Southeast,2025-12-05
2443,Customer 2443,Southwest,2025-08-07
2444,Customer 2444,Midwest,2024-05-08
2445,Customer 2445,West,2024-07-11
2446,Customer 2446,Southeast,2024-01-23
2447,Customer 2447,Midwest,
2448,Customer 2448,Midwest,2026-01-25
2449,Customer 2449,Southwest,2024-08-30
2450,Customer 2450,Northeast,2024-12-13
2451,Customer 2451,Southeast,2024-02-08
2452,Customer 2452,Southeast,2025-05-14
2453,Customer 2453,Northeast,2024-03-25
2454,Customer 2454,Midwest,2026-04-15
2455,Customer 2455,Southeast,2024-10-01
2456,Customer 2456,West,2025-01-14
2457,Customer 2457,Southeast,2025-12-31
2458,Customer 2458,West,2025-07-24
2459,Customer 2459,Midwest,2024-05-31
2460,Customer 2460,Southeast,2026-03-08
2461,Customer 2461,Midwest,2026-03-08
2462,Customer 2462,Southeast,2025-01-06
2463,Customer 2463,West,2024-01-21
2464,Customer 2464,Northeast,2026-05-02
2465,Customer 2465,Southwest,2025-02-24
2466,Customer 2466,Southeast,2026-08-08
2467,Customer 2467,Southeast,
2468,Customer 2468,Southeast,2025-05-19
2469,Customer 2469,Northeast,2024-01-22
2470,Customer 2470,Northeast,2024-01-03
2471,Customer 2471,Southwest,2024-08-20
2472,Customer 2472,Southeast,2025-08-25
2473,Customer 2473,Northeast,2025-05-20
2474,Customer 2474,Southwest,2026-07-25
2475,Customer 2475,Southwest,2024-01-29
2476,Customer 2476,Southeast,2026-05-01
2477,Customer 2477,Midwest,2024-12-10
2478,Customer 2478,Northeast,2026-03-06
2479,Customer 2479,Midwest,2025-06-08
2480,Customer 2480,Northeast,2025-06-02
2481,Customer 2481,Midwest,2025-04-30
2482,Customer 2482,Southwest,2026-02-22
2483,Customer 2483,Southeast,2026-07-16
2484,Customer 2484,Southeast,2024-07-30
2485,Customer 2485,Northeast,2024-07-05
2486,Customer 2486,Midwest,2024-07-14
2487,Customer 2487,Southwest,2024-04-16
2488,Customer 2488,Southwest,2025-03-17
2489,Customer 2489,Northeast,2025-11-01
2490,Customer 2490,Northeast,2025-07-25
2491,Customer 2491,West,2025-03-22
2492,Customer 2492,West,2025-08-27
2493,Customer 2493,Midwest,2024-04-28
2494,Customer 2494,Midwest,2025-01-31
2495,Customer 2495,Southeast,2024-10-27
2496,Customer 2496,Northeast,2025-01-20
2497,Customer 2497,Southeast,2025-08-13
2498,Customer 2498,West,2026-01-16
2499,Customer 2499,Southwest,2026-05-11
2500,Customer 2500,Southwest,2025-10-14
2501,Customer 2501,West,2024-01-14
2502,Customer 2502,Northeast,2025-09-08
2503,Customer 2503,West,2026-06-05
2504,Customer 2504,Southwest,2025-06-18
2505,Customer 2505,West,2024-03-25
2506,Customer 2506,Southeast,2024-08-03
2507,Customer 2507,Northeast,2026-04-06
2508,Customer 2508,West,2024-10-20
2509,Customer 2509,Midwest,2025-01-18
2510,Customer 2510,Midwest,2026-03-01
2511,Customer 2511,Midwest,2025-03-08
2512,Customer 2512,Midwest,2025-05-24
2513,Customer 2513,Northeast,2024-02-03
2514,Customer 2514,Southeast,2026-01-22
2515,Customer 2515,Southeast,2026-02-03
2516,Customer 2516,Southeast,2025-01-25
2517,Customer 2517,West,2025-06-04
2518,Customer 2518,Midwest,2024-09-24
2519,Customer 2519,West,2024-09-17
2520,Customer 2520,West,2024-04-02
2521,Customer 2521,Southwest,2024-07-11
2522,Customer 2522,Midwest,2024-10-21
2523,Customer 2523,Southwest,2024-01-10
2524,Customer 2524,Southeast,2024-03-26
2525,Customer 2525,Southeast,2024-12-24
2526,Customer 2526,Southwest,2026-06-29
2527,Customer 2527,Midwest,2026-05-27
2528,Customer 2528,Midwest,2025-11-23
2529,Customer 2529,Southwest,2024-09-20
2530,Customer 2530,West,2024-02-28
2531,Customer 2531,West,2024-04-06
2532,Customer 2532,West,2025-02-14
2533,Customer 2533,Southwest,2024-08-16
2534,Customer 2534,West,2026-05-08
2535,Customer 2535,Northeast,2026-01-07
2536,Customer 2536,Northeast,2024-08-22
2537,Customer 2537,Northeast,2024-04-27
2538,Customer 2538,Northeast,2025-07-01
2539,Customer 2539,Southeast,2025-04-24
2540,Customer 2540,Southwest,2026-04-01
2541,Customer 2541,Southwest,2026-04-15
2542,Customer 2542,Midwest,2024-01-05
2543,Customer 2543,Northeast,2025-10-10
2544,Customer 2544,Northeast,2025-02-08
2545,Customer 2545,Midwest,2024-01-19
2546,Customer 2546,Southeast,2025-02-02
2547,Customer 2547,Southeast,2025-12-25
2548,Customer 2548,Northeast,2025-08-20
2549,Customer 2549,Northeast,2026-07-04
2550,Customer 2550,West,2024-09-10
2551,Customer 2551,Northeast,2024-02-26
2552,Customer 2552,Northeast,2024-01-11
2553,Customer 2553,Southwest,2024-01-13
2554,Customer 2554,Midwest,2025-01-01
2555,Customer 2555,Northeast,2024-03-05
2556,Customer 2556,West,2024-06-17
2557,Customer 2557,West,2025-08-25
2558,Customer 2558,Midwest,2024-09-04
2559,Customer 2559,West,2025-05-31
2560,Customer 2560,West,2024-03-17
2561,Customer 2561,Midwest,2024-01-28
2562,Customer 2562,Southeast,2025-12-28
2563,Customer 2563,Southeast,2024-09-11
2564,Customer 2564,West,2025-07-23
2565,Customer 2565,Southwest,2024-02-15
2566,Customer 2566,Midwest,2026-05-07
2567,Customer 2567,Southwest,2025-07-09
2568,Customer 2568,Midwest,2025-12-20
2569,Customer 2569,West,2025-09-25
2570,Customer 2570,Midwest,2024-04-01
2571,Customer 2571,West,2025-07-23
2572,Customer 2572,Southwest,2024-05-13
2573,Customer 2573,Southwest,2025-06-15
2574,Customer 2574,West,2024-05-24
2575,Customer 2575,Midwest,
2576,Customer 2576,Midwest,2026-08-07
2577,Customer 2577,Northeast,2024-12-11
2578,Customer 2578,Northeast,2026-01-05
2579,Customer 2579,Northeast,2026-02-08
2580,Customer 2580,Midwest,2025-07-31
2581,Customer 2581,Southeast,2024-07-29
2582,Customer 2582,West,2024-11-19
2583,Customer 2583,Northeast,2025-12-12
2584,Customer 2584,West,2025-05-17
2585,Customer 2585,Southeast,2026-05-03
2586,Customer 2586,Northeast,2026-08-05
2587,Customer 2587,Midwest,2024-08-01
2588,Customer 2588,Northeast,2024-07-13
2589,Customer 2589,Southwest,2025-12-23
2590,Customer 2590,Southeast,2026-07-21
2591,Customer 2591,Southwest,2024-02-10
2592,Customer 2592,Northeast,2024-05-05
2593,Customer 2593,Northeast,2024-06-28
2594,Customer 2594,Midwest,2025-01-31
2595,Customer 2595,West,2025-06-20
2596,Customer 2596,West,2025-07-24
2597,Customer 2597,Northeast,2024-01-31
2598,Customer 2598,Northeast,2026-07-17
2599,Customer 2599,West,
2600,Customer 2600,Northeast,2025-10-19
2601,Customer 2601,Midwest,2026-03-24
2602,Customer 2602,Northeast,2026-03-10
2603,Customer 2603,Southwest,
2604,Customer 2604,Midwest,2025-02-11
2605,Customer 2605,Southwest,2025-07-12
2606,Customer 2606,Midwest,2026-05-22
2607,Customer 2607,West,2025-01-17
2608,Customer 2608,Midwest,2025-11-25
2609,Customer 2609,Midwest,
2610,Customer 2610,Midwest,2025-10-16
2611,Customer 2611,Southwest,2025-02-21
2612,Customer 2612,West,2026-01-02
2613,Customer 2613,Northeast,2026-04-21
2614,Customer 2614,Southeast,2025-05-17
2615,Customer 2615,West,2026-04-05
2616,Customer 2616,Southeast,2025-06-27
2617,Customer 2617,Southwest,2026-06-16
2618,Customer 2618,Southwest,2024-04-22
2619,Customer 2619,Southeast,2025-01-08
2620,Customer 2620,Southeast,2025-12-29
2621,Customer 2621,Northeast,2026-01-28
2622,Customer 2622,West,2026-07-13
2623,Customer 2623,West,2026-02-16
2624,Customer 2624,Northeast,2026-08-17
2625,Customer 2625,Southeast,2025-10-07
2626,Customer 2626,Northeast,2025-11-17
2627,Customer 2627,Southwest,2025-01-10
2628,Customer 2628,West,2026-06-02
2629,Customer 2629,Southwest,2024-06-13
2630,Customer 2630,West,2025-08-29
2631,Customer 2631,Southeast,2026-02-14
2632,Customer 2632,Southeast,2026-04-11
2633,Customer 2633,Midwest,2025-05-16
2634,Customer 2634,Midwest,2025-07-28
2635,Customer 2635,Southeast,2026-01-15
2636,Customer 2636,Southwest,2025-05-14
2637,Customer 2637,Southeast,2024-01-12
2638,Customer 2638,West,2025-07-29
2639,Customer 2639,Northeast,2026-06-29
2640,Customer 2640,Northeast,2024-11-29
2641,Customer 2641,Northeast,2025-08-27
2642,Customer 2642,Southeast,2025-07-12
2643,Customer 2643,Southwest,2024-01-20
2644,Customer 2644,West,2025-06-13
2645,Customer 2645,Southwest,2024-04-02
2646,Customer 2646,Northeast,2024-07-01
2647,Customer 2647,Southeast,2026-07-23
2648,Customer 2648,Midwest,2025-03-12
2649,Customer 2649,Northeast,2024-10-27
2650,Customer 2650,Southeast,2026-07-07
2651,Customer 2651,Southeast,2025-10-31
2652,Customer 2652,West,2025-12-21
2653,Customer 2653,Northeast,2025-03-16
2654,Customer 2654,Midwest,2025-05-23
2655,Customer 2655,West,2025-04-03
2656,Customer 2656,West,2024-09-26
2657,Customer 2657,Southeast,2026-06-01
2658,Customer 2658,Northeast,2024-04-07
2659,Customer 2659,Southwest,2024-05-03
2660,Customer 2660,Southeast,2025-05-19
2661,Customer 2661,Midwest,2024-04-10
2662,Customer 2662,Midwest,2025-03-12
2663,Customer 2663,Midwest,
2664,Customer 2664,West,2024-01-04
2665,Customer 2665,Midwest,2024-04-17
2666,Customer 2666,Midwest,2025-08-31
2667,Customer 2667,Midwest,2025-09-29
2668,Customer 2668,West,2025-10-12
2669,Customer 2669,Southeast,2024-07-09
2670,Customer 2670,Southeast,2024-07-17
2671,Customer 2671,Southeast,2024-06-12
2672,Customer 2672,Northeast,2024-08-02
2673,Customer 2673,Midwest,2025-11-22
2674,Customer 2674,Southeast,2024-05-14
2675,Customer 2675,Northeast,2025-10-01
2676,Customer 2676,Midwest,2024-08-23
2677,Customer 2677,Southwest,2025-01-22
2678,Customer 2678,Southwest,
2679,Customer 2679,West,2025-03-31
2680,Customer 2680,West,2024-10-11
2681,Customer 2681,Northeast,2024-12-20
2682,Customer 2682,Southeast,2026-07-26
2683,Customer 2683,Southeast,2025-10-31
2684,Customer 2684,West,2025-09-01
2685,Customer 2685,Midwest,2024-01-02
2686,Customer 2686,Southeast,2025-01-24
2687,Customer 2687,Northeast,2025-08-07
2688,Customer 2688,Northeast,2026-01-27
2689,Customer 2689,Southeast,2025-01-26
2690,Customer 2690,West,2025-10-31
2691,Customer 2691,West,2025-03-05
2692,Customer 2692,Northeast,2024-11-11
2693,Customer 2693,Midwest,2026-06-02
2694,Customer 2694,Midwest,2026-05-22
2695,Customer 2695,Midwest,
2696,Customer 2696,Southeast,2026-07-31
2697,Customer 2697,Southwest,2024-12-16
2698,Customer 2698,West,2026-07-18
2699,Customer 2699,Midwest,2024-02-03
2700,Customer 2700,Southeast,2025-08-15
2701,Customer 2701,West,2024-05-28
2702,Customer 2702,West,2025-10-12
2703,Customer 2703,Northeast,2025-04-13
2704,Customer 2704,Southwest,2024-07-28
2705,Customer 2705,West,2024-10-28
2706,Customer 2706,West,2024-09-07
2707,Customer 2707,Northeast,2024-02-14
2708,Customer 2708,Southwest,2026-02-14
2709,Customer 2709,Southwest,2025-07-08
2710,Customer 2710,Southwest,2024-03-15
2711,Customer 2711,Southeast,2025-08-15
2712,Customer 2712,Midwest,2024-01-18
2713,Customer 2713,Northeast,2024-11-03
2714,Customer 2714,West,2025-12-28
2715,Customer 2715,Southeast,2025-02-23
2716,Customer 2716,Midwest,2024-05-09
2717,Customer 2717,West,2024-06-28
2718,Customer 2718,Southeast,2025-10-18
2719,Customer 2719,Northeast,2026-04-14
2720,Customer 2720,Midwest,2024-01-29
2721,Customer 2721,Midwest,2025-03-15
2722,Customer 2722,West,2025-07-21
2723,Customer 2723,Midwest,2026-06-01
2724,Customer 2724,West,2025-06-28
2725,Customer 2725,Southwest,2024-01-05
2726,Customer 2726,Southwest,2026-04-01
2727,Customer 2727,Southwest,2025-03-11
2728,Customer 2728,Southwest,2024-09-02
2729,Customer 2729,Midwest,2025-12-30
2730,Customer 2730,Midwest,2026-03-19
2731,Customer 2731,Southwest,2025-07-02
2732,Customer 2732,Southwest,2025-09-07
2733,Customer 2733,Midwest,2024-03-19
2734,Customer 2734,Northeast,
2735,Customer 2735,Midwest,2025-08-28
2736,Customer 2736,West,2024-09-03
2737,Customer 2737,Northeast,
2738,Customer 2738,Southeast,2024-12-25
2739,Customer 2739,Southwest,2024-03-29
2740,Customer 2740,West,2024-08-03
2741,Customer 2741,Midwest,2024-12-01
2742,Customer 2742,West,2025-09-07
2743,Customer 2743,Southwest,2026-01-06
2744,Customer 2744,Northeast,2026-04-07
2745,Customer 2745,West,2024-10-11
2746,Customer 2746,Northeast,2024-07-22
2747,Customer 2747,Midwest,2024-02-07
2748,Customer 2748,Midwest,2024-04-19
2749,Customer 2749,Midwest,2024-01-22
2750,Customer 2750,Northeast,2024-06-18
2751,Customer 2751,Southeast,2024-07-18
2752,Customer 2752,Southwest,
2753,Customer 2753,Northeast,2025-08-16
2754,Customer 2754,Northeast,2025-12-18
2755,Customer 2755,Northeast,2026-07-17
2756,Customer 2756,Southwest,2024-10-05
2757,Customer 2757,West,2026-04-23
2758,Customer 2758,Northeast,2024-12-08
2759,Customer 2759,Northeast,2024-11-15
2760,Customer 2760,West,2026-05-25
2761,Customer 2761,Midwest,2024-05-07
2762,Customer 2762,Southeast,2025-11-07
2763,Customer 2763,Midwest,2024-04-23
2764,Customer 2764,Midwest,2024-06-23
2765,Customer 2765,Southeast,2025-09-21
2766,Customer 2766,Midwest,2026-03-09
2767,Customer 2767,Northeast,2025-02-11
2768,Customer 2768,Midwest,2025-11-07
2769,Customer 2769,Northeast,2025-07-09
2770,Customer 2770,Northeast,2025-03-08
2771,Customer 2771,West,2025-06-20
2772,Customer 2772,Midwest,2026-06-20
2773,Customer 2773,West,
2774,Customer 2774,Southeast,2026-03-09
2775,Customer 2775,Southwest,2024-01-14
2776,Customer 2776,Southwest,2026-03-16
2777,Customer 2777,West,
2778,Customer 2778,Southwest,2024-02-09
2779,Customer 2779,Southeast,2025-07-08
2780,Customer 2780,Midwest,2025-08-16
2781,Customer 2781,Southeast,2024-08-12
2782,Customer 2782,Southeast,2025-10-23
2783,Customer 2783,Southeast,2024-09-24
2784,Customer 2784,Midwest,2024-03-08
2785,Customer 2785,Midwest,2026-01-03
2786,Customer 2786,Southeast,2024-12-13
2787,Customer 2787,Northeast,2025-06-07
2788,Customer 2788,Southwest,2025-09-05
2789,Customer 2789,West,2025-08-31
2790,Customer 2790,Midwest,2024-02-26
2791,Customer 2791,Northeast,2025-07-26
2792,Customer 2792,Southeast,2024-05-03
2793,Customer 2793,Southeast,2024-06-13
2794,Customer 2794,West,2024-08-20
2795,Customer 2795,Southwest,2025-09-08
2796,Customer 2796,Southwest,2025-04-14
2797,Customer 2797,Southwest,2024-07-29
2798,Customer 2798,Southeast,2025-03-11
2799,Customer 2799,Southeast,2026-03-13
2800,Customer 2800,Southwest,2025-03-06
2801,Customer 2801,West,2024-02-14
2802,Customer 2802,Northeast,2024-10-10
2803,Customer 2803,Southwest,2024-12-31
2804,Customer 2804,Northeast,2025-07-07
2805,Customer 2805,Southwest,2024-06-22
2806,Customer 2806,Southeast,2024-12-07
2807,Customer 2807,Midwest,2025-10-10
2808,Customer 2808,Southwest,2025-05-11
2809,Customer 2809,West,2024-02-24
2810,Customer 2810,Southwest,2024-03-05
2811,Customer 2811,Southwest,2025-07-09
2812,Customer 2812,Southwest,2026-01-12
2813,Customer 2813,Midwest,2024-01-20
2814,Customer 2814,Midwest,2024-07-29
2815,Customer 2815,Midwest,2026-05-04
2816,Customer 2816,Northeast,2025-08-29
2817,Customer 2817,Midwest,2026-02-01
2818,Customer 2818,Southeast,2026-05-04
2819,Customer 2819,Midwest,2024-02-01
2820,Customer 2820,Midwest,2026-07-14
2821,Customer 2821,Northeast,2026-06-06
2822,Customer 2822,Midwest,2024-04-15
2823,Customer 2823,West,2025-06-18
2824,Customer 2824,Southwest,2024-07-15
2825,Customer 2825,Midwest,2024-10-31
2826,Customer 2826,Southwest,2024-05-15
2827,Customer 2827,Southeast,2025-12-05
2828,Customer 2828,Northeast,2025-07-08
2829,Customer 2829,Midwest,2024-06-02
2830,Customer 2830,Northeast,2025-07-20
2831,Customer 2831,Southeast,2024-06-28
2832,Customer 2832,Southwest,2025-12-03
2833,Customer 2833,Midwest,2026-03-03
2834,Customer 2834,West,2026-02-24
2835,Customer 2835,Southwest,2024-08-20
2836,Customer 2836,Midwest,2024-05-03
2837,Customer 2837,West,2026-07-06
2838,Customer 2838,Northeast,2025-07-28
2839,Customer 2839,Midwest,2025-08-26
2840,Customer 2840,Northeast,2026-04-22
2841,Customer 2841,Northeast,2025-06-17
2842,Customer 2842,Midwest,2025-12-01
2843,Customer 2843,Southeast,2026-04-10
2844,Customer 2844,Northeast,2025-05-15
2845,Customer 2845,Southeast,2024-04-16
2846,Customer 2846,West,2024-09-04
2847,Customer 2847,Southeast,2026-03-31
2848,Customer 2848,Midwest,2024-06-11
2849,Customer 2849,Midwest,2024-11-30
2850,Customer 2850,West,2025-03-15
2851,Customer 2851,Midwest,2024-08-18
2852,Customer 2852,Midwest,2025-07-17
2853,Customer 2853,Southeast,2024-06-07
2854,Customer 2854,Midwest,2024-08-31
2855,Customer 2855,Northeast,2024-08-24
2856,Customer 2856,Northeast,2025-08-07
2857,Customer 2857,Southeast,2026-04-23
2858,Customer 2858,Midwest,2024-06-11
2859,Customer 2859,Northeast,
2860,Customer 2860,Southeast,2026-03-06
2861,Customer 2861,Northeast,2025-07-14
2862,Customer 2862,Midwest,2024-08-01
2863,Customer 2863,West,2024-03-26
2864,Customer 2864,Northeast,2024-02-24
2865,Customer 2865,Southeast,2024-04-29
2866,Customer 2866,Midwest,2025-01-27
2867,Customer 2867,Southwest,2024-06-18
2868,Customer 2868,Southwest,2025-01-22
2869,Customer 2869,Southwest,2025-09-01
2870,Customer 2870,West,2025-10-16
2871,Customer 2871,Northeast,2025-02-11
2872,Customer 2872,Southwest,2026-02-25
2873,Customer 2873,West,2025-07-12
2874,Customer 2874,Northeast,2025-07-22
2875,Customer 2875,Northeast,2025-10-02
2876,Customer 2876,Southeast,2024-08-26
2877,Customer 2877,Southeast,2025-09-27
2878,Customer 2878,Southeast,2024-09-07
2879,Customer 2879,Southwest,2025-06-22
2880,Customer 2880,Northeast,2024-07-26
2881,Customer 2881,Northeast,2025-09-19
2882,Customer 2882,Midwest,2024-07-16
2883,Customer 2883,Midwest,2024-07-02
2884,Customer 2884,Southeast,2025-01-29
2885,Customer 2885,Southwest,2025-11-07
2886,Customer 2886,Midwest,2024-11-10
2887,Customer 2887,West,2026-07-18
2888,Customer 2888,Midwest,2024-02-14
2889,Customer 2889,Midwest,2024-11-15
2890,Customer 2890,Southeast,2026-03-14
2891,Customer 2891,Southwest,2026-01-01
2892,Customer 2892,Midwest,2025-02-04
2893,Customer 2893,Southwest,2026-04-23
2894,Customer 2894,Southeast,2025-05-02
2895,Customer 2895,Northeast,2024-10-19
2896,Customer 2896,West,2026-06-30
2897,Customer 2897,Southwest,2024-08-11
2898,Customer 2898,Northeast,2026-01-25
2899,Customer 2899,West,2024-07-29
2900,Customer 2900,Southeast,2024-06-06
2901,Customer 2901,Midwest,2025-09-18
2902,Customer 2902,Midwest,2024-04-22
2903,Customer 2903,Southeast,2024-02-08
2904,Customer 2904,Southeast,2025-06-17
2905,Customer 2905,Northeast,2024-04-02
2906,Customer 2906,Southwest,2025-01-02
2907,Customer 2907,Midwest,2025-08-23
2908,Customer 2908,Northeast,2026-03-30
2909,Customer 2909,Northeast,2024-08-14
2910,Customer 2910,West,2024-09-09
2911,Customer 2911,Northeast,2026-06-07
2912,Customer 2912,Midwest,2024-04-12
2913,Customer 2913,Southwest,2025-03-30
2914,Customer 2914,Southeast,2026-05-06
2915,Customer 2915,Northeast,2025-02-09
2916,Customer 2916,Midwest,2024-09-09
2917,Customer 2917,Southwest,2026-07-25
2918,Customer 2918,Southwest,2024-04-12
2919,Customer 2919,Southwest,2026-04-07
2920,Customer 2920,West,2025-12-20
2921,Customer 2921,Southeast,2026-03-18
2922,Customer 2922,Southwest,2026-03-22
2923,Customer 2923,Southeast,2024-12-13
2924,Customer 2924,Midwest,2024-12-17
2925,Customer 2925,Southwest,2024-04-15
2926,Customer 2926,West,2024-08-28
2927,Customer 2927,Northeast,2025-01-30
2928,Customer 2928,West,2025-09-17
2929,Customer 2929,Midwest,2026-04-21
2930,Customer 2930,Southwest,2024-12-29
2931,Customer 2931,Midwest,2024-04-26
2932,Customer 2932,Northeast,2024-06-30
2933,Customer 2933,Southwest,2024-12-23
2934,Customer 2934,West,2024-05-20
2935,Customer 2935,Southwest,2025-05-31
2936,Customer 2936,West,2025-06-27
2937,Customer 2937,West,2025-01-28
2938,Customer 2938,Northeast,2026-02-28
2939,Customer 2939,Midwest,2025-11-23
2940,Customer 2940,West,2024-06-04
2941,Customer 2941,Southwest,2025-10-16
2942,Customer 2942,West,2024-12-30
2943,Customer 2943,Northeast,2026-07-24
2944,Customer 2944,Northeast,2024-01-24
2945,Customer 2945,Southwest,2025-10-18
2946,Customer 2946,West,2025-01-19
2947,Customer 2947,Northeast,2024-05-10
2948,Customer 2948,West,2024-11-02
2949,Customer 2949,Midwest,2025-08-24
2950,Customer 2950,West,2026-01-05
2951,Customer 2951,West,2024-08-15
2952,Customer 2952,Southeast,2026-04-06
2953,Customer 2953,West,2024-05-29
2954,Customer 2954,West,2025-02-08
2955,Customer 2955,West,2026-01-19
2956,Customer 2956,Southeast,2024-01-09
2957,Customer 2957,Northeast,2024-08-16
2958,Customer 2958,Northeast,2024-09-30
2959,Customer 2959,Northeast,2024-12-11
2960,Customer 2960,Southwest,2024-12-17
2961,Customer 2961,Southwest,2025-05-05
2962,Customer 2962,Southeast,2026-01-28
2963,Customer 2963,Southeast,2024-09-08
2964,Customer 2964,West,2025-12-11
2965,Customer 2965,Southwest,2024-09-04
2966,Customer 2966,Midwest,2026-07-13
2967,Customer 2967,Northeast,2024-05-22
2968,Customer 2968,West,2026-02-09
2969,Customer 2969,Southwest,2025-02-26
2970,Customer 2970,Northeast,2025-07-10
2971,Customer 2971,Midwest,2026-08-04
2972,Customer 2972,Northeast,2026-01-20
2973,Customer 2973,Southeast,2025-05-17
2974,Customer 2974,Southwest,2025-08-19
2975,Customer 2975,West,2026-01-29
2976,Customer 2976,Northeast,2024-10-06
2977,Customer 2977,Southwest,
2978,Customer 2978,Northeast,2024-09-02
2979,Customer 2979,Southwest,2025-07-13
2980,Customer 2980,Southeast,2026-07-02
2981,Customer 2981,Midwest,2024-03-06
2982,Customer 2982,Midwest,2024-02-28
2983,Customer 2983,Midwest,2024-12-06
2984,Customer 2984,West,2025-09-20
2985,Customer 2985,Northeast,2024-06-19
2986,Customer 2986,Midwest,2026-01-31
2987,Customer 2987,Southeast,2025-10-13
2988,Customer 2988,Southeast,2026-02-21
2989,Customer 2989,Southwest,2024-09-28
2990,Customer 2990,Southeast,2026-04-10
2991,Customer 2991,Southeast,2025-07-15
2992,Customer 2992,Southeast,2025-08-19
2993,Customer 2993,Southwest,2025-10-16
2994,Customer 2994,Southeast,2025-02-27
2995,Customer 2995,Midwest,2026-05-14
2996,Customer 2996,Midwest,2024-03-27
2997,Customer 2997,Midwest,2024-08-25
2998,Customer 2998,West,2026-02-18
2999,Customer 2999,West,2025-06-13
3000,Customer 3000,Northeast,2026-04-24
3001,Customer 3001,Southwest,2024-08-26
3002,Customer 3002,Southeast,
3003,Customer 3003,Northeast,2025-11-23
3004,Customer 3004,Southeast,2026-02-12
3005,Customer 3005,Northeast,2026-08-19
3006,Customer 3006,Southeast,
3007,Customer 3007,Northeast,
3008,Customer 3008,Northeast,2024-03-27
3009,Customer 3009,Midwest,2025-12-26
3010,Customer 3010,Southwest,2026-01-14
3011,Customer 3011,Southwest,2024-07-02
3012,Customer 3012,Southeast,2025-04-06
3013,Customer 3013,Midwest,2024-01-09
3014,Customer 3014,Southwest,2025-01-15
3015,Customer 3015,Southeast,2026-02-16
3016,Customer 3016,Southwest,2024-01-17
3017,Customer 3017,Southwest,2024-05-01
3018,Customer 3018,Midwest,2026-03-31
3019,Customer 3019,Northeast,2024-07-02
3020,Customer 3020,Southwest,
3021,Customer 3021,Southwest,2026-06-18
3022,Customer 3022,West,2025-03-23
3023,Customer 3023,Southwest,2026-03-28
3024,Customer 3024,Northeast,2026-03-22
3025,Customer 3025,Northeast,2025-05-22
3026,Customer 3026,Southeast,2024-07-31
3027,Customer 3027,Southeast,2024-03-01
3028,Customer 3028,Northeast,2026-02-02
3029,Customer 3029,West,2024-05-17
3030,Customer 3030,Southwest,2025-10-21
3031,Customer 3031,Southeast,2025-12-01
3032,Customer 3032,Midwest,2024-08-22
3033,Customer 3033,West,2024-07-26
3034,Customer 3034,Southeast,2025-04-09
3035,Customer 3035,Southwest,2024-10-13
3036,Customer 3036,Midwest,
3037,Customer 3037,Midwest,2025-05-28
3038,Customer 3038,West,2026-01-30
3039,Customer 3039,Southwest,2024-11-18
3040,Customer 3040,Southwest,2024-10-16
3041,Customer 3041,Southwest,2026-03-26
3042,Customer 3042,Southeast,2025-03-13
3043,Customer 3043,Southeast,2026-08-08
3044,Customer 3044,Southeast,2024-06-15
3045,Customer 3045,Southwest,
3046,Customer 3046,Southeast,2026-05-30
3047,Customer 3047,West,2026-03-22
3048,Customer 3048,Southwest,2024-04-15
3049,Customer 3049,Midwest,2025-09-16
3050,Customer 3050,Southeast,2026-08-13
3051,Customer 3051,Midwest,2026-01-21
3052,Customer 3052,Southeast,2024-10-27
3053,Customer 3053,Midwest,2024-05-11
3054,Customer 3054,West,2024-04-12
3055,Customer 3055,Southwest,2024-12-08
3056,Customer 3056,Northeast,2026-07-29
3057,Customer 3057,Southeast,2024-11-26
3058,Customer 3058,Southeast,2026-08-14
3059,Customer 3059,Southwest,2025-11-07
3060,Customer 3060,Midwest,2025-02-04
3061,Customer 3061,Southeast,2025-06-05
3062,Customer 3062,Southeast,2025-03-21
3063,Customer 3063,Southeast,2024-06-30
3064,Customer 3064,Midwest,2025-09-01
3065,Customer 3065,Southwest,2025-04-07
3066,Customer 3066,Midwest,2025-02-11
3067,Customer 3067,Northeast,2024-07-05
3068,Customer 3068,Southwest,2024-11-26
3069,Customer 3069,Midwest,2026-02-24
3070,Customer 3070,Southwest,2025-03-17
3071,Customer 3071,Southwest,2026-07-09
3072,Customer 3072,Midwest,2026-06-05
3073,Customer 3073,Southwest,2026-01-03
3074,Customer 3074,Southeast,2025-04-07
3075,Customer 3075,Southwest,2026-05-08
3076,Customer 3076,Midwest,2026-02-03
3077,Customer 3077,West,2024-01-16
3078,Customer 3078,Southeast,2026-08-09
3079,Customer 3079,Northeast,2025-05-15
3080,Customer 3080,Northeast,
3081,Customer 3081,Midwest,2024-07-04
3082,Customer 3082,Northeast,2025-08-02
3083,Customer 3083,Southwest,2026-07-01
3084,Customer 3084,Southwest,2025-09-15
3085,Customer 3085,Southwest,2024-07-26
3086,Customer 3086,Southeast,2025-02-02
3087,Customer 3087,Midwest,2024-01-26
3088,Customer 3088,Southwest,2026-08-01
3089,Customer 3089,Northeast,2026-04-24
3090,Customer 3090,Southeast,2026-04-15
3091,Customer 3091,West,2025-04-03
3092,Customer 3092,Southeast,2026-07-02
3093,Customer 3093,Southeast,2025-03-16
3094,Customer 3094,Southeast,2024-12-21
3095,Customer 3095,Midwest,2025-10-01
3096,Customer 3096,Southeast,2026-06-06
3097,Customer 3097,Southwest,2025-09-07
3098,Customer 3098,Southwest,2025-01-19
3099,Customer 3099,Midwest,
3100,Customer 3100,Southeast,2024-09-11
3101,Customer 3101,Southeast,2025-08-04
3102,Customer 3102,West,2025-04-19
3103,Customer 3103,Midwest,2025-04-04
3104,Customer 3104,Midwest,2024-10-30
3105,Customer 3105,Midwest,2026-01-13
3106,Customer 3106,Midwest,2024-06-04
3107,Customer 3107,West,2025-07-16
3108,Customer 3108,West,2026-03-24
3109,Customer 3109,West,2026-04-21
3110,Customer 3110,Southwest,2024-04-17
3111,Customer 3111,Southeast,2024-04-24
3112,Customer 3112,Southeast,2025-03-15
3113,Customer 3113,Southwest,2025-08-29
3114,Customer 3114,Northeast,2025-02-09
3115,Customer 3115,Southwest,2025-11-26
3116,Customer 3116,Northeast,
3117,Customer 3117,Northeast,2025-03-29
3118,Customer 3118,Southwest,2026-06-24
3119,Customer 3119,Midwest,2024-07-07
3120,Customer 3120,Southwest,2024-02-26
3121,Customer 3121,Southeast,2025-06-25
3122,Customer 3122,West,2026-08-06
3123,Customer 3123,Northeast,2025-05-12
3124,Customer 3124,West,2025-12-06
3125,Customer 3125,Southwest,2024-07-17
3126,Customer 3126,West,2026-05-15
3127,Customer 3127,West,2025-02-04
3128,Customer 3128,Southwest,2025-05-20
3129,Customer 3129,Midwest,2025-02-04
3130,Customer 3130,Southeast,2026-04-18
3131,Customer 3131,Southwest,2024-02-04
3132,Customer 3132,Southwest,2024-10-03
3133,Customer 3133,Southwest,2024-01-21
3134,Customer 3134,Northeast,2024-10-17
3135,Customer 3135,Southwest,2025-07-22
3136,Customer 3136,Southwest,2025-10-08
3137,Customer 3137,Southwest,2026-05-09
3138,Customer 3138,Southwest,2024-06-28
3139,Customer 3139,Southeast,2025-12-04
3140,Customer 3140,Southeast,2024-04-12
3141,Customer 3141,West,2024-02-25
3142,Customer 3142,Midwest,2025-12-23
3143,Customer 3143,Midwest,2024-02-02
3144,Customer 3144,Midwest,2024-10-12
3145,Customer 3145,Southwest,2026-01-06
3146,Customer 3146,Northeast,2025-03-19
3147,Customer 3147,Southeast,2024-08-14
3148,Customer 3148,West,2024-11-19
3149,Customer 3149,Southwest,2024-01-02
3150,Customer 3150,Southeast,2026-04-22
3151,Customer 3151,Northeast,2024-04-21
3152,Customer 3152,West,2025-06-07
3153,Customer 3153,Midwest,2024-02-25
3154,Customer 3154,Southeast,2025-10-20
3155,Customer 3155,Midwest,2024-06-21
3156,Customer 3156,Southeast,2026-02-21
3157,Customer 3157,Southwest,2026-07-21
3158,Customer 3158,Northeast,2024-03-31
3159,Customer 3159,Northeast,2024-04-13
3160,Customer 3160,Northeast,2025-07-25
3161,Customer 3161,Southeast,2024-04-05
3162,Customer 3162,Midwest,2026-04-12
3163,Customer 3163,Southeast,2024-06-18
3164,Customer 3164,Southwest,2026-04-07
3165,Customer 3165,Northeast,
3166,Customer 3166,West,2025-07-23
3167,Customer 3167,Southwest,2024-05-17
3168,Customer 3168,Southeast,2024-01-20
3169,Customer 3169,Southwest,2024-03-30
3170,Customer 3170,Midwest,2025-10-14
3171,Customer 3171,West,2024-03-17
3172,Customer 3172,Southwest,2026-05-04
3173,Customer 3173,West,2025-09-21
3174,Customer 3174,West,2024-10-15
3175,Customer 3175,West,2026-02-04
3176,Customer 3176,Southeast,2026-03-13
3177,Customer 3177,Northeast,2024-12-30
3178,Customer 3178,Southwest,
3179,Customer 3179,Midwest,2025-01-21
3180,Customer 3180,Northeast,2024-06-21
3181,Customer 3181,Northeast,2025-12-26
3182,Customer 3182,West,2025-02-18
3183,Customer 3183,West,2026-02-22
3184,Customer 3184,Midwest,2025-09-12
3185,Customer 3185,West,2024-03-12
3186,Customer 3186,Southwest,2025-05-10
3187,Customer 3187,Southeast,2024-06-23
3188,Customer 3188,Midwest,2025-09-19
3189,Customer 3189,Southwest,2024-11-24
3190,Customer 3190,Northeast,2024-12-26
3191,Customer 3191,Northeast,2025-01-15
3192,Customer 3192,West,2026-05-16
3193,Customer 3193,Northeast,2025-08-30
3194,Customer 3194,Southwest,
3195,Customer 3195,Southeast,2026-03-10
3196,Customer 3196,Southeast,2024-05-26
3197,Customer 3197,Northeast,2024-04-18
3198,Customer 3198,Midwest,2024-04-21
3199,Customer 3199,Southwest,2024-12-05
3200,Customer 3200,Northeast,2026-05-14
3201,Customer 3201,Southwest,2024-07-29
3202,Customer 3202,West,2025-01-22
3203,Customer 3203,West,2026-01-03
3204,Customer 3204,Northeast,2025-09-11
3205,Customer 3205,Midwest,2024-07-02
3206,Customer 3206,West,2026-06-05
3207,Customer 3207,Midwest,2024-03-19
3208,Customer 3208,Midwest,2026-07-21
3209,Customer 3209,Northeast,2025-03-31
3210,Customer 3210,Southeast,2024-02-05
3211,Customer 3211,Northeast,2025-12-03
3212,Customer 3212,West,2026-02-02
3213,Customer 3213,Southwest,2026-08-11
3214,Customer 3214,Southeast,2026-04-24
3215,Customer 3215,Northeast,2024-08-03
3216,Customer 3216,Northeast,2025-08-04
3217,Customer 3217,West,2024-08-11
3218,Customer 3218,Midwest,
3219,Customer 3219,Northeast,2024-12-12
3220,Customer 3220,West,2024-08-21
3221,Customer 3221,Southeast,2024-08-07
3222,Customer 3222,Midwest,2025-07-11
3223,Customer 3223,Southwest,
3224,Customer 3224,Southwest,2025-12-10
3225,Customer 3225,West,2026-02-21
3226,Customer 3226,Northeast,
3227,Customer 3227,Midwest,2026-05-06
3228,Customer 3228,Northeast,2024-08-19
3229,Customer 3229,Southwest,2025-03-05
3230,Customer 3230,West,2026-02-09
3231,Customer 3231,West,2025-08-26
3232,Customer 3232,Southeast,2025-02-11
3233,Customer 3233,Midwest,2025-11-25
3234,Customer 3234,Southeast,2025-07-24
3235,Customer 3235,Southwest,2025-11-22
3236,Customer 3236,Northeast,2026-08-15
3237,Customer 3237,Northeast,2025-08-23
3238,Customer 3238,Southeast,2024-04-26
3239,Customer 3239,Southwest,2025-09-24
3240,Customer 3240,Midwest,2026-07-25
3241,Customer 3241,Midwest,2024-01-24
3242,Customer 3242,Southwest,2025-12-09
3243,Customer 3243,Midwest,2024-10-03
3244,Customer 3244,Northeast,2024-01-09
3245,Customer 3245,Northeast,2024-05-23
3246,Customer 3246,Northeast,2025-08-23
3247,Customer 3247,Northeast,2024-01-28
3248,Customer 3248,Midwest,2025-05-22
3249,Customer 3249,Northeast,2025-02-19
3250,Customer 3250,Midwest,2025-04-13
3251,Customer 3251,Southeast,2024-02-19
3252,Customer 3252,Midwest,2025-06-23
3253,Customer 3253,Midwest,2024-08-13
3254,Customer 3254,West,2026-02-27
3255,Customer 3255,Midwest,
3256,Customer 3256,Northeast,2025-08-06
3257,Customer 3257,Midwest,2026-03-09
3258,Customer 3258,Southeast,2024-02-27
3259,Customer 3259,West,2025-02-01
3260,Customer 3260,West,2026-06-05
3261,Customer 3261,Midwest,2024-04-18
3262,Customer 3262,Northeast,2024-06-06
3263,Customer 3263,Southwest,2024-04-25
3264,Customer 3264,Southwest,2024-08-31
3265,Customer 3265,West,2025-07-04
3266,Customer 3266,Southeast,2025-01-13
3267,Customer 3267,Midwest,2025-09-23
3268,Customer 3268,Southeast,2024-06-24
3269,Customer 3269,Midwest,2024-07-02
3270,Customer 3270,West,2025-01-22
3271,Customer 3271,Midwest,2025-10-17
3272,Customer 3272,Southeast,2024-11-09
3273,Customer 3273,Midwest,2024-02-16
3274,Customer 3274,Southwest,2026-02-06
3275,Customer 3275,Midwest,2024-02-20
3276,Customer 3276,Southeast,2025-03-16
3277,Customer 3277,Northeast,2026-05-17
3278,Customer 3278,Northeast,2026-03-16
3279,Customer 3279,Southwest,2026-05-29
3280,Customer 3280,Midwest,2025-11-15
3281,Customer 3281,West,2024-12-08
3282,Customer 3282,Southwest,2025-01-06
3283,Customer 3283,West,2025-06-19
3284,Customer 3284,West,2026-03-06
3285,Customer 3285,Southeast,2025-09-18
3286,Customer 3286,West,2026-04-08
3287,Customer 3287,Northeast,2024-02-29
3288,Customer 3288,Midwest,2024-01-08
3289,Customer 3289,Southeast,2024-01-20
3290,Customer 3290,Northeast,2025-10-17
3291,Customer 3291,Southwest,2025-11-20
3292,Customer 3292,Southeast,2026-06-25
3293,Customer 3293,West,2025-10-12
3294,Customer 3294,Midwest,2024-03-10
3295,Customer 3295,Northeast,2025-02-27
3296,Customer 3296,Southeast,2024-01-20
3297,Customer 3297,Southwest,2024-10-01
3298,Customer 3298,Southeast,2024-12-01
3299,Customer 3299,Southeast,
3300,Customer 3300,Northeast,2025-08-27
3301,Customer 3301,West,2026-04-05
3302,Customer 3302,Southeast,2025-10-26
3303,Customer 3303,Northeast,
3304,Customer 3304,West,2025-10-28
3305,Customer 3305,Southwest,2025-12-29
3306,Customer 3306,West,2025-01-10
3307,Customer 3307,Northeast,2024-08-01
3308,Customer 3308,Southwest,2025-03-02
3309,Customer 3309,West,2026-05-04
3310,Customer 3310,Southwest,2026-02-15
3311,Customer 3311,West,2024-12-22
3312,Customer 3312,Southwest,2025-11-06
3313,Customer 3313,Northeast,2025-06-18
3314,Customer 3314,Northeast,2024-11-11
3315,Customer 3315,Southwest,2025-02-14
3316,Customer 3316,Northeast,2024-04-04
3317,Customer 3317,Midwest,2026-02-02
3318,Customer 3318,West,2025-05-24
3319,Customer 3319,Northeast,2026-03-29
3320,Customer 3320,Midwest,2024-11-23
3321,Customer 3321,Northeast,2025-08-07
3322,Customer 3322,Southeast,2024-12-26
3323,Customer 3323,Midwest,2026-06-14
3324,Customer 3324,West,2026-04-04
3325,Customer 3325,Southwest,2024-07-29
3326,Customer 3326,West,2025-04-19
3327,Customer 3327,Southeast,2025-02-19
3328,Customer 3328,Northeast,2024-04-16
3329,Customer 3329,Midwest,2026-05-27
3330,Customer 3330,Midwest,2025-08-13
3331,Customer 3331,Southwest,2024-05-26
3332,Customer 3332,Northeast,2026-03-03
3333,Customer 3333,Southwest,2024-04-12
3334,Customer 3334,West,2024-04-10
3335,Customer 3335,Southeast,2026-01-23
3336,Customer 3336,Midwest,2025-11-08
3337,Customer 3337,Southeast,2025-10-16
3338,Customer 3338,Northeast,2025-10-08
3339,Customer 3339,West,2025-11-22
3340,Customer 3340,Southeast,2024-03-23
3341,Customer 3341,Northeast,2025-03-03
3342,Customer 3342,Northeast,2024-07-26
3343,Customer 3343,Northeast,2026-01-12
3344,Customer 3344,Midwest,2025-01-24
3345,Customer 3345,West,2025-12-15
3346,Customer 3346,Midwest,2025-02-09
3347,Customer 3347,Southeast,2026-08-18
3348,Customer 3348,Midwest,2025-05-19
3349,Customer 3349,Northeast,2024-05-18
3350,Customer 3350,Southwest,2025-06-18
3351,Customer 3351,Midwest,2025-09-24
3352,Customer 3352,Northeast,2024-09-11
3353,Customer 3353,Southeast,2026-06-17
3354,Customer 3354,Southwest,2026-05-30
3355,Customer 3355,Midwest,2025-09-30
3356,Customer 3356,Southwest,2026-07-31
3357,Customer 3357,Southwest,2026-04-14
3358,Customer 3358,Northeast,2024-10-15
3359,Customer 3359,Southwest,2026-07-06
3360,Customer 3360,Midwest,2025-05-02
3361,Customer 3361,Midwest,
3362,Customer 3362,Southeast,2026-08-24
3363,Customer 3363,Southeast,2025-01-19
3364,Customer 3364,Southwest,2024-03-08
3365,Customer 3365,Midwest,2025-03-15
3366,Customer 3366,Northeast,2024-08-25
3367,Customer 3367,Southwest,2026-02-19
3368,Customer 3368,Southeast,2026-01-04
3369,Customer 3369,Southwest,2024-03-26
3370,Customer 3370,Southwest,2026-03-20
3371,Customer 3371,Southwest,2025-12-09
3372,Customer 3372,West,2024-10-17
3373,Customer 3373,Southeast,2024-04-12
3374,Customer 3374,Midwest,2025-01-10
3375,Customer 3375,West,2024-11-07
3376,Customer 3376,Southeast,2024-09-10
3377,Customer 3377,Midwest,2024-01-29
3378,Customer 3378,Southwest,2026-04-14
3379,Customer 3379,Midwest,2024-08-23
3380,Customer 3380,West,2025-04-27
3381,Customer 3381,Southwest,2025-03-18
3382,Customer 3382,Northeast,2024-06-27
3383,Customer 3383,Midwest,2024-10-28
3384,Customer 3384,Northeast,2025-10-27
3385,Customer 3385,West,2025-12-13
3386,Customer 3386,West,2024-05-16
3387,Customer 3387,West,2025-05-01
3388,Customer 3388,West,2025-12-13
3389,Customer 3389,West,2026-04-10
3390,Customer 3390,West,2024-12-17
3391,Customer 3391,Southeast,2024-06-25
3392,Customer 3392,Midwest,2025-02-14
3393,Customer 3393,Northeast,2024-11-15
3394,Customer 3394,Northeast,2024-04-23
3395,Customer 3395,Midwest,2025-03-02
3396,Customer 3396,Southeast,2026-03-06
3397,Customer 3397,Midwest,2024-04-05
3398,Customer 3398,Southeast,2025-06-24
3399,Customer 3399,Northeast,2025-12-24
3400,Customer 3400,Southeast,2026-01-14
3401,Customer 3401,Midwest,2024-02-05
3402,Customer 3402,Midwest,2025-11-06
3403,Customer 3403,Southeast,2024-07-17
3404,Customer 3404,Midwest,2024-11-19
3405,Customer 3405,Southeast,2026-08-12
3406,Customer 3406,Southwest,2026-06-18
3407,Customer 3407,West,2024-05-21
3408,Customer 3408,West,2026-03-19
3409,Customer 3409,Southwest,2024-03-01
3410,Customer 3410,Northeast,2025-01-21
3411,Customer 3411,Southeast,2025-10-11
3412,Customer 3412,Midwest,2025-04-10
3413,Customer 3413,West,2025-06-01
3414,Customer 3414,West,2025-08-14
3415,Customer 3415,West,
3416,Customer 3416,Northeast,2024-01-26
3417,Customer 3417,Midwest,2024-11-26
3418,Customer 3418,West,2024-11-25
3419,Customer 3419,Midwest,2025-03-27
3420,Customer 3420,Southwest,2026-07-13
3421,Customer 3421,Northeast,2026-02-20
3422,Customer 3422,Northeast,2024-05-15
3423,Customer 3423,Northeast,2025-11-07
3424,Customer 3424,West,2024-12-05
3425,Customer 3425,Midwest,2026-08-08
3426,Customer 3426,Southwest,2024-05-31
3427,Customer 3427,Southeast,2024-06-26
3428,Customer 3428,Northeast,2024-10-11
3429,Customer 3429,Southwest,2024-10-12
3430,Customer 3430,Southeast,2025-03-13
3431,Customer 3431,West,2025-07-23
3432,Customer 3432,Northeast,2026-03-28
3433,Customer 3433,West,2025-03-27
3434,Customer 3434,Southwest,2025-12-05
3435,Customer 3435,Northeast,2025-09-01
3436,Customer 3436,Northeast,2024-11-20
3437,Customer 3437,Southwest,2025-12-25
3438,Customer 3438,Midwest,2025-02-17
3439,Customer 3439,Southeast,2025-10-29
3440,Customer 3440,Southeast,2026-04-25
3441,Customer 3441,Midwest,2024-07-28
3442,Customer 3442,West,2026-05-18
3443,Customer 3443,West,2026-05-08
3444,Customer 3444,Midwest,2026-04-20
3445,Customer 3445,Northeast,2025-12-17
3446,Customer 3446,Midwest,2025-05-16
3447,Customer 3447,Northeast,2024-12-25
3448,Customer 3448,Southeast,2024-11-06
3449,Customer 3449,Midwest,2026-01-07
3450,Customer 3450,Midwest,2024-12-22
3451,Customer 3451,Midwest,2024-11-29
3452,Customer 3452,West,2025-03-15
3453,Customer 3453,Southwest,2026-02-27
3454,Customer 3454,West,2026-04-19
3455,Customer 3455,West,2026-08-12
3456,Customer 3456,West,2025-12-24
3457,Customer 3457,Southwest,2024-11-14
3458,Customer 3458,Southwest,2024-01-10
3459,Customer 3459,Midwest,2026-03-11
3460,Customer 3460,Midwest,2024-07-17
3461,Customer 3461,Midwest,2024-03-21
3462,Customer 3462,West,2024-03-03
3463,Customer 3463,Southwest,2024-04-29
3464,Customer 3464,West,2025-06-30
3465,Customer 3465,Midwest,2024-10-05
3466,Customer 3466,Northeast,2024-06-02
3467,Customer 3467,Northeast,2025-09-06
3468,Customer 3468,West,2025-07-18
3469,Customer 3469,Southeast,2025-08-01
3470,Customer 3470,Midwest,2025-09-14
3471,Customer 3471,Northeast,2024-05-30
3472,Customer 3472,Northeast,2025-12-23
3473,Customer 3473,Northeast,2025-03-16
3474,Customer 3474,Southwest,2024-05-22
3475,Customer 3475,West,2025-04-02
3476,Customer 3476,Southeast,2026-08-15
3477,Customer 3477,Southeast,2025-02-12
3478,Customer 3478,Northeast,2025-02-21
3479,Customer 3479,Northeast,2025-05-14
3480,Customer 3480,Southeast,2025-02-08
3481,Customer 3481,Southwest,2025-06-27
3482,Customer 3482,Southwest,2025-03-26
3483,Customer 3483,West,2025-12-21
3484,Customer 3484,Southeast,2025-11-12
3485,Customer 3485,West,2025-01-22
3486,Customer 3486,Midwest,2024-04-27
3487,Customer 3487,Southeast,2024-06-18
3488,Customer 3488,Southeast,2024-05-02
3489,Customer 3489,Midwest,2025-02-25
3490,Customer 3490,Southeast,2024-08-10
3491,Customer 3491,Northeast,2025-06-30
3492,Customer 3492,West,2025-02-04
3493,Customer 3493,Northeast,2024-01-12
3494,Customer 3494,Northeast,2025-09-02
3495,Customer 3495,Northeast,2025-08-18
3496,Customer 3496,Southeast,
3497,Customer 3497,Southwest,2024-03-25
3498,Customer 3498,Midwest,2025-08-29
3499,Customer 3499,West,2025-03-24
3500,Customer 3500,West,2024-03-18
3501,Customer 3501,Northeast,
3502,Customer 3502,Southeast,2024-07-03
3503,Customer 3503,Northeast,2025-05-21
3504,Customer 3504,Midwest,2026-03-21
3505,Customer 3505,Southeast,2024-12-21
3506,Customer 3506,Southwest,2025-03-13
3507,Customer 3507,Midwest,2025-10-05
3508,Customer 3508,Southwest,2026-07-14
3509,Customer 3509,Southwest,
3510,Customer 3510,Northeast,2026-05-07
3511,Customer 3511,Southeast,2026-05-23
3512,Customer 3512,West,2025-09-15
3513,Customer 3513,Southwest,2025-01-31
3514,Customer 3514,Southeast,
3515,Customer 3515,Southwest,2026-01-09
3516,Customer 3516,Midwest,2026-07-09
3517,Customer 3517,Southwest,2025-08-26
3518,Customer 3518,West,2026-01-17
3519,Customer 3519,Southwest,2024-12-17
3520,Customer 3520,West,2026-08-09
3521,Customer 3521,Southeast,2024-01-13
3522,Customer 3522,Southeast,2024-05-10
3523,Customer 3523,Southwest,2025-04-29
3524,Customer 3524,Southeast,2025-08-07
3525,Customer 3525,Southeast,2026-03-03
3526,Customer 3526,Midwest,2024-03-27
3527,Customer 3527,Southwest,2024-08-31
3528,Customer 3528,Southwest,2024-10-24
3529,Customer 3529,Northeast,2025-07-22
3530,Customer 3530,Northeast,2024-03-25
3531,Customer 3531,Southeast,2026-02-02
3532,Customer 3532,West,2025-03-11
3533,Customer 3533,West,2025-11-30
3534,Customer 3534,Southeast,
3535,Customer 3535,West,2026-08-12
3536,Customer 3536,West,2026-05-06
3537,Customer 3537,Southeast,2025-08-29
3538,Customer 3538,Midwest,2025-10-02
3539,Customer 3539,West,2024-05-19
3540,Customer 3540,Midwest,2024-09-27
3541,Customer 3541,Northeast,2025-12-10
3542,Customer 3542,Northeast,2026-07-19
3543,Customer 3543,West,2024-08-05
3544,Customer 3544,Southeast,
3545,Customer 3545,Northeast,2025-02-02
3546,Customer 3546,Southeast,2024-02-21
3547,Customer 3547,Southwest,2024-03-03
3548,Customer 3548,Southeast,2025-01-14
3549,Customer 3549,Southwest,2024-08-08
3550,Customer 3550,Midwest,2024-04-03
3551,Customer 3551,West,2024-09-29
3552,Customer 3552,Northeast,2025-09-16
3553,Customer 3553,Northeast,2024-05-09
3554,Customer 3554,Southeast,2025-10-09
3555,Customer 3555,West,2025-03-07
3556,Customer 3556,West,2025-06-30
3557,Customer 3557,Midwest,2024-03-20
3558,Customer 3558,Southwest,2026-01-18
3559,Customer 3559,Southwest,2025-10-11
3560,Customer 3560,Northeast,2025-11-11
3561,Customer 3561,West,2025-10-30
3562,Customer 3562,West,2024-08-01
3563,Customer 3563,Midwest,2025-02-22
3564,Customer 3564,Midwest,2025-04-14
3565,Customer 3565,Northeast,2026-03-19
3566,Customer 3566,Northeast,2026-02-28
3567,Customer 3567,Northeast,2024-11-01
3568,Customer 3568,Southwest,2024-07-24
3569,Customer 3569,Northeast,2026-03-21
3570,Customer 3570,Southwest,2024-03-03
3571,Customer 3571,West,
3572,Customer 3572,Southwest,2024-04-07
3573,Customer 3573,West,2024-09-22
3574,Customer 3574,Southwest,2025-12-02
3575,Customer 3575,Northeast,2024-07-13
3576,Customer 3576,Southeast,2024-10-28
3577,Customer 3577,Southwest,2025-06-15
3578,Customer 3578,Midwest,2025-01-07
3579,Customer 3579,Southwest,
3580,Customer 3580,West,2024-04-22
3581,Customer 3581,Southeast,2024-11-20
3582,Customer 3582,Southwest,2025-09-05
3583,Customer 3583,Midwest,2025-10-10
3584,Customer 3584,West,
3585,Customer 3585,Midwest,2024-02-21
3586,Customer 3586,Northeast,2025-04-04
3587,Customer 3587,Midwest,2025-08-08
3588,Customer 3588,Midwest,2024-01-10
3589,Customer 3589,Southwest,2024-06-02
3590,Customer 3590,West,2024-10-31
3591,Customer 3591,Northeast,2026-08-02
3592,Customer 3592,Northeast,2025-12-21
3593,Customer 3593,Southwest,2024-05-04
3594,Customer 3594,Northeast,
3595,Customer 3595,Midwest,2024-11-19
3596,Customer 3596,Northeast,2025-06-19
3597,Customer 3597,Southeast,
3598,Customer 3598,Midwest,2025-04-09
3599,Customer 3599,Southeast,2026-04-09
3600,Customer 3600,Midwest,2025-11-03
3601,Customer 3601,Northeast,2024-08-19
3602,Customer 3602,West,2024-01-11
3603,Customer 3603,Midwest,2024-12-04
3604,Customer 3604,Southwest,2025-08-07
3605,Customer 3605,Midwest,2026-04-06
3606,Customer 3606,Southeast,2025-04-12
3607,Customer 3607,Midwest,2024-02-14
3608,Customer 3608,Midwest,2024-01-28
3609,Customer 3609,West,2026-01-12
3610,Customer 3610,Southwest,2025-08-04
3611,Customer 3611,Northeast,2025-01-09
3612,Customer 3612,Southwest,2025-01-04
3613,Customer 3613,Southwest,2024-02-24
3614,Customer 3614,Midwest,2026-05-03
3615,Customer 3615,West,2025-12-07
3616,Customer 3616,Midwest,2026-01-02
3617,Customer 3617,Southeast,2025-12-19
3618,Customer 3618,Northeast,2025-06-19
3619,Customer 3619,Southeast,2024-06-23
3620,Customer 3620,Southwest,2024-08-17
3621,Customer 3621,Midwest,2026-01-12
3622,Customer 3622,Southwest,2025-03-07
3623,Customer 3623,Southwest,2026-08-12
3624,Customer 3624,Southwest,2025-05-18
3625,Customer 3625,Northeast,2026-04-04
3626,Customer 3626,West,2026-08-08
3627,Customer 3627,Midwest,2025-08-17
3628,Customer 3628,Midwest,2025-12-11
3629,Customer 3629,Southwest,2024-06-23
3630,Customer 3630,Southeast,2024-12-15
3631,Customer 3631,Northeast,2024-01-07
3632,Customer 3632,Southwest,2025-10-15
3633,Customer 3633,Southeast,2026-08-12
3634,Customer 3634,West,2025-02-02
3635,Customer 3635,Midwest,2025-09-20
3636,Customer 3636,Southwest,2026-08-08
3637,Customer 3637,Midwest,2024-05-31
3638,Customer 3638,West,2025-08-01
3639,Customer 3639,Southeast,2024-07-03
3640,Customer 3640,Southwest,2025-11-29
3641,Customer 3641,Southeast,2026-06-23
3642,Customer 3642,West,2024-07-20
3643,Customer 3643,Midwest,2025-10-08
3644,Customer 3644,Southeast,2026-06-30
3645,Customer 3645,Midwest,2024-04-15
3646,Customer 3646,Midwest,
3647,Customer 3647,West,2025-06-05
3648,Customer 3648,Northeast,2025-06-14
3649,Customer 3649,Southeast,2024-05-29
3650,Customer 3650,Southwest,2025-04-08
3651,Customer 3651,Southeast,2025-02-20
3652,Customer 3652,Northeast,2024-11-11
3653,Customer 3653,Southeast,2026-05-03
3654,Customer 3654,Southwest,2025-06-20
3655,Customer 3655,West,2024-04-29
3656,Customer 3656,West,2026-07-17
3657,Customer 3657,Southeast,2026-02-02
3658,Customer 3658,Southeast,2024-07-20
3659,Customer 3659,West,2024-03-10
3660,Customer 3660,Northeast,2024-08-26
3661,Customer 3661,Southwest,2024-09-27
3662,Customer 3662,Southwest,2024-10-23
3663,Customer 3663,Southeast,2024-02-02
3664,Customer 3664,Northeast,2024-08-25
3665,Customer 3665,Midwest,2025-12-07
3666,Customer 3666,Northeast,2025-08-22
3667,Customer 3667,Northeast,2025-08-07
3668,Customer 3668,West,2024-11-02
3669,Customer 3669,Northeast,
3670,Customer 3670,West,2024-05-09
3671,Customer 3671,Northeast,2024-05-13
3672,Customer 3672,Southwest,
3673,Customer 3673,Northeast,2025-07-05
3674,Customer 3674,West,2025-05-29
3675,Customer 3675,Midwest,2024-11-16
3676,Customer 3676,Midwest,2024-05-15
3677,Customer 3677,Southeast,2026-04-18
3678,Customer 3678,Midwest,2024-12-10
3679,Customer 3679,Midwest,2024-02-10
3680,Customer 3680,Southwest,2025-01-16
3681,Customer 3681,West,2025-08-25
3682,Customer 3682,West,2026-06-17
3683,Customer 3683,Southwest,2026-02-10
3684,Customer 3684,West,2024-02-16
3685,Customer 3685,West,2026-03-11
3686,Customer 3686,Southwest,2024-11-04
3687,Customer 3687,Southeast,2024-02-22
3688,Customer 3688,Southwest,2026-05-16
3689,Customer 3689,Southwest,2025-10-24
3690,Customer 3690,Midwest,2024-02-21
3691,Customer 3691,West,2025-03-31
3692,Customer 3692,Midwest,
3693,Customer 3693,Southwest,2026-03-25
3694,Customer 3694,Southwest,2026-05-07
3695,Customer 3695,Southeast,2025-08-06
3696,Customer 3696,West,2025-07-04
3697,Customer 3697,West,2026-03-14
3698,Customer 3698,Midwest,2025-08-20
3699,Customer 3699,Southwest,2025-09-07
3700,Customer 3700,Midwest,2025-03-17
3701,Customer 3701,Southeast,2025-06-03
3702,Customer 3702,Northeast,2024-04-30
3703,Customer 3703,Midwest,2025-02-12
3704,Customer 3704,West,2025-08-01
3705,Customer 3705,Southwest,
3706,Customer 3706,Northeast,2024-09-12
3707,Customer 3707,West,2025-12-08
3708,Customer 3708,Northeast,2026-06-22
3709,Customer 3709,Southwest,2025-09-30
3710,Customer 3710,Northeast,2024-03-29
3711,Customer 3711,Southeast,2025-02-06
3712,Customer 3712,Southeast,2024-02-22
3713,Customer 3713,Southwest,2025-09-25
3714,Customer 3714,Southwest,2025-01-24
3715,Customer 3715,Midwest,2026-05-10
3716,Customer 3716,Southeast,2025-01-05
3717,Customer 3717,Southeast,2024-07-09
3718,Customer 3718,Northeast,2025-11-15
3719,Customer 3719,Midwest,2025-01-05
3720,Customer 3720,Midwest,2024-12-04
3721,Customer 3721,Midwest,2024-05-18
3722,Customer 3722,Southeast,2025-07-03
3723,Customer 3723,Southeast,2024-02-03
3724,Customer 3724,Northeast,2025-09-04
3725,Customer 3725,Southeast,2024-07-01
3726,Customer 3726,Southwest,2025-05-31
3727,Customer 3727,West,2025-10-31
3728,Customer 3728,Northeast,2024-07-10
3729,Customer 3729,Southeast,2025-05-18
3730,Customer 3730,Northeast,2025-11-09
3731,Customer 3731,West,2025-07-02
3732,Customer 3732,Southwest,2025-06-10
3733,Customer 3733,Northeast,2026-01-11
3734,Customer 3734,Midwest,2025-05-24
3735,Customer 3735,West,2025-09-13
3736,Customer 3736,Southwest,2025-07-21
3737,Customer 3737,Northeast,2025-08-12
3738,Customer 3738,Northeast,2026-05-24
3739,Customer 3739,Midwest,2025-05-29
3740,Customer 3740,Southwest,2026-07-06
3741,Customer 3741,Southeast,2024-10-24
3742,Customer 3742,West,2026-01-13
3743,Customer 3743,Southeast,2024-12-31
3744,Customer 3744,Southwest,2024-12-10
3745,Customer 3745,Southeast,2025-08-29
3746,Customer 3746,Southwest,2024-11-14
3747,Customer 3747,Southeast,2025-04-15
3748,Customer 3748,Southeast,2024-04-26
3749,Customer 3749,Midwest,2026-03-06
3750,Customer 3750,Midwest,2026-06-05
3751,Customer 3751,Southeast,2025-04-12
3752,Customer 3752,West,2026-03-04
3753,Customer 3753,West,2026-04-09
3754,Customer 3754,West,2024-06-19
3755,Customer 3755,Northeast,2025-09-25
3756,Customer 3756,West,2025-09-30
3757,Customer 3757,Southeast,2024-07-30
3758,Customer 3758,Midwest,2025-03-27
3759,Customer 3759,West,2025-11-13
3760,Customer 3760,Southwest,2024-10-07
3761,Customer 3761,West,2024-01-13
3762,Customer 3762,Northeast,2024-05-08
3763,Customer 3763,Northeast,2025-05-24
3764,Customer 3764,Southwest,2025-07-25
3765,Customer 3765,Northeast,2024-06-03
3766,Customer 3766,West,2024-03-12
3767,Customer 3767,West,2025-09-11
3768,Customer 3768,Northeast,2025-04-25
3769,Customer 3769,Northeast,2025-03-25
3770,Customer 3770,Southeast,2026-02-24
3771,Customer 3771,Southeast,2026-01-11
3772,Customer 3772,Southwest,
3773,Customer 3773,Midwest,2025-12-03
3774,Customer 3774,Southwest,2025-06-16
3775,Customer 3775,Midwest,2025-02-23
3776,Customer 3776,Southeast,2025-08-15
3777,Customer 3777,West,2025-05-29
3778,Customer 3778,Northeast,
3779,Customer 3779,Southwest,2025-01-27
3780,Customer 3780,West,2025-11-13
3781,Customer 3781,Northeast,2026-07-20
3782,Customer 3782,Midwest,2024-10-26
3783,Customer 3783,West,2026-06-09
3784,Customer 3784,West,2026-05-12
3785,Customer 3785,Northeast,2026-04-27
3786,Customer 3786,Southwest,2024-02-12
3787,Customer 3787,West,2025-06-05
3788,Customer 3788,Southeast,2025-12-04
3789,Customer 3789,Northeast,2026-03-14
3790,Customer 3790,Southeast,2024-03-17
3791,Customer 3791,Southeast,
3792,Customer 3792,West,2024-08-03
3793,Customer 3793,Southeast,2024-08-22
3794,Customer 3794,Midwest,2025-06-21
3795,Customer 3795,Southwest,2024-04-23
3796,Customer 3796,Southwest,2025-06-25
3797,Customer 3797,Northeast,2025-10-21
3798,Customer 3798,Northeast,2024-01-30
3799,Customer 3799,Southwest,2024-05-03
3800,Customer 3800,West,2025-10-19
3801,Customer 3801,Northeast,2026-05-20
3802,Customer 3802,Southeast,2025-01-06
3803,Customer 3803,Midwest,2025-10-08
3804,Customer 3804,West,2024-10-13
3805,Customer 3805,Midwest,2024-10-29
3806,Customer 3806,Southeast,2026-04-28
3807,Customer 3807,West,2024-07-05
3808,Customer 3808,Midwest,
3809,Customer 3809,Midwest,2025-02-08
3810,Customer 3810,Midwest,2026-05-12
3811,Customer 3811,Southwest,2024-02-04
3812,Customer 3812,Southwest,2026-01-06
3813,Customer 3813,Southwest,2026-04-04
3814,Customer 3814,Northeast,2026-02-18
3815,Customer 3815,Northeast,2025-10-03
3816,Customer 3816,Midwest,2026-02-25
3817,Customer 3817,Northeast,2025-04-26
3818,Customer 3818,Southwest,2026-04-08
3819,Customer 3819,Midwest,2025-11-12
3820,Customer 3820,Southwest,2024-09-10
3821,Customer 3821,Southeast,2025-08-16
3822,Customer 3822,Southwest,2026-04-29
3823,Customer 3823,West,2025-08-06
3824,Customer 3824,Northeast,2024-08-01
3825,Customer 3825,Northeast,2026-01-23
3826,Customer 3826,Southeast,2026-07-03
3827,Customer 3827,Southwest,2025-04-21
3828,Customer 3828,Midwest,2025-06-15
3829,Customer 3829,Southeast,2025-09-15
3830,Customer 3830,Southwest,2024-06-14
3831,Customer 3831,Southwest,2025-08-29
3832,Customer 3832,West,2025-06-20
3833,Customer 3833,Northeast,2024-05-06
3834,Customer 3834,Midwest,2026-02-05
3835,Customer 3835,Midwest,2025-01-24
3836,Customer 3836,Southwest,2025-12-07
3837,Customer 3837,Southeast,2026-08-06
3838,Customer 3838,West,2024-12-18
3839,Customer 3839,Northeast,2025-10-06
3840,Customer 3840,Southwest,2025-10-04
3841,Customer 3841,Midwest,2025-12-09
3842,Customer 3842,West,2024-01-26
3843,Customer 3843,Northeast,2024-04-15
3844,Customer 3844,Southwest,2025-09-06
3845,Customer 3845,Midwest,2026-04-06
3846,Customer 3846,Southeast,2026-05-17
3847,Customer 3847,Northeast,2025-06-30
3848,Customer 3848,West,2026-07-23
3849,Customer 3849,Southeast,2025-07-03
3850,Customer 3850,Southeast,2026-07-07
3851,Customer 3851,Midwest,2025-12-27
3852,Customer 3852,Southwest,2026-01-07
3853,Customer 3853,Northeast,2025-10-06
3854,Customer 3854,Southeast,2024-04-04
3855,Customer 3855,Midwest,2024-09-12
3856,Customer 3856,West,2026-07-17
3857,Customer 3857,Midwest,
3858,Customer 3858,Northeast,2025-03-04
3859,Customer 3859,Southwest,2025-03-11
3860,Customer 3860,Northeast,2024-06-02
3861,Customer 3861,Southeast,2025-06-28
3862,Customer 3862,Midwest,2024-09-19
3863,Customer 3863,Southeast,2025-02-20
3864,Customer 3864,West,2024-05-26
3865,Customer 3865,Southeast,2026-02-16
3866,Customer 3866,Midwest,2024-01-14
3867,Customer 3867,West,2024-01-11
3868,Customer 3868,West,2025-01-24
3869,Customer 3869,Midwest,2026-04-14
3870,Customer 3870,Northeast,2025-04-05
3871,Customer 3871,Southeast,2024-01-11
3872,Customer 3872,Southwest,2024-02-27
3873,Customer 3873,Midwest,2024-09-25
3874,Customer 3874,Midwest,2024-12-23
3875,Customer 3875,Northeast,2025-09-10
3876,Customer 3876,Midwest,2024-12-18
3877,Customer 3877,Northeast,
3878,Customer 3878,Midwest,2025-11-12
3879,Customer 3879,Southeast,2024-06-09
3880,Customer 3880,Southeast,2024-03-11
3881,Customer 3881,Southwest,2025-06-02
3882,Customer 3882,Midwest,2024-09-04
3883,Customer 3883,Southwest,2025-12-19
3884,Customer 3884,Northeast,2025-05-24
3885,Customer 3885,Southwest,
3886,Customer 3886,Southwest,2024-08-21
3887,Customer 3887,West,2025-08-14
3888,Customer 3888,Southeast,2026-01-07
3889,Customer 3889,Southwest,2026-07-08
3890,Customer 3890,West,2025-10-01
3891,Customer 3891,Northeast,2025-06-21
3892,Customer 3892,Northeast,2024-04-06
3893,Customer 3893,Northeast,2025-04-30
3894,Customer 3894,Northeast,2025-05-16
3895,Customer 3895,Southeast,2024-02-09
3896,Customer 3896,Northeast,2024-08-15
3897,Customer 3897,Northeast,2026-06-12
3898,Customer 3898,Northeast,2024-10-05
3899,Customer 3899,West,2025-10-22
3900,Customer 3900,Southeast,2024-10-05
3901,Customer 3901,Southwest,2024-05-02
3902,Customer 3902,West,2024-11-23
3903,Customer 3903,Northeast,2025-03-22
3904,Customer 3904,Midwest,2025-05-21
3905,Customer 3905,Northeast,2024-11-26
3906,Customer 3906,Southwest,2024-08-14
3907,Customer 3907,West,
3908,Customer 3908,Southwest,2026-04-19
3909,Customer 3909,Southeast,2026-02-25
3910,Customer 3910,Midwest,2025-05-14
3911,Customer 3911,Northeast,2024-11-27
3912,Customer 3912,Southwest,2024-12-13
3913,Customer 3913,Southwest,2025-09-04
3914,Customer 3914,West,2025-06-13
3915,Customer 3915,Midwest,2024-07-04
3916,Customer 3916,Midwest,2025-01-21
3917,Customer 3917,West,2025-07-20
3918,Customer 3918,Northeast,2024-08-03
3919,Customer 3919,Northeast,
3920,Customer 3920,Southeast,2026-08-07
3921,Customer 3921,Midwest,2025-08-26
3922,Customer 3922,West,2024-06-24
3923,Customer 3923,Midwest,2026-08-12
3924,Customer 3924,Midwest,2026-02-14
3925,Customer 3925,Midwest,2026-05-24
3926,Customer 3926,Northeast,2024-09-18
3927,Customer 3927,West,2026-04-06
3928,Customer 3928,Southeast,2026-08-04
3929,Customer 3929,West,2026-08-12
3930,Customer 3930,Northeast,2025-11-02
3931,Customer 3931,Southwest,2024-06-18
3932,Customer 3932,Southwest,2024-03-26
3933,Customer 3933,Southwest,2025-12-22
3934,Customer 3934,Northeast,2024-02-14
3935,Customer 3935,Southwest,2025-01-12
3936,Customer 3936,West,2025-05-17
3937,Customer 3937,West,2025-05-07
3938,Customer 3938,Southwest,2025-04-18
3939,Customer 3939,Southwest,2025-08-11
3940,Customer 3940,Midwest,2024-02-07
3941,Customer 3941,Southeast,2026-02-02
3942,Customer 3942,Northeast,2025-08-02
3943,Customer 3943,Southwest,2024-04-06
3944,Customer 3944,Southeast,2025-01-18
3945,Customer 3945,Southeast,2024-10-11
3946,Customer 3946,Southwest,2026-03-22
3947,Customer 3947,Northeast,2026-06-12
3948,Customer 3948,Southwest,2026-04-24
3949,Customer 3949,Southwest,2026-02-07
3950,Customer 3950,Southwest,2025-01-19
3951,Customer 3951,Northeast,2024-08-03
3952,Customer 3952,West,2026-03-11
3953,Customer 3953,Southeast,2026-04-30
3954,Customer 3954,Northeast,2025-10-04
3955,Customer 3955,Southwest,2026-08-05
3956,Customer 3956,Midwest,2024-10-09
3957,Customer 3957,Northeast,2026-08-08
3958,Customer 3958,Southeast,2024-03-09
3959,Customer 3959,Southwest,2024-09-08
3960,Customer 3960,Northeast,2025-12-07
3961,Customer 3961,Southwest,2024-02-15
3962,Customer 3962,Midwest,2026-02-13
3963,Customer 3963,Southwest,
3964,Customer 3964,West,2024-05-22
3965,Customer 3965,Southeast,2024-12-23
3966,Customer 3966,Southwest,2025-03-15
3967,Customer 3967,Southeast,2024-01-31
3968,Customer 3968,Northeast,2026-07-25
3969,Customer 3969,Southeast,2025-03-25
3970,Customer 3970,Southwest,2024-05-17
3971,Customer 3971,West,
3972,Customer 3972,Midwest,2025-08-15
3973,Customer 3973,West,2025-04-15
3974,Customer 3974,Southwest,2026-03-31
3975,Customer 3975,Southwest,2025-05-03
3976,Customer 3976,Southeast,2026-02-13
3977,Customer 3977,Northeast,2024-04-23
3978,Customer 3978,Northeast,2024-02-21
3979,Customer 3979,Southwest,2026-07-27
3980,Customer 3980,Midwest,2025-08-27
3981,Customer 3981,Midwest,2025-03-04
3982,Customer 3982,Northeast,2025-01-06
3983,Customer 3983,Southeast,2025-05-28
3984,Customer 3984,Midwest,2026-03-24
3985,Customer 3985,Southwest,2025-08-20
3986,Customer 3986,Midwest,2026-06-11
3987,Customer 3987,Northeast,2026-07-18
3988,Customer 3988,Southwest,2025-11-20
3989,Customer 3989,West,2026-05-11
3990,Customer 3990,West,2025-02-20
3991,Customer 3991,West,2026-04-17
3992,Customer 3992,Southwest,2024-01-09
3993,Customer 3993,Midwest,2025-08-20
3994,Customer 3994,Southeast,2026-06-10
3995,Customer 3995,Southeast,2025-03-04
3996,Customer 3996,Midwest,2024-12-29
3997,Customer 3997,Midwest,2025-07-09
3998,Customer 3998,Southwest,2025-03-12
3999,Customer 3999,Midwest,2026-08-07
4000,Customer 4000,Southwest,2024-04-15
4001,Customer 4001,Northeast,2025-03-21
4002,Customer 4002,West,2025-03-05
4003,Customer 4003,Northeast,2024-12-31
4004,Customer 4004,Midwest,2024-09-22
4005,Customer 4005,West,2026-06-17
4006,Customer 4006,Northeast,2024-02-29
4007,Customer 4007,Midwest,2025-03-03
4008,Customer 4008,Southeast,2025-06-20
4009,Customer 4009,Southeast,2024-11-26
4010,Customer 4010,Southeast,
4011,Customer 4011,West,2026-06-20
4012,Customer 4012,Southwest,2026-04-21
4013,Customer 4013,Midwest,2024-05-01
4014,Customer 4014,Northeast,2025-08-08
4015,Customer 4015,Southwest,2026-07-15
4016,Customer 4016,Southeast,2026-07-29
4017,Customer 4017,Southeast,2024-04-26
4018,Customer 4018,Midwest,2025-12-31
4019,Customer 4019,Southwest,2025-01-22
4020,Customer 4020,West,2024-03-21
4021,Customer 4021,Southwest,2024-03-08
4022,Customer 4022,Southwest,2025-06-13
4023,Customer 4023,Southwest,2024-03-03
4024,Customer 4024,West,2024-09-22
4025,Customer 4025,West,2024-06-18
4026,Customer 4026,Midwest,2024-07-04
4027,Customer 4027,Southeast,2025-02-16
4028,Customer 4028,West,2026-03-20
4029,Customer 4029,West,2025-05-23
4030,Customer 4030,Midwest,2024-05-10
4031,Customer 4031,West,2024-10-15
4032,Customer 4032,Southeast,2024-05-20
4033,Customer 4033,Southeast,2026-08-04
4034,Customer 4034,West,2025-01-19
4035,Customer 4035,Southwest,2024-06-06
4036,Customer 4036,Southeast,2026-05-15
4037,Customer 4037,Southwest,
4038,Customer 4038,West,2026-06-21
4039,Customer 4039,Midwest,2025-01-03
4040,Customer 4040,Southeast,2024-01-06
4041,Customer 4041,Southwest,2025-10-22
4042,Customer 4042,Southeast,2025-03-22
4043,Customer 4043,West,2025-03-18
4044,Customer 4044,Southwest,2025-08-23
4045,Customer 4045,Southwest,2025-05-17
4046,Customer 4046,Northeast,2024-03-10
4047,Customer 4047,Southwest,2024-07-23
4048,Customer 4048,Northeast,2024-02-10
4049,Customer 4049,Northeast,2026-03-05
4050,Customer 4050,Southeast,
4051,Customer 4051,West,2024-04-22
4052,Customer 4052,Midwest,2025-02-06
4053,Customer 4053,Northeast,2024-12-26
4054,Customer 4054,Southwest,2024-01-12
4055,Customer 4055,Midwest,2024-04-11
4056,Customer 4056,Midwest,2025-03-18
4057,Customer 4057,West,2026-06-29
4058,Customer 4058,Northeast,2025-08-18
4059,Customer 4059,Northeast,2024-02-15
4060,Customer 4060,Midwest,2024-07-30
4061,Customer 4061,West,2025-07-14
4062,Customer 4062,West,2026-05-10
4063,Customer 4063,Southeast,2025-01-01
4064,Customer 4064,Midwest,2025-02-13
4065,Customer 4065,Southwest,2024-07-01
4066,Customer 4066,Northeast,2025-05-18
4067,Customer 4067,West,
4068,Customer 4068,Southwest,2024-03-17
4069,Customer 4069,Southeast,2026-06-10
4070,Customer 4070,Southwest,2024-11-11
4071,Customer 4071,West,2026-03-27
4072,Customer 4072,West,2025-11-26
4073,Customer 4073,Northeast,2025-03-30
4074,Customer 4074,Southwest,
4075,Customer 4075,Midwest,2026-02-22
4076,Customer 4076,Southeast,2025-12-11
4077,Customer 4077,West,
4078,Customer 4078,Southeast,2025-08-17
4079,Customer 4079,West,2024-05-12
4080,Customer 4080,Northeast,2026-02-24
4081,Customer 4081,Northeast,2025-01-21
4082,Customer 4082,Southeast,2024-02-25
4083,Customer 4083,Southwest,2025-01-26
4084,Customer 4084,Southeast,2026-02-28
4085,Customer 4085,Southeast,2026-03-17
4086,Customer 4086,Southeast,2024-08-24
4087,Customer 4087,Southeast,2025-07-10
4088,Customer 4088,Midwest,2026-02-20
4089,Customer 4089,Southwest,2025-02-24
4090,Customer 4090,West,2026-05-31
4091,Customer 4091,Southwest,2024-10-06
4092,Customer 4092,Midwest,2025-04-30
4093,Customer 4093,Southwest,2026-05-02
4094,Customer 4094,West,
4095,Customer 4095,Southwest,2024-03-18
4096,Customer 4096,Southeast,2025-10-09
4097,Customer 4097,Southeast,2026-08-24
4098,Customer 4098,Northeast,2026-05-28
4099,Customer 4099,West,2025-08-16
4100,Customer 4100,Northeast,2026-04-11
4101,Customer 4101,West,2025-08-17
4102,Customer 4102,Northeast,2024-03-25
4103,Customer 4103,Northeast,2026-03-31
4104,Customer 4104,Southeast,2024-07-20
4105,Customer 4105,Midwest,2025-04-24
4106,Customer 4106,Northeast,2025-05-14
4107,Customer 4107,Northeast,2024-03-26
4108,Customer 4108,Northeast,2024-03-24
4109,Customer 4109,Southwest,2024-03-06
4110,Customer 4110,Southeast,2024-04-15
4111,Customer 4111,Northeast,2024-02-03
4112,Customer 4112,West,2025-12-16
4113,Customer 4113,Northeast,2025-07-01
4114,Customer 4114,Northeast,2024-06-07
4115,Customer 4115,Midwest,2024-06-10
4116,Customer 4116,Northeast,2024-10-10
4117,Customer 4117,Southeast,2024-10-22
4118,Customer 4118,Midwest,2024-02-19
4119,Customer 4119,West,2025-10-06
4120,Customer 4120,West,2026-08-23
4121,Customer 4121,Southwest,2024-01-04
4122,Customer 4122,West,2024-09-11
4123,Customer 4123,West,2024-01-02
4124,Customer 4124,West,2025-02-27
4125,Customer 4125,Southeast,2025-06-03
4126,Customer 4126,Northeast,
4127,Customer 4127,Southeast,2026-07-22
4128,Customer 4128,Southeast,2025-08-25
4129,Customer 4129,Northeast,2024-10-03
4130,Customer 4130,Midwest,2024-09-13
4131,Customer 4131,Southeast,2025-02-21
4132,Customer 4132,West,2025-09-11
4133,Customer 4133,Northeast,2025-11-10
4134,Customer 4134,Midwest,2025-07-28
4135,Customer 4135,Southeast,2025-04-30
4136,Customer 4136,Southeast,2024-02-12
4137,Customer 4137,West,2025-12-28
4138,Customer 4138,Southwest,2024-09-30
4139,Customer 4139,Southwest,2025-11-03
4140,Customer 4140,Southwest,2024-12-05
4141,Customer 4141,Southwest,2024-01-27
4142,Customer 4142,West,2026-02-22
4143,Customer 4143,Midwest,2024-10-17
4144,Customer 4144,Midwest,2025-01-16
4145,Customer 4145,West,2025-09-02
4146,Customer 4146,Southwest,2026-06-27
4147,Customer 4147,Northeast,2024-04-30
4148,Customer 4148,Midwest,2025-08-11
4149,Customer 4149,West,2026-05-21
4150,Customer 4150,Northeast,2026-03-08
4151,Customer 4151,Southeast,2025-10-24
4152,Customer 4152,West,2024-09-02
4153,Customer 4153,Southeast,2024-03-24
4154,Customer 4154,Midwest,2024-08-01
4155,Customer 4155,West,2025-11-18
4156,Customer 4156,Southwest,2024-10-18
4157,Customer 4157,Midwest,2026-03-27
4158,Customer 4158,Southeast,2025-05-07
4159,Customer 4159,Southeast,2025-03-17
4160,Customer 4160,West,2025-05-28
4161,Customer 4161,Midwest,2025-09-26
4162,Customer 4162,Southwest,2024-10-12
4163,Customer 4163,Southeast,2025-08-13
4164,Customer 4164,Midwest,2025-06-27
4165,Customer 4165,Midwest,2024-05-11
4166,Customer 4166,Northeast,2025-08-08
4167,Customer 4167,Southeast,2026-08-01
4168,Customer 4168,Southeast,2026-05-15
4169,Customer 4169,Northeast,2025-12-08
4170,Customer 4170,Midwest,2026-08-08
4171,Customer 4171,Midwest,2024-01-21
4172,Customer 4172,Northeast,2026-01-26
4173,Customer 4173,Midwest,2024-08-26
4174,Customer 4174,Midwest,2026-03-12
4175,Customer 4175,Northeast,2026-08-15
4176,Customer 4176,Northeast,2024-12-14
4177,Customer 4177,Southwest,2025-07-04
4178,Customer 4178,West,2026-07-14
4179,Customer 4179,Northeast,2025-05-11
4180,Customer 4180,Northeast,2026-03-05
4181,Customer 4181,Southwest,2026-08-07
4182,Customer 4182,Southeast,2024-10-06
4183,Customer 4183,Northeast,2025-06-14
4184,Customer 4184,Southeast,
4185,Customer 4185,Midwest,2025-03-16
4186,Customer 4186,Southwest,2024-06-02
4187,Customer 4187,Midwest,2026-07-26
4188,Customer 4188,West,2024-07-08
4189,Customer 4189,Southeast,2025-09-28
4190,Customer 4190,Southwest,2025-04-03
4191,Customer 4191,West,2024-10-01
4192,Customer 4192,Southwest,2026-05-09
4193,Customer 4193,Midwest,2026-05-25
4194,Customer 4194,Southeast,2025-10-05
4195,Customer 4195,Northeast,2026-07-21
4196,Customer 4196,Southeast,2025-12-11
4197,Customer 4197,Southeast,2025-12-02
4198,Customer 4198,Midwest,2025-08-10
4199,Customer 4199,Southeast,2024-02-05
4200,Customer 4200,Southwest,2024-05-03
4201,Customer 4201,West,2026-08-16
4202,Customer 4202,Midwest,2026-01-19
4203,Customer 4203,Southwest,2024-12-23
4204,Customer 4204,Southeast,2025-06-26
4205,Customer 4205,Midwest,2025-01-05
4206,Customer 4206,Southwest,2026-04-23
4207,Customer 4207,West,2026-01-02
4208,Customer 4208,Southeast,2026-01-18
4209,Customer 4209,Southeast,2026-06-09
4210,Customer 4210,Midwest,2025-02-26
4211,Customer 4211,Midwest,2026-07-02
4212,Customer 4212,West,2025-07-15
4213,Customer 4213,West,2025-04-30
4214,Customer 4214,Midwest,2024-11-03
4215,Customer 4215,Southwest,2025-02-16
4216,Customer 4216,West,2025-08-31
4217,Customer 4217,Northeast,2025-09-04
4218,Customer 4218,West,2025-02-01
4219,Customer 4219,Southeast,2024-02-15
4220,Customer 4220,Midwest,
4221,Customer 4221,Southwest,2026-05-21
4222,Customer 4222,Midwest,2025-01-05
4223,Customer 4223,Southwest,2025-12-04
4224,Customer 4224,Midwest,2024-06-10
4225,Customer 4225,Midwest,2025-03-08
4226,Customer 4226,Northeast,2025-07-11
4227,Customer 4227,Southeast,2026-06-11
4228,Customer 4228,Northeast,2025-04-19
4229,Customer 4229,Northeast,2025-10-12
4230,Customer 4230,Southeast,2025-03-07
4231,Customer 4231,Southeast,2026-06-24
4232,Customer 4232,Northeast,2025-12-28
4233,Customer 4233,Southeast,2024-07-05
4234,Customer 4234,Southwest,2024-08-08
4235,Customer 4235,Midwest,2024-07-26
4236,Customer 4236,Northeast,2026-05-09
4237,Customer 4237,Midwest,2024-02-22
4238,Customer 4238,Southwest,2024-07-29
4239,Customer 4239,Midwest,2024-03-26
4240,Customer 4240,Northeast,2025-01-31
4241,Customer 4241,Northeast,2024-12-02
4242,Customer 4242,Midwest,2025-05-24
4243,Customer 4243,West,2025-01-29
4244,Customer 4244,Southwest,2024-12-23
4245,Customer 4245,Midwest,2025-10-16
4246,Customer 4246,Southeast,2025-10-08
4247,Customer 4247,West,2025-07-30
4248,Customer 4248,West,2024-07-06
4249,Customer 4249,Southeast,2025-09-09
4250,Customer 4250,Northeast,2026-04-19
4251,Customer 4251,Southwest,2025-06-06
4252,Customer 4252,West,2025-01-07
4253,Customer 4253,Southeast,2024-08-23
4254,Customer 4254,West,2026-04-15
4255,Customer 4255,Northeast,2025-07-21
4256,Customer 4256,Northeast,2024-10-12
4257,Customer 4257,West,2024-05-07
4258,Customer 4258,Southeast,2025-04-25
4259,Customer 4259,Midwest,2025-08-27
4260,Customer 4260,Northeast,2025-06-09
4261,Customer 4261,Southwest,2026-03-16
4262,Customer 4262,Northeast,2026-03-17
4263,Customer 4263,Midwest,2025-06-08
4264,Customer 4264,Northeast,2025-11-21
4265,Customer 4265,Midwest,2025-08-07
4266,Customer 4266,Southwest,2024-07-11
4267,Customer 4267,Northeast,2026-01-11
4268,Customer 4268,Midwest,2026-06-05
4269,Customer 4269,Southwest,2024-05-18
4270,Customer 4270,Southeast,2025-07-12
4271,Customer 4271,Southeast,2024-08-25
4272,Customer 4272,Northeast,2026-05-25
4273,Customer 4273,Southwest,2024-03-31
4274,Customer 4274,Southwest,2025-01-05
4275,Customer 4275,Northeast,2024-06-06
4276,Customer 4276,Southwest,2025-07-14
4277,Customer 4277,Southwest,2024-01-08
4278,Customer 4278,Southeast,2024-06-08
4279,Customer 4279,Southwest,2026-01-05
4280,Customer 4280,Northeast,2024-01-16
4281,Customer 4281,Northeast,
4282,Customer 4282,West,2026-02-05
4283,Customer 4283,West,2024-05-05
4284,Customer 4284,West,2024-09-29
4285,Customer 4285,Northeast,2024-09-22
4286,Customer 4286,Southeast,2026-03-31
4287,Customer 4287,Southeast,2026-06-01
4288,Customer 4288,Southwest,2024-07-06
4289,Customer 4289,Midwest,2025-07-30
4290,Customer 4290,Midwest,2026-06-27
4291,Customer 4291,Northeast,2025-08-31
4292,Customer 4292,Southwest,2025-04-20
4293,Customer 4293,Midwest,2025-06-16
4294,Customer 4294,Southwest,2025-09-20
4295,Customer 4295,Southeast,2026-05-27
4296,Customer 4296,West,2024-05-14
4297,Customer 4297,West,2025-07-26
4298,Customer 4298,Northeast,2025-01-01
4299,Customer 4299,Southwest,2026-07-23
4300,Customer 4300,West,2024-09-26
4301,Customer 4301,West,2025-09-23
4302,Customer 4302,Northeast,2025-03-08
4303,Customer 4303,Southeast,2025-11-07
4304,Customer 4304,Southeast,2025-03-05
4305,Customer 4305,Southwest,2026-03-23
4306,Customer 4306,Southeast,2024-12-06
4307,Customer 4307,Southwest,2026-05-27
4308,Customer 4308,Southeast,2025-01-31
4309,Customer 4309,West,2026-03-31
4310,Customer 4310,Midwest,2026-06-19
4311,Customer 4311,West,2026-02-03
4312,Customer 4312,West,2026-04-05
4313,Customer 4313,Midwest,2024-04-20
4314,Customer 4314,Northeast,2024-04-28
4315,Customer 4315,Southwest,2025-08-02
4316,Customer 4316,Southeast,2025-05-01
4317,Customer 4317,Southeast,2026-01-27
4318,Customer 4318,West,2024-05-08
4319,Customer 4319,West,2025-11-12
4320,Customer 4320,Southeast,2025-11-13
4321,Customer 4321,Southwest,2025-05-13
4322,Customer 4322,Southwest,2026-06-28
4323,Customer 4323,Midwest,
4324,Customer 4324,West,2024-11-01
4325,Customer 4325,Northeast,2025-12-22
4326,Customer 4326,Midwest,2025-11-18
4327,Customer 4327,Midwest,2025-07-20
4328,Customer 4328,West,2025-12-31
4329,Customer 4329,Northeast,2025-10-24
4330,Customer 4330,Southeast,
4331,Customer 4331,West,2024-02-12
4332,Customer 4332,West,2025-11-30
4333,Customer 4333,Southeast,2024-08-06
4334,Customer 4334,Southeast,2026-03-04
4335,Customer 4335,West,2025-03-19
4336,Customer 4336,Southeast,2025-04-14
4337,Customer 4337,Midwest,2024-07-26
4338,Customer 4338,Northeast,2025-11-22
4339,Customer 4339,Southeast,2024-01-30
4340,Customer 4340,Southeast,2026-01-21
4341,Customer 4341,Midwest,2025-01-29
4342,Customer 4342,Southwest,2025-12-02
4343,Customer 4343,West,2025-12-18
4344,Customer 4344,West,2026-01-17
4345,Customer 4345,Northeast,2026-07-11
4346,Customer 4346,Southeast,2025-09-28
4347,Customer 4347,Northeast,2025-10-24
4348,Customer 4348,Southwest,2025-07-14
4349,Customer 4349,Midwest,2024-02-09
4350,Customer 4350,Midwest,2024-03-25
4351,Customer 4351,Southwest,2025-02-06
4352,Customer 4352,Southwest,2024-02-20
4353,Customer 4353,Midwest,2025-10-21
4354,Customer 4354,West,2025-09-15
4355,Customer 4355,Southwest,2025-11-27
4356,Customer 4356,Southeast,2025-01-09
4357,Customer 4357,Northeast,2025-06-10
4358,Customer 4358,Southwest,2025-03-09
4359,Customer 4359,Southeast,2025-07-10
4360,Customer 4360,Southeast,2026-08-03
4361,Customer 4361,Northeast,2026-01-26
4362,Customer 4362,Northeast,2024-08-21
4363,Customer 4363,Midwest,2026-05-11
4364,Customer 4364,Midwest,2026-01-20
4365,Customer 4365,Southwest,2025-02-21
4366,Customer 4366,Northeast,2024-06-09
4367,Customer 4367,Midwest,2025-09-30
4368,Customer 4368,Southeast,2024-03-01
4369,Customer 4369,Northeast,2025-11-16
4370,Customer 4370,Southeast,2026-07-01
4371,Customer 4371,Midwest,2024-03-22
4372,Customer 4372,Southwest,2026-07-17
4373,Customer 4373,West,2024-06-09
4374,Customer 4374,Midwest,2025-03-07
4375,Customer 4375,Midwest,2026-06-12
4376,Customer 4376,Midwest,2025-03-02
4377,Customer 4377,Midwest,
4378,Customer 4378,Southwest,2024-12-10
4379,Customer 4379,Southeast,2025-12-06
4380,Customer 4380,Northeast,2025-03-31
4381,Customer 4381,Southwest,2025-09-18
4382,Customer 4382,Southeast,2026-08-15
4383,Customer 4383,Southwest,2024-11-09
4384,Customer 4384,Southwest,2025-06-21
4385,Customer 4385,Southwest,2025-05-07
4386,Customer 4386,Southwest,2026-07-19
4387,Customer 4387,West,2026-01-04
4388,Customer 4388,Northeast,2025-09-12
4389,Customer 4389,West,2025-04-08
4390,Customer 4390,Midwest,2026-06-02
4391,Customer 4391,Northeast,2024-05-17
4392,Customer 4392,Midwest,2026-03-22
4393,Customer 4393,Midwest,2025-06-24
4394,Customer 4394,Southwest,2025-04-05
4395,Customer 4395,Southeast,2026-05-30
4396,Customer 4396,Northeast,2024-07-06
4397,Customer 4397,Southwest,2024-03-08
4398,Customer 4398,Midwest,2026-08-01
4399,Customer 4399,West,2024-09-04
4400,Customer 4400,Midwest,2026-05-04
4401,Customer 4401,Southwest,2024-05-18
4402,Customer 4402,Midwest,2024-07-07
4403,Customer 4403,Northeast,2024-03-04
4404,Customer 4404,Northeast,2025-06-03
4405,Customer 4405,Midwest,2024-08-31
4406,Customer 4406,West,2026-03-15
4407,Customer 4407,West,2025-04-07
4408,Customer 4408,Northeast,2024-10-05
4409,Customer 4409,Southeast,2026-04-21
4410,Customer 4410,Southeast,2025-12-26
4411,Customer 4411,Northeast,2024-01-18
4412,Customer 4412,West,2025-07-18
4413,Customer 4413,Southeast,2026-01-05
4414,Customer 4414,Southwest,2024-09-07
4415,Customer 4415,Midwest,2024-09-13
4416,Customer 4416,Southeast,2024-05-26
4417,Customer 4417,West,2024-05-16
4418,Customer 4418,Southeast,2026-02-02
4419,Customer 4419,Southwest,2025-11-30
4420,Customer 4420,Southwest,2024-03-14
4421,Customer 4421,Southwest,2025-11-13
4422,Customer 4422,Northeast,2024-02-08
4423,Customer 4423,Southeast,2024-03-30
4424,Customer 4424,Southwest,2025-09-11
4425,Customer 4425,West,2025-10-15
4426,Customer 4426,West,2024-06-22
4427,Customer 4427,Midwest,2025-06-29
4428,Customer 4428,Northeast,2025-12-26
4429,Customer 4429,Northeast,2026-02-28
4430,Customer 4430,Northeast,2024-11-27
4431,Customer 4431,Southwest,2025-04-28
4432,Customer 4432,West,2025-02-22
4433,Customer 4433,Midwest,2025-05-02
4434,Customer 4434,Midwest,2026-04-01
4435,Customer 4435,Southeast,2026-03-25
4436,Customer 4436,Northeast,2025-05-28
4437,Customer 4437,Midwest,2025-05-26
4438,Customer 4438,Southeast,2025-04-07
4439,Customer 4439,Northeast,2026-04-20
4440,Customer 4440,West,2024-09-19
4441,Customer 4441,West,2024-11-29
4442,Customer 4442,Midwest,2025-08-02
4443,Customer 4443,Southeast,2025-05-16
4444,Customer 4444,Northeast,2025-04-21
4445,Customer 4445,West,2026-03-29
4446,Customer 4446,Southeast,2025-01-14
4447,Customer 4447,Southwest,2024-07-25
4448,Customer 4448,Northeast,2025-09-01
4449,Customer 4449,Midwest,2024-04-09
4450,Customer 4450,Northeast,2026-07-26
4451,Customer 4451,Southwest,2024-05-06
4452,Customer 4452,West,2025-02-26
4453,Customer 4453,Southwest,2025-02-01
4454,Customer 4454,Northeast,2025-09-08
4455,Customer 4455,Southwest,2026-02-09
4456,Customer 4456,Southwest,2026-07-07
4457,Customer 4457,Midwest,2025-07-05
4458,Customer 4458,Southwest,2024-01-22
4459,Customer 4459,Midwest,2024-12-09
4460,Customer 4460,Southeast,2024-09-14
4461,Customer 4461,Midwest,2024-02-17
4462,Customer 4462,Midwest,2025-05-24
4463,Customer 4463,Midwest,2025-06-10
4464,Customer 4464,West,2026-08-03
4465,Customer 4465,Southeast,2026-02-21
4466,Customer 4466,Southwest,2025-01-09
4467,Customer 4467,Midwest,2026-05-01
4468,Customer 4468,Northeast,2025-06-01
4469,Customer 4469,West,2025-05-14
4470,Customer 4470,Midwest,2024-02-10
4471,Customer 4471,Southwest,2025-06-24
4472,Customer 4472,Southeast,2025-01-07
4473,Customer 4473,West,2024-05-27
4474,Customer 4474,West,2025-12-30
4475,Customer 4475,Midwest,2024-09-27
4476,Customer 4476,Southeast,2024-04-14
4477,Customer 4477,Southeast,2025-03-01
4478,Customer 4478,West,2024-02-10
4479,Customer 4479,Northeast,2025-08-03
4480,Customer 4480,Midwest,2026-01-22
4481,Customer 4481,Southeast,2025-11-20
4482,Customer 4482,Southeast,2024-10-22
4483,Customer 4483,West,2026-01-21
4484,Customer 4484,Southwest,2026-03-19
4485,Customer 4485,Northeast,2026-02-23
4486,Customer 4486,Southwest,2025-04-10
4487,Customer 4487,Northeast,2025-06-17
4488,Customer 4488,Southwest,2025-10-23
4489,Customer 4489,Midwest,2025-07-04
4490,Customer 4490,West,2025-10-30
4491,Customer 4491,Southeast,2025-11-12
4492,Customer 4492,Northeast,2024-12-18
4493,Customer 4493,Southeast,2026-01-17
4494,Customer 4494,Midwest,2026-01-27
4495,Customer 4495,Northeast,2025-01-21
4496,Customer 4496,Southeast,2024-03-21
4497,Customer 4497,West,2024-11-01
4498,Customer 4498,Southeast,2025-04-05
4499,Customer 4499,Midwest,2025-04-15
4500,Customer 4500,Northeast,2025-10-23
4501,Customer 4501,Northeast,2024-05-05
4502,Customer 4502,Northeast,2026-02-15
4503,Customer 4503,Midwest,2025-07-20
4504,Customer 4504,Northeast,
4505,Customer 4505,Northeast,2024-11-16
4506,Customer 4506,West,2025-10-16
4507,Customer 4507,Northeast,2026-01-28
4508,Customer 4508,Northeast,2026-06-20
4509,Customer 4509,Southwest,2026-06-08
4510,Customer 4510,Southeast,2024-05-03
4511,Customer 4511,Southwest,2025-12-30
4512,Customer 4512,Southwest,2024-08-31
4513,Customer 4513,Southwest,2024-09-02
4514,Customer 4514,Southeast,2025-05-11
4515,Customer 4515,West,2024-10-13
4516,Customer 4516,West,2024-09-20
4517,Customer 4517,Midwest,2024-04-29
4518,Customer 4518,Midwest,2025-11-27
4519,Customer 4519,Southwest,
4520,Customer 4520,Southwest,2025-06-24
4521,Customer 4521,Southeast,2025-11-17
4522,Customer 4522,Southwest,2024-12-14
4523,Customer 4523,West,2024-05-16
4524,Customer 4524,Southeast,2025-04-20
4525,Customer 4525,Southwest,2025-08-23
4526,Customer 4526,Northeast,2026-07-25
4527,Customer 4527,Southwest,2025-07-04
4528,Customer 4528,Midwest,2025-08-11
4529,Customer 4529,Northeast,2024-11-16
4530,Customer 4530,Northeast,2025-11-22
4531,Customer 4531,Southeast,2025-04-25
4532,Customer 4532,Northeast,2024-11-04
4533,Customer 4533,Southeast,2025-05-03
4534,Customer 4534,Southwest,2025-06-18
4535,Customer 4535,Southeast,2024-03-31
4536,Customer 4536,Southwest,2024-04-09
4537,Customer 4537,Southwest,2024-09-21
4538,Customer 4538,Southwest,2025-08-13
4539,Customer 4539,Midwest,2025-01-16
4540,Customer 4540,West,2026-05-13
4541,Customer 4541,Southwest,2024-06-16
4542,Customer 4542,Midwest,2025-03-24
4543,Customer 4543,Southwest,2025-07-07
4544,Customer 4544,Midwest,2026-05-11
4545,Customer 4545,Southwest,2024-10-12
4546,Customer 4546,Southeast,2024-04-16
4547,Customer 4547,Midwest,2025-09-02
4548,Customer 4548,West,2025-11-20
4549,Customer 4549,Southwest,2024-04-27
4550,Customer 4550,Southeast,2026-07-30
4551,Customer 4551,West,2025-09-18
4552,Customer 4552,West,2026-08-19
4553,Customer 4553,Southwest,2024-04-12
4554,Customer 4554,Southeast,2025-06-03
4555,Customer 4555,Southeast,
4556,Customer 4556,Midwest,2024-10-12
4557,Customer 4557,Southeast,
4558,Customer 4558,West,2025-01-20
4559,Customer 4559,Southeast,2025-06-08
4560,Customer 4560,Southeast,2024-10-09
4561,Customer 4561,Midwest,2026-03-23
4562,Customer 4562,Southeast,2025-09-05
4563,Customer 4563,Southeast,2024-06-21
4564,Customer 4564,Midwest,2024-10-31
4565,Customer 4565,West,2025-10-13
4566,Customer 4566,Southeast,2024-01-15
4567,Customer 4567,West,
4568,Customer 4568,Northeast,2026-04-02
4569,Customer 4569,West,2024-12-06
4570,Customer 4570,Northeast,2025-06-02
4571,Customer 4571,Midwest,2024-05-20
4572,Customer 4572,Midwest,2024-06-24
4573,Customer 4573,Southwest,2024-09-10
4574,Customer 4574,Southeast,2025-04-06
4575,Customer 4575,Southwest,2025-12-20
4576,Customer 4576,Southeast,2025-01-31
4577,Customer 4577,West,2024-09-03
4578,Customer 4578,West,2025-11-15
4579,Customer 4579,West,2025-03-03
4580,Customer 4580,West,2026-03-19
4581,Customer 4581,West,2025-06-07
4582,Customer 4582,Southwest,2024-10-03
4583,Customer 4583,Southwest,2024-12-05
4584,Customer 4584,West,2024-05-06
4585,Customer 4585,Southwest,2024-11-07
4586,Customer 4586,West,2025-04-07
4587,Customer 4587,Southeast,2024-06-23
4588,Customer 4588,Southwest,2024-12-10
4589,Customer 4589,West,2025-02-24
4590,Customer 4590,Southeast,2024-09-15
4591,Customer 4591,Midwest,2024-06-11
4592,Customer 4592,Southwest,2026-02-26
4593,Customer 4593,Southeast,2026-08-12
4594,Customer 4594,Southwest,2024-04-22
4595,Customer 4595,Midwest,2025-08-28
4596,Customer 4596,West,2024-08-04
4597,Customer 4597,West,2024-11-29
4598,Customer 4598,Southeast,2025-12-23
4599,Customer 4599,Southwest,2024-06-13
4600,Customer 4600,Northeast,2026-01-26
4601,Customer 4601,Southeast,2024-02-06
4602,Customer 4602,West,2025-06-21
4603,Customer 4603,West,2024-04-23
4604,Customer 4604,West,2026-02-20
4605,Customer 4605,Southeast,2025-04-04
4606,Customer 4606,West,2025-01-07
4607,Customer 4607,Southwest,2024-01-09
4608,Customer 4608,Northeast,2025-04-25
4609,Customer 4609,West,2025-08-19
4610,Customer 4610,Northeast,2026-06-24
4611,Customer 4611,Northeast,2024-01-09
4612,Customer 4612,Southeast,2024-10-06
4613,Customer 4613,Northeast,2026-01-10
4614,Customer 4614,Southeast,2024-11-29
4615,Customer 4615,Northeast,2026-05-29
4616,Customer 4616,West,2026-03-14
4617,Customer 4617,Southwest,2025-02-23
4618,Customer 4618,Southwest,2024-04-26
4619,Customer 4619,Southeast,2026-03-07
4620,Customer 4620,Southwest,2026-07-29
4621,Customer 4621,Northeast,2024-07-31
4622,Customer 4622,Southeast,2026-07-16
4623,Customer 4623,Southeast,2026-04-30
4624,Customer 4624,Southeast,2025-02-26
4625,Customer 4625,Southeast,2025-02-11
4626,Customer 4626,Southwest,2026-05-19
4627,Customer 4627,West,2026-08-13
4628,Customer 4628,West,2024-05-11
4629,Customer 4629,West,2024-06-13
4630,Customer 4630,Southeast,2024-05-04
4631,Customer 4631,Southeast,2026-03-11
4632,Customer 4632,Midwest,2025-08-22
4633,Customer 4633,Southeast,2025-12-30
4634,Customer 4634,West,2025-11-19
4635,Customer 4635,West,2026-05-03
4636,Customer 4636,West,2026-03-20
4637,Customer 4637,Northeast,2025-11-04
4638,Customer 4638,West,2025-06-04
4639,Customer 4639,West,2026-02-12
4640,Customer 4640,Southwest,2024-10-16
4641,Customer 4641,Southwest,2026-04-08
4642,Customer 4642,Southwest,2026-05-01
4643,Customer 4643,Northeast,2024-12-11
4644,Customer 4644,Southeast,2025-04-11
4645,Customer 4645,Northeast,2025-12-31
4646,Customer 4646,Northeast,2025-07-26
4647,Customer 4647,Northeast,2024-10-03
4648,Customer 4648,Midwest,2024-05-30
4649,Customer 4649,Northeast,2026-06-12
4650,Customer 4650,Southeast,2025-11-10
4651,Customer 4651,Northeast,2025-09-12
4652,Customer 4652,Midwest,2024-04-21
4653,Customer 4653,Southwest,2026-07-21
4654,Customer 4654,Northeast,2024-04-12
4655,Customer 4655,West,2025-07-10
4656,Customer 4656,Southwest,2025-04-03
4657,Customer 4657,Midwest,2026-02-22
4658,Customer 4658,Southeast,2024-09-08
4659,Customer 4659,Midwest,2025-03-09
4660,Customer 4660,Midwest,2024-09-06
4661,Customer 4661,Southeast,2026-02-14
4662,Customer 4662,West,2024-02-03
4663,Customer 4663,West,2024-03-20
4664,Customer 4664,Southwest,2026-04-18
4665,Customer 4665,Southeast,2026-03-23
4666,Customer 4666,Midwest,2026-08-21
4667,Customer 4667,Northeast,
4668,Customer 4668,Southeast,2026-02-16
4669,Customer 4669,West,2025-06-11
4670,Customer 4670,Southwest,
4671,Customer 4671,Southwest,2025-03-19
4672,Customer 4672,Northeast,2024-03-16
4673,Customer 4673,Southwest,2025-04-02
4674,Customer 4674,Southeast,2024-08-08
4675,Customer 4675,Southwest,2024-09-22
4676,Customer 4676,Northeast,2024-12-21
4677,Customer 4677,Southwest,2026-01-30
4678,Customer 4678,Midwest,2026-08-06
4679,Customer 4679,Southwest,2026-08-22
4680,Customer 4680,Northeast,2025-07-05
4681,Customer 4681,Northeast,2024-10-14
4682,Customer 4682,Southeast,2025-12-26
4683,Customer 4683,Southwest,2026-07-27
4684,Customer 4684,Midwest,2025-07-19
4685,Customer 4685,Midwest,2026-05-24
4686,Customer 4686,Southwest,2024-06-07
4687,Customer 4687,Southwest,2025-09-01
4688,Customer 4688,Northeast,2025-09-02
4689,Customer 4689,West,2025-04-19
4690,Customer 4690,Midwest,2024-10-18
4691,Customer 4691,Southeast,2025-11-15
4692,Customer 4692,Midwest,2025-03-13
4693,Customer 4693,Southeast,2024-01-21
4694,Customer 4694,Midwest,
4695,Customer 4695,Southwest,2025-10-06
4696,Customer 4696,West,2025-11-17
4697,Customer 4697,Northeast,2025-11-06
4698,Customer 4698,Northeast,2025-09-12
4699,Customer 4699,Midwest,2024-05-02
4700,Customer 4700,Northeast,2026-04-29
4701,Customer 4701,West,2026-07-01
4702,Customer 4702,Midwest,2025-09-15
4703,Customer 4703,Midwest,2025-10-30
4704,Customer 4704,Southwest,2026-05-17
4705,Customer 4705,Midwest,2025-08-10
4706,Customer 4706,Midwest,2024-11-12
4707,Customer 4707,West,2024-03-18
4708,Customer 4708,Midwest,2025-10-18
4709,Customer 4709,Southwest,
4710,Customer 4710,Southwest,2024-06-24
4711,Customer 4711,West,2025-10-16
4712,Customer 4712,Southeast,2024-07-19
4713,Customer 4713,Northeast,2025-07-05
4714,Customer 4714,Southeast,2025-10-02
4715,Customer 4715,Northeast,2024-04-16
4716,Customer 4716,West,2024-12-15
4717,Customer 4717,Southwest,2024-10-21
4718,Customer 4718,Northeast,2026-01-24
4719,Customer 4719,Southwest,2025-05-02
4720,Customer 4720,West,
4721,Customer 4721,West,2026-05-15
4722,Customer 4722,Southwest,2025-11-14
4723,Customer 4723,Midwest,2026-08-19
4724,Customer 4724,Southeast,2025-04-04
4725,Customer 4725,Southwest,2024-01-13
4726,Customer 4726,Midwest,2025-12-12
4727,Customer 4727,Northeast,2024-02-03
4728,Customer 4728,West,2025-10-10
4729,Customer 4729,Southeast,2024-06-12
4730,Customer 4730,West,2026-05-01
4731,Customer 4731,Southwest,2024-01-30
4732,Customer 4732,West,2024-11-17
4733,Customer 4733,Southeast,2026-04-12
4734,Customer 4734,Southeast,
4735,Customer 4735,West,2024-06-24
4736,Customer 4736,Southeast,2026-04-24
4737,Customer 4737,Southeast,2026-04-25
4738,Customer 4738,Southeast,2025-11-11
4739,Customer 4739,Southwest,2024-11-19
4740,Customer 4740,Northeast,2024-11-30
4741,Customer 4741,Southeast,2024-02-20
4742,Customer 4742,Northeast,2024-05-24
4743,Customer 4743,West,2024-01-06
4744,Customer 4744,Northeast,2025-03-31
4745,Customer 4745,Southwest,2026-06-12
4746,Customer 4746,Midwest,2025-04-09
4747,Customer 4747,Midwest,
4748,Customer 4748,West,2025-01-10
4749,Customer 4749,West,2026-06-17
4750,Customer 4750,West,
4751,Customer 4751,Southeast,2026-04-24
4752,Customer 4752,Southeast,2024-03-26
4753,Customer 4753,Northeast,2024-01-14
4754,Customer 4754,Southeast,2025-08-20
4755,Customer 4755,Southwest,2025-03-12
4756,Customer 4756,Southeast,2025-08-22
4757,Customer 4757,Northeast,2024-03-22
4758,Customer 4758,Southeast,
4759,Customer 4759,West,2026-03-18
4760,Customer 4760,Midwest,2024-06-22
4761,Customer 4761,Midwest,2025-12-01
4762,Customer 4762,Northeast,2024-08-12
4763,Customer 4763,Southwest,2026-07-05
4764,Customer 4764,Northeast,2026-06-21
4765,Customer 4765,Midwest,2026-01-23
4766,Customer 4766,Southeast,2024-12-29
4767,Customer 4767,Midwest,2024-02-25
4768,Customer 4768,Northeast,2024-05-30
4769,Customer 4769,Southwest,2025-01-27
4770,Customer 4770,Southwest,2026-07-21
4771,Customer 4771,Midwest,2025-10-19
4772,Customer 4772,West,2026-07-11
4773,Customer 4773,Southeast,2026-08-17
4774,Customer 4774,Southwest,2024-03-09
4775,Customer 4775,Southeast,2024-02-18
4776,Customer 4776,Southwest,2025-11-25
4777,Customer 4777,Northeast,2025-12-14
4778,Customer 4778,Northeast,2024-09-01
4779,Customer 4779,Southwest,2026-08-09
4780,Customer 4780,Southeast,2025-04-20
4781,Customer 4781,Northeast,2024-09-14
4782,Customer 4782,Southwest,2024-02-29
4783,Customer 4783,West,2026-04-29
4784,Customer 4784,Southeast,2025-10-14
4785,Customer 4785,Southwest,2025-08-16
4786,Customer 4786,Southeast,2026-02-27
4787,Customer 4787,West,2024-06-03
4788,Customer 4788,Northeast,2026-01-05
4789,Customer 4789,Southeast,2024-04-26
4790,Customer 4790,Midwest,2024-08-01
4791,Customer 4791,Southeast,2024-05-09
4792,Customer 4792,Northeast,2026-07-16
4793,Customer 4793,West,2024-01-07
4794,Customer 4794,West,2024-09-10
4795,Customer 4795,West,2025-05-09
4796,Customer 4796,Midwest,2025-01-18
4797,Customer 4797,Midwest,2024-02-27
4798,Customer 4798,Southwest,2025-01-22
4799,Customer 4799,Southwest,2024-03-06
4800,Customer 4800,Southeast,2025-07-03
4801,Customer 4801,Northeast,2025-03-17
4802,Customer 4802,West,2025-09-26
4803,Customer 4803,West,2024-02-05
4804,Customer 4804,West,2026-01-01
4805,Customer 4805,Southwest,2025-04-25
4806,Customer 4806,Northeast,2026-03-21
4807,Customer 4807,Southeast,2026-03-23
4808,Customer 4808,Northeast,2026-07-14
4809,Customer 4809,West,2024-01-15
4810,Customer 4810,Southeast,2024-08-21
4811,Customer 4811,Southeast,2025-06-20
4812,Customer 4812,Midwest,2025-06-23
4813,Customer 4813,Southwest,2024-12-24
4814,Customer 4814,Midwest,2026-06-26
4815,Customer 4815,Northeast,2025-11-30
4816,Customer 4816,Northeast,2026-01-28
4817,Customer 4817,Midwest,2024-09-13
4818,Customer 4818,West,2026-03-14
4819,Customer 4819,Southwest,2024-03-18
4820,Customer 4820,Northeast,2024-08-12
4821,Customer 4821,Northeast,2025-08-31
4822,Customer 4822,West,2025-01-30
4823,Customer 4823,West,2025-06-08
4824,Customer 4824,Midwest,2026-06-14
4825,Customer 4825,Southeast,2025-12-27
4826,Customer 4826,Southeast,2026-01-18
4827,Customer 4827,Southwest,2026-03-29
4828,Customer 4828,Southeast,2024-10-13
4829,Customer 4829,Northeast,2024-10-09
4830,Customer 4830,Southeast,2025-09-17
4831,Customer 4831,West,2025-01-24
4832,Customer 4832,Midwest,2025-07-02
4833,Customer 4833,Southeast,2025-04-30
4834,Customer 4834,West,2024-12-19
4835,Customer 4835,Northeast,2025-12-18
4836,Customer 4836,Southeast,2026-01-26
4837,Customer 4837,Midwest,2025-10-18
4838,Customer 4838,Northeast,2025-05-25
4839,Customer 4839,Southeast,2026-05-12
4840,Customer 4840,Southwest,
4841,Customer 4841,Northeast,2024-05-06
4842,Customer 4842,Southwest,2025-10-28
4843,Customer 4843,Northeast,
4844,Customer 4844,Northeast,2025-08-04
4845,Customer 4845,Southeast,2026-05-05
4846,Customer 4846,Southwest,2026-06-04
4847,Customer 4847,Southwest,2026-08-09
4848,Customer 4848,Southwest,2025-03-26
4849,Customer 4849,West,2025-09-28
4850,Customer 4850,Southwest,2026-06-10
4851,Customer 4851,Midwest,2024-11-12
4852,Customer 4852,Midwest,2025-05-07
4853,Customer 4853,West,2024-01-19
4854,Customer 4854,Midwest,2024-06-25
4855,Customer 4855,West,2025-05-10
4856,Customer 4856,West,2025-08-04
4857,Customer 4857,Southwest,2025-07-29
4858,Customer 4858,West,2025-04-20
4859,Customer 4859,Southwest,2024-01-22
4860,Customer 4860,Southwest,2026-07-02
4861,Customer 4861,Midwest,2024-12-09
4862,Customer 4862,Southeast,2025-02-18
4863,Customer 4863,Southeast,2024-11-18
4864,Customer 4864,Northeast,2025-10-19
4865,Customer 4865,Southeast,2024-06-24
4866,Customer 4866,Southwest,2025-05-13
4867,Customer 4867,Northeast,2024-10-16
4868,Customer 4868,Southwest,2026-07-27
4869,Customer 4869,Northeast,2025-04-12
4870,Customer 4870,Midwest,2024-06-26
4871,Customer 4871,Northeast,2024-12-12
4872,Customer 4872,Southwest,
4873,Customer 4873,Midwest,2025-10-20
4874,Customer 4874,Midwest,2026-07-29
4875,Customer 4875,Southeast,2025-07-27
4876,Customer 4876,Midwest,2025-06-07
4877,Customer 4877,Midwest,2026-04-12
4878,Customer 4878,West,2025-01-07
4879,Customer 4879,Northeast,
4880,Customer 4880,Southeast,2026-06-29
4881,Customer 4881,Northeast,2024-06-19
4882,Customer 4882,Southeast,2024-03-25
4883,Customer 4883,Midwest,2024-02-22
4884,Customer 4884,Southeast,2024-05-16
4885,Customer 4885,Northeast,2025-07-25
4886,Customer 4886,Southwest,2024-09-26
4887,Customer 4887,Northeast,2025-03-24
4888,Customer 4888,West,2026-02-06
4889,Customer 4889,Southwest,2026-06-18
4890,Customer 4890,Southwest,2024-10-09
4891,Customer 4891,Northeast,2025-05-07
4892,Customer 4892,Midwest,2025-04-30
4893,Customer 4893,Southwest,2024-02-21
4894,Customer 4894,West,2025-12-06
4895,Customer 4895,West,2025-08-22
4896,Customer 4896,Southwest,2025-12-02
4897,Customer 4897,Southeast,2024-01-07
4898,Customer 4898,West,2026-04-10
4899,Customer 4899,Midwest,2025-06-11
4900,Customer 4900,Northeast,2026-01-02
4901,Customer 4901,Southwest,2025-09-15
4902,Customer 4902,West,2024-01-18
4903,Customer 4903,Southwest,2024-01-29
4904,Customer 4904,Northeast,2024-01-20
4905,Customer 4905,West,2026-07-03
4906,Customer 4906,Midwest,2025-08-11
4907,Customer 4907,Midwest,2025-05-05
4908,Customer 4908,Northeast,2024-07-27
4909,Customer 4909,Northeast,2024-05-12
4910,Customer 4910,West,2025-08-20
4911,Customer 4911,Southeast,2026-05-22
4912,Customer 4912,Southwest,2026-06-14
4913,Customer 4913,Northeast,2026-05-07
4914,Customer 4914,Southwest,2025-06-17
4915,Customer 4915,Southeast,2024-11-23
4916,Customer 4916,Northeast,2025-10-03
4917,Customer 4917,Northeast,2026-07-08
4918,Customer 4918,Southwest,2024-12-07
4919,Customer 4919,Southeast,2025-03-10
4920,Customer 4920,Northeast,2026-08-25
4921,Customer 4921,Southeast,
4922,Customer 4922,West,2025-10-17
4923,Customer 4923,Southwest,2026-02-04
4924,Customer 4924,Southwest,2026-03-22
4925,Customer 4925,Midwest,2025-10-26
4926,Customer 4926,West,2025-02-24
4927,Customer 4927,Southeast,2024-09-03
4928,Customer 4928,West,2024-05-25
4929,Customer 4929,Southeast,2026-05-27
4930,Customer 4930,West,2025-06-06
4931,Customer 4931,Southwest,2026-01-27
4932,Customer 4932,Northeast,2024-03-19
4933,Customer 4933,Midwest,2025-12-20
4934,Customer 4934,Northeast,2024-10-31
4935,Customer 4935,Northeast,
4936,Customer 4936,Southeast,2025-05-18
4937,Customer 4937,West,2024-08-07
4938,Customer 4938,Southeast,2026-08-16
4939,Customer 4939,West,2026-04-13
4940,Customer 4940,Southeast,2026-05-07
4941,Customer 4941,West,
4942,Customer 4942,Southeast,2024-03-02
4943,Customer 4943,West,2024-05-04
4944,Customer 4944,West,2026-08-06
4945,Customer 4945,Northeast,2024-04-08
4946,Customer 4946,Northeast,2024-10-15
4947,Customer 4947,Midwest,2024-08-13
4948,Customer 4948,Midwest,2025-12-29
4949,Customer 4949,Midwest,2025-10-13
4950,Customer 4950,Northeast,2026-05-18
4951,Customer 4951,Southeast,2026-06-30
4952,Customer 4952,West,2025-04-17
4953,Customer 4953,West,2024-04-18
4954,Customer 4954,Southwest,2024-08-24
4955,Customer 4955,Northeast,2026-01-01
4956,Customer 4956,Midwest,2024-01-13
4957,Customer 4957,West,2026-05-03
4958,Customer 4958,West,2025-08-31
4959,Customer 4959,Northeast,2025-09-13
4960,Customer 4960,Southwest,2026-05-03
4961,Customer 4961,Midwest,2024-12-17
4962,Customer 4962,Northeast,2026-06-27
4963,Customer 4963,Midwest,2026-02-04
4964,Customer 4964,Northeast,2025-06-05
4965,Customer 4965,Southeast,2026-05-27
4966,Customer 4966,Midwest,2025-08-31
4967,Customer 4967,Southwest,2024-10-31
4968,Customer 4968,Southeast,2024-01-05
4969,Customer 4969,Southeast,2026-07-06
4970,Customer 4970,Midwest,2024-07-03
4971,Customer 4971,West,2024-02-06
4972,Customer 4972,West,
4973,Customer 4973,West,2025-06-20
4974,Customer 4974,Southeast,2024-10-27
4975,Customer 4975,Midwest,2026-08-14
4976,Customer 4976,Northeast,2024-05-15
4977,Customer 4977,Southeast,2025-11-06
4978,Customer 4978,West,2024-12-16
4979,Customer 4979,Northeast,2024-10-25
4980,Customer 4980,West,2025-08-20
4981,Customer 4981,Northeast,
4982,Customer 4982,Southeast,2026-01-04
4983,Customer 4983,Midwest,2025-02-08
4984,Customer 4984,West,2026-02-27
4985,Customer 4985,West,2026-03-15
4986,Customer 4986,Southwest,2024-10-25
4987,Customer 4987,West,2024-08-04
4988,Customer 4988,Northeast,2025-05-29
4989,Customer 4989,Northeast,2025-12-18
4990,Customer 4990,Northeast,2025-09-09
4991,Customer 4991,Southwest,2024-05-31
4992,Customer 4992,West,2024-11-05
4993,Customer 4993,Southeast,2025-11-25
4994,Customer 4994,Midwest,2024-02-29
4995,Customer 4995,Midwest,2024-07-14
4996,Customer 4996,Northeast,
4997,Customer 4997,Southwest,
4998,Customer 4998,Southeast,2025-07-18
4999,Customer 4999,Southwest,2026-04-27
5000,Customer 5000,Northeast,2024-01-21
